report_time,open_interest_all,dealer_positions_long_all,dealer_positions_short_all,asset_mgr_positions_long,asset_mgr_positions_short,lev_money_positions_long,lev_money_positions_short,other_rept_positions_long,other_rept_positions_short,nonrept_positions_long_all,nonrept_positions_short_all
1523318400000,1702,0,0,122,0,902,1108,53,207,599,361
1523923200000,2029,0,0,122,0,1053,1313,130,332,682,342
1524528000000,2380,0,0,105,0,1194,1682,198,336,829,308
1525132800000,1991,0,0,0,0,1198,1348,177,283,589,333
1525737600000,2485,0,0,0,0,1284,1707,391,368,790,390
1526342400000,2505,0,0,0,29,1338,1657,337,366,804,427
1526947200000,2684,0,0,0,29,1323,1872,462,327,849,406
1527552000000,2714,0,0,38,25,1172,1812,486,416,960,403
1528156800000,2556,0,0,47,29,1126,1845,540,305,816,350
1528761600000,2643,29,0,0,108,1349,1634,427,440,819,442
1529366400000,2633,29,0,52,59,1478,1414,159,590,804,459
1529971200000,2687,29,0,0,111,1508,1505,171,515,839,416
1530576000000,2514,0,0,44,84,1198,1639,438,366,786,377
1531180800000,2622,0,0,0,119,1412,1652,396,368,701,370
1531785600000,2854,0,0,25,89,1469,1990,493,332,784,360
1532390400000,3431,30,0,44,164,1353,2313,868,392,931,357
1532995200000,3063,0,0,0,209,1722,1969,259,340,815,278
1533600000000,2732,0,0,0,143,1481,1454,135,470,800,349
1534204800000,2983,0,0,0,215,2065,1766,138,521,705,406
1534809600000,2981,0,0,0,191,2104,1838,85,515,711,356
1535414400000,2840,0,0,67,170,1688,1745,160,529,859,330
1536019200000,2707,0,0,99,140,1187,1657,576,532,820,353
1536624000000,2711,0,0,0,199,1630,1322,116,727,743,241
1537228800000,2742,0,0,0,140,1566,1382,90,654,858,338
1537833600000,2746,0,1,0,131,1412,1420,213,539,789,323
1538438400000,2354,0,40,26,125,1237,1342,327,566,741,258
1539043200000,2848,0,76,0,121,1643,1656,395,606,786,365
1539648000000,2730,0,76,54,108,1606,1620,302,556,704,306
1540252800000,3001,0,76,0,161,1659,1400,211,531,665,367
1540857600000,2608,0,0,0,238,1789,1511,184,451,553,326
1541462400000,2913,0,0,72,108,1877,1965,299,552,665,288
1542067200000,3530,31,0,0,250,2462,2353,399,619,637,307
1542672000000,3729,0,0,0,166,2152,1912,315,672,663,380
1543276800000,3791,0,0,0,238,2416,2089,261,674,734,410
1543881600000,3301,0,0,34,123,2409,2317,195,465,585,318
1544486400000,3970,0,0,27,256,2905,2699,159,545,751,342
1545091200000,4359,0,0,138,110,3091,3213,178,605,800,279
1545609600000,3857,0,0,101,140,2690,2577,160,673,720,281
1546214400000,3708,49,0,80,140,2452,2389,105,674,795,278
1546905600000,3764,0,0,165,140,2610,2648,201,602,720,306
1547510400000,4473,0,1,27,337,3417,2923,110,608,706,391
1548115200000,4976,0,1,27,344,3341,2863,111,610,683,344
1548720000000,4047,0,97,30,360,2760,2572,227,347,689,330
1549324800000,3881,0,97,32,291,2532,2429,245,354,695,333
1549929600000,3361,0,97,134,205,1697,2090,510,462,762,249
1550534400000,3964,0,97,170,165,1834,2259,704,761,858,284
1551139200000,3324,0,124,54,283,1575,1885,739,624,824,276
1551744000000,3226,0,124,33,228,1347,1812,823,559,858,338
1552348800000,3480,0,124,97,195,1459,2257,751,343,842,230
1552953600000,3681,0,124,156,177,1460,2528,767,285,1003,272
1553558400000,3428,0,124,35,241,1238,2105,687,88,930,332
1554163200000,4000,0,158,315,89,1517,2598,598,440,1099,244
1554768000000,4443,0,158,244,80,1968,2714,634,804,1176,266
1555372800000,4324,0,158,163,201,2272,2541,532,975,1164,256
1555977600000,4313,0,158,245,132,2025,2458,501,1173,1386,236
1556582400000,3817,0,123,254,72,1789,2375,458,942,1218,207
1557187200000,4388,0,123,286,0,1941,2692,719,1216,1334,249
1557792000000,4447,0,123,199,0,2289,2455,317,1218,1353,362
1558396800000,4650,0,123,223,0,2354,2498,268,1251,1421,394
1559001600000,5190,0,123,319,0,2709,2763,238,1577,1553,356
1559606400000,4436,0,0,300,56,2321,2698,213,1043,1391,428
1560211200000,4434,0,0,359,0,2073,3044,362,751,1360,359
1560816000000,5391,0,0,354,0,2564,2911,482,1621,1500,368
1561420800000,6021,0,0,310,0,3093,3246,490,1967,1737,417
1562025600000,5839,36,0,188,146,3253,3326,605,1812,1535,333
1562630400000,6075,57,0,249,109,3233,3730,625,1711,1730,344
1563235200000,5322,39,0,211,151,2566,3394,506,1157,1789,409
1563840000000,4928,40,0,102,111,2208,2799,682,1370,1712,464
1564444800000,4302,60,0,251,147,1843,2288,533,1280,1523,495
1565049600000,4692,0,0,260,224,1847,2264,713,1586,1800,546
1565654400000,4729,0,50,222,224,2002,2480,647,1346,1748,519
1566259200000,4485,0,50,266,224,1836,2209,463,1350,1696,428
1566864000000,4091,0,50,237,222,1739,2093,309,1131,1725,514
1567468800000,4493,31,50,324,163,1979,2467,421,1221,1584,438
1568073600000,4128,31,50,244,190,1692,2233,480,951,1428,451
1568678400000,4174,31,50,262,201,1688,2254,521,1093,1453,357
1569283200000,4178,72,50,42,100,1651,2510,488,687,1628,534
1569888000000,3348,59,0,70,31,1298,2063,374,572,1410,545
1570492800000,3335,59,0,140,138,1211,2048,395,526,1395,488
1571097600000,3444,59,0,210,149,1186,2031,370,511,1418,552
1571702400000,3093,59,0,163,31,950,1714,321,518,1384,614
1572307200000,3155,33,0,260,86,956,2016,569,445,1185,456
1572912000000,3520,32,0,188,149,1221,2345,595,457,1297,382
1573516800000,3091,32,0,99,143,912,2043,636,358,1274,409
1574121600000,3157,38,0,67,292,1059,1914,466,334,1402,492
1574726400000,3554,38,0,56,298,1155,1669,334,626,1669,659
1575331200000,2983,131,0,93,256,894,1257,307,638,1486,760
1575936000000,3232,131,0,56,285,1069,1766,310,396,1544,663
1576540800000,3840,134,0,38,444,1578,2446,295,331,1658,482
1577145600000,3541,137,0,133,283,1179,2256,276,514,1690,362
1577750400000,3186,137,0,159,437,1037,1840,366,451,1354,325
1578355200000,5400,66,42,338,331,2517,3661,464,786,1757,322
1578960000000,5405,66,46,272,300,2688,3339,342,1043,1774,414
1579564800000,5139,66,46,185,445,2304,3035,437,864,1802,404
1580169600000,4917,66,46,391,438,1747,2907,419,765,1967,434
1580774400000,4367,71,50,132,434,1436,3136,678,168,1851,380
1581379200000,6106,76,50,367,148,2237,4553,924,533,2112,432
1581984000000,6463,78,158,260,177,2452,5258,1576,181,1822,414
1582588800000,5632,71,178,164,189,1774,4511,1741,38,1593,427
1583193600000,4837,66,159,163,196,764,3454,1234,0,1989,407
1583798400000,4368,65,41,115,362,1421,3002,783,25,1490,444
1584403200000,4474,336,0,101,465,1869,2907,584,504,1481,495
1585008000000,3909,36,0,125,297,1136,2291,969,550,1503,631
1585612800000,3947,36,0,173,248,1489,2602,900,453,1259,554
1586217600000,5448,36,0,221,204,2452,3652,671,934,1765,355
1586822400000,5538,38,0,203,283,2260,3198,868,1394,1903,397
1587427200000,5648,38,0,218,316,2394,3026,759,1600,1973,440
1588032000000,6111,53,30,324,35,2024,3379,1233,1784,2011,417
1588636800000,7784,48,160,316,0,3312,4269,1330,2302,2071,346
1589241600000,9939,43,300,282,113,4923,6477,1389,2047,2645,345
1589846400000,10878,41,342,342,193,5458,6815,1535,2576,2896,346
1590451200000,8722,36,307,363,93,3880,4783,1755,2501,2286,636
1591056000000,8824,36,394,423,214,3684,5752,1806,1706,2597,480
1591660800000,9565,36,532,435,214,4203,6198,2175,1816,2473,562
1592265600000,8784,31,495,406,294,3776,5710,2169,1447,2193,629
1592870400000,9330,31,493,642,297,3847,6230,2120,1417,2308,511
1593475200000,7675,0,493,362,80,3079,5332,2255,1017,1874,648
1594080000000,8165,0,523,626,203,3262,5731,2132,1048,2060,575
1594684800000,8322,0,533,444,255,3573,5460,2306,1385,1896,586
1595289600000,9230,0,533,485,278,4122,6062,2217,1651,2277,577
1595894400000,13068,0,580,646,684,5982,7942,2292,2847,3685,552
1596499200000,12703,0,580,451,584,6312,7702,2131,3106,3514,436
1597104000000,13090,0,580,206,495,6444,7785,1943,2677,3428,484
1597708800000,14454,0,580,296,585,5760,8590,2776,2427,3885,535
1598313600000,11615,0,580,296,1,4839,6148,1957,2345,3197,1215
1598918400000,10617,0,540,745,182,4271,6842,1947,1775,2815,439
1599523200000,8198,0,229,256,35,2758,4661,1729,2028,2724,514
1600128000000,9383,0,0,717,12,2819,5224,1653,2766,3415,602
1600732800000,8426,0,0,285,12,2280,4480,1580,2062,3006,597
1601337600000,7324,0,0,525,28,2004,4730,1590,1482,2649,528
1601942400000,7511,0,0,703,64,2153,4854,1604,1747,2696,491
1602547200000,9353,0,0,702,0,3487,6314,1713,2063,2961,486
1603152000000,10896,0,0,874,0,4558,7741,1926,2320,3072,369
1603756800000,12665,0,285,770,0,5462,9010,2579,2578,3540,478
1604361600000,11278,0,661,800,0,4379,8007,2539,2030,3405,425
1604966400000,11311,0,732,832,7,5097,7881,2250,1803,2839,595
1605571200000,11509,0,732,845,4,5305,8097,1933,1663,3110,697
1606176000000,12336,0,643,668,0,5441,9864,2381,300,3104,787
1606780800000,11812,28,643,626,0,4509,9375,2442,460,3334,461
1607385600000,11750,316,643,544,11,4365,9354,2063,177,3403,506
1607990400000,11370,437,618,492,26,3946,8702,2027,84,3134,606
1608508800000,12603,525,618,573,30,4357,10320,2418,120,3878,663
1609200000000,10653,504,628,620,32,3679,8466,2123,245,3165,720
1609804800000,11296,436,663,793,32,3544,9058,2672,261,3343,774
1610409600000,12039,324,754,733,0,4107,9602,2522,373,3676,633
1611014400000,11945,413,709,639,123,3911,9119,2879,674,3529,746
1611619200000,10787,428,605,308,225,3605,7991,2424,364,3176,756
1612224000000,9469,422,446,308,357,3031,7224,2008,161,3070,651
1612828800000,11055,387,564,348,265,3149,8481,2822,64,3423,755
1613433600000,11426,368,564,338,339,3301,8750,3030,132,3508,760
1614038400000,10572,332,464,314,551,2633,7639,3650,259,2892,908
1614643200000,8068,376,137,323,643,1757,5563,2419,168,2465,829
1615248000000,8785,395,164,331,619,2055,6148,2573,186,2635,872
1615852800000,9335,468,203,357,516,2099,6756,2352,139,3055,717
1616457600000,9897,502,132,358,463,2606,7198,2608,315,2828,794
1617062400000,9322,493,243,354,534,2335,7144,2992,173,2596,676
1617667200000,9865,501,264,355,519,2481,7477,3105,174,2742,750
1618272000000,9653,556,311,366,340,2979,7634,2433,174,2820,695
1618876800000,8817,516,87,372,554,2616,6709,2173,268,2652,711
1619481600000,8429,489,41,369,869,1991,5464,2040,169,2685,1031
1620086400000,8306,500,93,370,994,2544,5507,2020,258,2286,868
1620691200000,8259,516,113,377,910,2327,5409,2152,271,2152,821
1621296000000,9160,572,96,356,1085,3302,6123,2402,302,1819,845
1621900800000,8893,381,132,404,651,2261,5748,2564,336,2071,814
1622505600000,7318,228,145,407,619,2081,4949,2144,269,1900,778
1623110400000,7566,235,181,382,739,2507,4964,1915,233,1903,825
1623715200000,7528,227,153,517,629,2603,5090,1604,199,1851,731
1624320000000,7914,255,145,419,739,2563,4927,1910,361,1913,888
1624924800000,6788,248,120,542,613,2291,4357,1389,180,1615,815
1625529600000,6889,280,117,504,497,2412,4603,1384,184,1603,782
1626134400000,7129,295,102,546,496,2696,4923,1484,226,1542,816
1626739200000,8283,341,120,560,602,3738,5724,1373,262,1564,868
1627344000000,7802,195,105,494,165,2800,4841,984,306,1692,748
1627948800000,6408,232,74,643,234,1969,4782,1571,169,1605,761
1628553600000,6769,281,51,629,275,1995,5113,1749,231,1774,758
1629158400000,7363,288,52,672,311,2292,5542,1845,239,1863,816
1629763200000,7515,252,110,695,311,2016,5302,1864,247,1923,780
1630368000000,6362,326,139,702,370,1810,4797,1586,247,1720,591
1630972800000,6659,302,161,621,378,1684,4990,1923,210,1850,641
1631577600000,6620,357,195,502,451,1780,4496,1612,210,1811,710
1632182400000,7348,360,145,519,471,1971,4939,1916,210,1845,846
1632787200000,7039,479,144,559,413,1338,4956,2642,210,1480,775
1633392000000,8886,503,533,487,399,1710,5994,3472,210,1758,794
1633996800000,10918,485,1010,696,320,2148,6863,4204,211,1751,880
1634601600000,13605,490,1264,839,354,2072,8317,4153,219,3868,1268
1635206400000,16671,530,1485,1794,514,3185,9423,2498,414,4810,981
1635811200000,13512,554,1429,4807,691,2957,8642,1471,218,1943,752
1636416000000,13821,586,1422,4980,750,2620,8676,1638,220,2071,827
1637020800000,13648,629,1176,5139,779,2236,8182,1280,268,2008,887
1637625600000,14357,617,1334,5395,750,2414,7063,1590,300,2094,2663
1638230400000,13197,587,1336,5726,702,2374,7811,1662,1494,1811,817
1638835200000,13242,479,1082,5826,718,1997,8095,1735,933,1668,877
1639440000000,13518,443,870,5759,778,2198,7824,1816,1259,1565,1050
1640044800000,12852,431,573,5630,751,1893,7571,1048,946,1755,916
1640649600000,12468,459,540,5554,859,2453,8104,697,426,1606,840
1641254400000,10563,463,401,5541,900,1451,6807,749,793,1498,801
1641859200000,10855,404,264,5419,968,1464,7159,1085,540,1441,882
1642464000000,11468,414,244,5417,1043,1496,7339,1445,717,1407,836
1643068800000,11756,300,288,5525,1004,1565,7612,1573,571,1469,957
1643673600000,9948,384,228,5536,703,1248,6716,1120,991,1232,882
1644278400000,9886,362,280,5856,655,1045,6361,864,1339,1474,966
1644883200000,10646,355,353,6118,718,1103,6396,1100,1637,1364,936
1645488000000,11007,335,317,6025,821,1365,7243,1098,981,1338,799
1646092800000,9980,306,294,5862,843,1036,6299,1098,1303,1198,761
1646697600000,9591,299,355,5893,925,906,6174,934,735,950,793
1647302400000,10198,281,328,5957,902,982,6512,1048,789,1029,766
1647907200000,11274,300,356,6289,816,1159,6807,1003,1253,1263,782
1648512000000,12024,354,1193,6812,614,1788,7133,1140,1836,1302,620
1649116800000,11374,345,1393,6674,635,1507,6702,722,1159,1322,681
1649721600000,10632,406,1127,6110,807,1374,6654,656,230,1058,786
1650326400000,11276,377,1124,6214,570,1194,6226,833,1067,1155,786
1650931200000,10709,364,872,6147,523,1714,6812,654,686,942,928
1651536000000,10051,353,722,5831,658,1496,6834,739,246,867,826
1652140800000,10841,283,802,5735,888,1863,7192,1135,220,989,903
1652745600000,11644,192,1062,5688,641,1413,7691,2465,433,1081,1012
1653350400000,11729,191,1335,5386,566,2116,7249,2171,682,1072,1104
1653955200000,10900,209,1688,5566,572,1102,6428,1962,251,1033,933
1654560000000,10990,215,1827,5857,856,1118,6173,1938,311,1063,1024
1655164800000,12242,253,1917,6371,1060,1344,6572,2090,395,1008,1122
1655769600000,13537,62,2010,6612,1012,1508,7167,2391,333,1048,1099
1656374400000,13707,153,2003,6526,1088,2478,7597,2095,426,890,1028
1656979200000,13258,96,2002,5914,961,2171,7408,2619,471,1058,1016
1657584000000,13505,137,2108,6096,1369,2264,7149,2044,287,1247,875
1658188800000,14512,132,2178,6247,1211,2800,8296,2209,275,1360,788
1658793600000,14957,126,2239,6580,1138,2184,6814,1337,275,1160,921
1659398400000,12849,94,2153,7082,957,2233,7094,1085,627,1085,748
1660003200000,12510,106,1937,7153,935,2029,6556,445,606,1034,733
1660608000000,12423,113,1819,7129,983,1673,6270,619,815,1202,849
1661212800000,13302,59,1968,6368,1144,2804,7502,1597,449,1141,906
1661817600000,14440,173,2048,5823,1410,3928,7908,1928,517,996,965
1662422400000,15337,200,2110,5402,1899,4538,8072,2666,704,956,977
1663027200000,13089,100,2162,5653,1394,3420,7045,1641,407,944,750
1663632000000,13880,108,2502,5488,1431,3390,7241,2416,463,1107,872
1664236800000,14271,105,2574,5666,1151,3472,7962,2717,470,1061,864
1664841600000,14230,124,2487,6028,1117,2682,8175,2985,493,1291,838
1665446400000,15756,246,2553,5902,1486,3722,8172,2867,746,1007,787
1666051200000,14228,258,2568,5992,1158,2091,7219,2489,528,1404,761
1666656000000,14854,237,2330,6309,847,3525,7875,1239,615,1176,819
1667260800000,12183,222,2453,6397,1042,2304,5873,450,473,1218,750
1667865600000,14439,224,2640,6265,1434,3998,7038,962,768,1269,838
1668470400000,17901,415,2608,5706,1416,5365,9052,2736,1489,1231,888
1669075200000,18354,340,3017,5459,1322,5743,8672,2761,1595,1405,1102
1669680000000,16832,271,3095,5606,1369,4842,8606,3191,1296,1236,780
1670284800000,15769,171,3130,6303,1278,4197,7707,2286,1343,1365,864
1670889600000,13989,101,3490,6455,968,4176,5677,337,1383,1329,880
1671494400000,14563,272,3754,6006,875,3962,5692,1174,1571,1319,841
1672099200000,16028,272,3659,5941,969,4768,6690,1423,1432,1291,945
1672704000000,14530,300,3643,5766,923,4453,5650,1297,1789,1103,914
1673308800000,14891,306,3576,6212,880,5217,6612,701,1991,1339,716
1673913600000,15885,203,3622,7027,306,5291,6490,769,3162,1440,1150
1674518400000,17390,304,4346,7671,63,5605,7642,769,2823,1467,942
1675123200000,17542,292,5797,8149,58,5683,7201,766,2713,1635,756
1675728000000,16843,303,5827,7721,28,5274,6690,796,2160,1444,833
1676332800000,15158,356,5298,7187,72,4207,6159,782,1421,1268,850
1676937600000,16501,348,5345,7406,70,4614,6405,624,1546,1398,1024
1677542400000,15161,369,5140,7047,240,4527,6106,682,1452,1232,919
1678147200000,12821,414,4185,6470,362,2346,5259,1161,696,1090,979
1678752000000,13472,305,3881,5924,318,2551,6047,2030,949,1248,863
1679356800000,14049,292,3299,6899,243,3484,7746,605,716,1450,726
1679961600000,14409,285,3767,6428,220,4147,7217,546,749,1449,902
1680566400000,13380,321,3714,6450,170,3327,6656,616,972,1458,660
1681171200000,15977,508,4146,7376,82,4637,8136,546,1452,1542,793
1681776000000,15385,493,3998,7041,249,4053,7737,557,825,1368,703
1682380800000,14064,458,3045,6406,256,2249,6625,811,587,1364,775
1682985600000,12521,554,2825,6582,363,2280,6596,540,823,1259,608
1683590400000,13102,556,2483,6511,229,2752,7634,399,580,1334,626
1684195200000,13043,558,2469,6349,169,2337,7062,953,949,1334,882
1684800000000,13043,546,2437,6373,180,2184,7078,1189,949,1207,855
1685404800000,11715,497,2555,6478,184,1865,6639,416,315,1178,741
1686009600000,13026,567,2205,6198,368,2397,7625,1126,517,1172,745
1686614400000,13251,584,2166,6045,327,1859,7634,1718,523,1168,724
1687219200000,15687,555,3008,6540,261,3308,9079,1726,311,1259,729
1687824000000,18829,536,4473,7603,70,6145,10411,324,758,1780,676
1688342400000,17008,556,4081,8311,70,5356,10464,321,873,1568,624
1689033600000,16302,777,4140,8243,152,4189,9931,453,490,1535,484
1689638400000,15455,627,4177,8958,113,2487,8830,493,410,1657,692
1690243200000,16017,658,4037,8616,113,2440,8844,644,187,1503,680
1690848000000,14860,583,3480,8220,121,2311,8957,1169,350,1226,601
1691452800000,16743,587,4372,8748,50,3637,10164,1092,171,1250,557
1692057600000,15432,614,4359,8471,0,2131,8694,1364,225,1299,601
1692662400000,17262,599,3066,7633,582,2771,10163,2556,162,1171,757
1693267200000,16172,565,2785,7758,936,2483,10012,2517,164,1277,703
1693872000000,14962,520,2077,7624,1539,1670,8755,2224,162,1218,723
1694476800000,15423,530,1679,7295,1291,1660,9221,2509,114,1134,823
1695081600000,16670,620,2111,7392,850,2204,10304,2763,114,1191,791
1695686400000,14844,433,1859,7168,1093,1594,8220,1852,114,1200,961
1696291200000,14447,427,2898,7336,623,2373,8565,1941,410,1195,776
1696896000000,14683,429,2600,7402,517,1946,9114,2096,153,1286,775
1697500800000,16561,407,2823,7344,127,2576,10429,2567,183,1341,673
1698105600000,19678,509,3596,8383,25,3536,11489,3021,1231,1617,725
1698710400000,19603,683,4757,9181,0,4780,11822,2450,1358,1468,625
1699315200000,21749,798,5355,10268,0,4782,12188,2836,2024,1580,697
1699920000000,21203,834,5539,10886,0,3958,10635,1347,1714,1609,746
1700524800000,21939,850,6226,10973,34,3780,11322,2701,1153,1664,1233
1701129600000,23027,676,6408,11448,0,4479,13303,3720,1565,1688,735
1701734400000,23035,647,6439,11735,0,4390,12535,3030,1691,1641,778
1702339200000,21211,734,6292,11469,0,3435,11606,1760,379,1654,775
1702944000000,23239,870,6399,11606,0,3187,12415,2625,520,2589,1543
1703548800000,22526,976,5841,11862,0,2818,12649,2162,538,2145,935
1704153600000,23579,882,5867,12724,0,3317,13616,2977,1404,1684,697
1704758400000,26846,906,6261,14339,0,3579,14998,3484,1888,1561,722
1705363200000,23286,1921,5039,12824,15,3578,13413,613,1488,1747,728
1705968000000,22815,1588,4017,12427,42,2972,11328,288,2662,1613,839
1706572800000,20679,1575,4784,12793,0,2642,12123,762,1646,1435,654
1707177600000,20897,1675,4957,12290,0,2938,12252,614,1074,1591,825
1707782400000,24769,1923,5462,13220,0,3935,14059,1560,1886,1725,956
1708387200000,25530,1941,5606,13724,34,4400,14677,1380,2024,1724,828
1708992000000,25229,1956,5454,14065,311,4141,15037,1631,1998,1726,719
1709596800000,27747,2501,5169,15924,393,4650,17059,770,2116,1705,813
1710201600000,30398,2835,4893,18936,464,3813,19287,879,2754,1800,865
1710806400000,33196,2723,4948,18097,524,5548,19917,895,2717,1663,820
1711411200000,31238,2967,4679,19284,588,3629,19731,827,2675,1823,857
1712016000000,29745,2285,4281,19477,548,3232,19313,821,2521,1619,771
1712620800000,29074,1761,4354,19547,508,2994,19010,807,2228,1699,708
1713225600000,29526,1703,4395,18898,632,2653,17836,598,1665,1532,856
1713830400000,27932,1460,4139,19010,517,2566,19059,701,679,1525,868
1714435200000,24795,1506,3461,16882,421,2061,16525,411,977,1461,937
1715040000000,26155,1330,3810,17255,476,1899,17120,1435,1162,1588,939
1715644800000,27077,1326,3476,16904,518,1833,17479,2057,1245,1519,921
1716249600000,30694,1254,4164,18734,706,2332,19154,2098,1162,1586,818
1716854400000,30255,1277,3924,18594,773,2140,19191,1919,946,1763,859
1717459200000,31086,1245,3974,18527,636,3326,21276,2844,809,1601,848
1718064000000,30503,1259,3830,18482,591,2402,20045,2396,762,1632,943
1718668800000,30627,1214,3799,17911,654,2477,19548,2537,636,1539,1041
1719273600000,30171,1187,3790,17398,493,1655,18592,2783,531,1499,1116
1719878400000,27063,1151,3690,17291,493,1251,18022,2663,551,1347,947
1720483200000,28241,1052,3795,17695,563,1152,18928,3882,701,1363,1157
1721088000000,31183,1141,3892,19999,656,1636,20439,2963,1150,1463,1065
1721692800000,32435,1206,3812,20438,636,1868,20542,2093,1094,1598,1119
1722297600000,28605,1092,4247,19767,643,2700,20293,1670,721,1467,792
1722902400000,27535,977,4272,17710,629,1882,19127,3900,622,1164,983
1723507200000,27874,868,4249,18608,598,2203,19491,3000,622,1148,867
1724112000000,29630,940,4278,18784,620,1905,19036,2997,918,1215,989
1724716800000,29817,1152,4603,19303,604,2365,20297,3180,794,1308,1010
1725321600000,26859,1200,4188,17664,371,2184,18876,3207,1063,1067,824
1725926400000,28157,1005,3807,18196,367,1748,18886,2926,1083,1225,957
1726531200000,30995,1014,3760,11674,416,1914,19963,10213,1053,1238,861
1727136000000,30542,1040,3833,9233,365,1985,20623,13060,950,1433,980
1727740800000,28539,1061,4200,9163,359,2690,20031,12237,792,1150,919
1728345600000,29382,1202,4234,9632,359,1980,20828,13007,810,1250,840
1728950400000,34494,11766,4400,10112,540,2795,23179,3786,746,1405,999
1729555200000,33562,11972,4402,9535,528,3054,23303,3933,792,1518,987
1730160000000,33787,12506,4409,10072,546,3745,24660,3487,822,1441,814
1730764800000,32011,12401,4350,9865,598,3484,22738,2214,808,1443,913
1731369600000,38531,14935,4966,11083,947,4830,25189,1579,1972,1604,957
1731974400000,41203,14936,5097,11393,947,4914,25022,1628,2595,1833,1043
1732579200000,40510,13795,5204,11119,960,5300,24505,1282,1517,1667,977
1733184000000,37021,14397,4705,11038,922,4094,25749,2584,1292,1600,1045
1733788800000,37588,14698,4747,10889,828,4657,25643,2254,1764,1627,1143
1734393600000,42524,16088,4682,11452,854,3653,26850,3148,2267,1639,1327
1734998400000,37125,15216,3993,10767,781,4140,25242,1556,1938,1336,1061
1735603200000,33893,14154,2988,10520,750,3771,23835,897,2132,1326,963
1736208000000,35079,14648,3469,10244,705,4035,25239,1336,1068,1347,1129
1736812800000,35471,14359,3600,10346,527,3877,25213,1567,994,1304,1119
1737417600000,38556,15435,3808,11151,512,2596,25465,1321,986,1486,1218
1738022400000,34317,14591,3167,10212,675,3497,25715,1708,759,1661,1353
1738627200000,32892,14123,3208,9863,616,3542,24540,1501,797,1329,1197
1739232000000,32949,13785,3316,9494,686,3361,23444,1477,731,1447,1387
1739836800000,33833,13667,3250,9175,832,4032,23814,1657,861,1519,1293
1740441600000,32060,12226,2474,8737,512,3849,23048,1907,742,1480,1423
1741046400000,28209,11694,2780,8324,433,2809,21286,2383,613,1186,1284
1741651200000,28545,11145,2803,7930,596,2547,20818,3433,610,1114,1342
1742256000000,30213,10537,3058,7653,693,3381,21349,4241,618,1298,1392
1742860800000,29036,11044,3228,8235,644,1825,20637,4060,626,1207,1236
1743465600000,27069,10410,3687,7991,599,1963,19104,3793,582,1077,1262
1744070400000,26909,9337,4464,7378,728,2883,16828,3333,476,985,1420
1744675200000,27126,9966,4414,7300,559,888,15328,2991,526,1017,1335
1745280000000,28202,10821,4540,8105,904,1983,18186,3160,633,1253,1059
1745884800000,26966,11110,4826,8128,509,2162,18060,2315,636,1307,991
1746489600000,27971,10710,4670,7805,423,3156,19432,3247,633,1360,1120
1747094400000,29070,11319,4845,8623,451,3043,17182,2453,2239,1276,1997
1747699200000,32033,11892,4747,8943,439,3128,17839,2297,3495,1466,1206
1748304000000,31964,12439,4594,9148,414,3525,18786,1650,3470,1554,1052
1748908800000,29758,12040,4674,8591,449,4040,18484,1820,3247,1341,978
1749513600000,30261,11925,4708,8737,525,3649,18785,2667,3228,1529,1261
1750118400000,30860,11360,4027,8675,551,3782,18800,2439,3200,1500,1178
1750723200000,31352,11329,3988,8747,516,3429,19112,2868,3226,1497,1028
1751328000000,29388,10627,4194,8519,549,3712,18353,3015,3231,1338,884
1751932800000,29591,10805,4252,8955,516,3940,18764,2520,3244,1483,927
1752537600000,31309,11046,3795,9199,465,5258,19605,1039,3236,1629,1070
1753142400000,30797,11105,2894,9131,458,4724,19707,1101,3607,1710,1105
1753747200000,28068,10763,2165,9003,455,3776,19584,1409,3225,1467,989
1754352000000,27561,9679,2278,8379,420,4889,18987,1656,3224,1460,1154
1754956800000,27851,9998,1912,8858,420,4120,19736,1699,3231,1624,1000
1755561600000,28971,9521,1926,8401,439,4322,19148,1980,3153,1493,1051
1756166400000,27481,9670,1727,8397,441,3581,18587,2187,3172,1382,1290
1756771200000,26684,9432,1984,8709,510,2848,18170,2631,3209,1189,936
1757376000000,26930,9458,2301,8560,714,3754,18505,2384,3048,1263,851
1757980800000,28844,9976,2326,9038,771,2958,19327,2967,2948,1323,890
1758585600000,27809,9454,2630,8612,727,3623,18016,2459,3021,1245,999
1759190400000,26874,9294,3017,8734,609,3010,16883,2822,3537,1280,1094
1759795200000,29001,9554,3195,9212,612,3383,17430,2783,3927,1300,1068
1760400000000,28503,9496,3169,8651,608,4039,17470,2819,4082,1411,1087
1761004800000,28477,9639,3035,8475,633,3138,17140,3224,4137,1517,1048
1761609600000,28717,9609,2278,8622,677,2721,19944,3167,1646,1365,939
1762214400000,27093,8775,2218,7682,714,4270,19438,2958,1559,1310,1066
1762732800000,27544,9135,2336,8073,647,3776,19586,3190,1576,1219,1248
1763424000000,27116,7764,2459,7123,875,5570,19134,3375,1515,1371,1220
1764028800000,26260,7320,2433,7227,727,4352,18116,3360,1328,1539,1194
1764633600000,24329,7587,2417,7590,704,2674,16800,3382,1336,1154,1130
1765238400000,24793,8055,2397,8098,746,2303,17173,3070,1292,1162,1080
1765843200000,24502,7117,2537,7511,686,3092,15635,2662,1399,1025,1150
1766448000000,21988,7203,2686,6820,572,2686,13937,1851,1391,1203,1177
1767052800000,20166,7064,2564,7075,478,2115,13026,1416,1489,1058,1171
1767657600000,22168,7366,2712,7677,752,2554,14294,1628,1543,1194,1118
1768262400000,23843,7605,2820,8085,736,2690,15408,1995,1476,1204,1139
1768867200000,24541,7151,2761,7800,548,4591,16149,1231,1462,1285,1138
1769472000000,24276,7130,2502,7769,491,3003,15399,1004,409,1206,1311
1770076800000,23044,6302,2224,7193,891,4450,15875,1486,401,1151,1191
1770681600000,24157,5746,2470,7476,972,4372,13871,116,497,1202,1102
1771286400000,23335,5821,2570,6957,1019,3954,12830,293,675,1163,1094
1771891200000,22919,5763,2612,6662,944,4124,12360,328,909,1162,1214
1772496000000,20302,5975,2332,7154,1129,3138,12333,69,393,1149,1298
1773100800000,21047,5842,2329,6875,984,3058,12737,682,427,1073,1053
1773705600000,23807,6302,2257,6954,1068,2530,13390,1268,428,1246,1157
1774310400000,23268,5904,2095,6219,1151,3814,12165,64,433,1097,1254
1774915200000,20631,6014,2148,5965,1161,2991,11043,94,268,805,1249
1775520000000,22308,5959,2233,6022,1449,3601,12028,710,274,927,1235
1776124800000,23761,6520,2326,6505,1244,3318,13557,1326,392,1012,1162
1776729600000,24994,6748,2187,6587,1229,2935,13657,977,353,1233,1054
1777334400000,21692,6704,2143,6621,1196,3534,13894,727,293,1046,1106
1777939200000,23402,6891,2422,7096,909,4148,15886,1356,372,1184,1086
1778544000000,23535,6135,2254,7097,1297,4347,15417,782,294,1949,1048
1779148800000,23000,6313,2252,6227,1406,5253,14214,210,291,1262,1102
1779753600000,21625,6321,2239,5950,1598,4666,13300,421,329,1267,1159
1780358400000,19882,5504,2033,5256,2153,6269,12827,365,518,1153,1016
1780963200000,19776,5679,1990,5330,2442,6153,12148,122,592,1009,1121
1781568000000,21125,6026,2016,5433,2926,6077,12684,301,281,1140,1070
1782172800000,20554,6075,2044,5202,2617,4925,11055,216,431,935,1206
1782777600000,18336,6260,1735,4754,2754,5408,10721,145,1123,758,992
1783382400000,18832,6718,1939,4790,2405,4406,11123,197,361,821,1104
1783987200000,19385,6754,2138,4779,1964,4015,11506,389,143,871,1057
1784592000000,20527,6904,2281,4684,1957,4042,11991,810,143,793,861
1785196800000,20019,6525,2445,4798,2499,3295,10168,992,156,722,1064
1785801600000,20143,6099,3130,4764,2222,4243,11483,2491,342,652,1072
1786406400000,21185,6041,2962,4741,2507,4997,12049,2443,394,778,1088
1787011200000,21760,5989,3018,4531,1799,4488,11927,2400,376,705,993
1787616000000,22216,6924,3345,4732,1787,3181,11270,1901,177,1121,1280
1788220800000,19697,6626,3842,4837,1139,4530,12150,865,101,1187,813
1788825600000,21083,6799,3856,4950,1207,5146,13038,769,100,1273,736
1789430400000,20773,6587,3168,4528,1768,5545,11899,122,136,1021,832
1790035200000,22315,7135,3488,4962,1791,4745,12698,881,99,1284,931
