snap_time,spot,expiry_used,days_to_expiry,atm_iv,put10_iv,call10_iv,skew10_put_minus_call,put_call_oi_ratio_45d,total_oi_45d,max_oi_put_strike_45d,max_oi_call_strike_45d
1790172491293,2719.71,2026-10-30,36.74,50.63,52.06,51.36,0.7000000000000028,0.6986,1061962.0,2100.0,3000.0
1790175205607,2683.46,2026-10-30,36.71,50.84,52.4,51.63,0.769999999999996,0.7022,1073632.0,2100.0,3000.0
1790217596364,2691.76,2026-10-30,36.22,49.93,51.45,51.15,0.30000000000000426,0.7091,1092188.0,2100.0,3000.0
1790273401452,2682.1,2026-10-30,35.58,49.53,50.8,50.63,0.1699999999999946,0.7152,1093177.0,2100.0,3000.0
1790304055020,2689.76,2026-10-30,35.22,49.38,51.19,50.32,0.8699999999999974,0.7238,1101655.0,2100.0,3000.0
1790316359100,2687.33,2026-10-30,35.08,49.27,51.36,50.07,1.2899999999999991,0.7247,1105175.0,2100.0,3000.0
1790325689840,2695.25,2026-10-30,34.97,48.57,49.84,49.4,0.44000000000000483,0.8798,320213.0,2300.0,3000.0
1790328619481,2716.39,2026-10-30,34.94,48.24,49.33,49.19,0.14000000000000057,0.883,324250.0,2300.0,3000.0
1790390552123,2698.66,2026-10-30,34.22,47.26,48.43,48.16,0.2700000000000031,0.9416,382938.0,2300.0,3000.0
1790412188824,2701.77,2026-10-30,33.97,47.02,48.32,47.89,0.4299999999999997,0.9897,342550.0,2300.0,3000.0
1790476964384,2708.66,2026-10-30,33.22,47.55,48.8,48.97,-0.1700000000000017,0.9781,351781.0,2300.0,3000.0
1790498662105,2723.01,2026-10-30,32.97,47.48,49.21,48.65,0.5600000000000023,0.9921,327646.0,2300.0,3000.0
1790563522094,2661.58,2026-10-30,32.22,48.18,49.52,49.52,0.0,0.979,342733.0,2300.0,3000.0
1790585296412,2652.06,2026-10-30,31.97,48.35,49.96,49.09,0.8699999999999974,0.9447,325345.0,2300.0,3000.0
1790621595180,2703.25,2026-10-30,31.55,48.14,49.36,49.38,-0.020000000000003126,0.9078,384900.0,2300.0,3000.0
1790649859575,2665.48,2026-10-30,31.22,48.36,50.13,49.89,0.240000000000002,0.9563,408120.0,2300.0,3000.0
1790671684426,2714.88,2026-10-30,30.97,48.57,50.11,50.12,-0.00999999999999801,0.9549,386327.0,2300.0,3000.0
1790736274713,2678.15,2026-10-30,30.22,47.19,49.33,48.12,1.2100000000000009,0.9956,404838.0,2300.0,3000.0
1790758159747,2679.21,2026-10-30,29.97,48.11,50.43,48.82,1.6099999999999994,0.956,367217.0,2300.0,3000.0
1790822797621,2689.47,2026-10-30,29.22,47.71,50.1,48.47,1.6300000000000026,1.1881,443636.0,2500.0,3000.0
1790844539937,2689.74,2026-10-30,28.97,47.28,49.63,47.98,1.6500000000000057,1.2558,436031.0,2500.0,3000.0
1790909128045,2718.22,2026-10-30,28.22,47.54,49.94,48.54,1.3999999999999986,1.2069,477937.0,2500.0,3000.0
1790930660983,2765.72,2026-10-30,27.97,47.29,49.35,48.49,0.8599999999999994,1.1297,394433.0,2500.0,3200.0
1790995894997,2686.54,2026-10-30,27.21,45.08,48.29,46.06,2.229999999999997,1.0579,480885.0,2500.0,3200.0
1791017230858,2687.71,2026-10-30,26.97,44.67,47.76,45.77,1.9899999999999949,1.0207,426116.0,2500.0,3200.0
1791087591693,2697.79,2026-10-30,26.15,45.34,47.93,46.38,1.5499999999999972,1.0126,443256.0,2500.0,3000.0
1791129035259,2703.17,2026-10-30,25.67,46.47,48.8,47.7,1.0999999999999943,0.9561,435235.0,2500.0,3000.0
1791168356888,2740.19,2026-10-30,25.22,46.44,49.14,47.88,1.259999999999998,0.9446,443090.0,2500.0,3000.0
1791190070782,2720.82,2026-10-30,24.97,45.76,48.15,47.49,0.6599999999999966,0.967,422204.0,2500.0,3000.0
1791254730893,2708.78,2026-10-30,24.22,45.08,47.04,46.66,0.38000000000000256,0.9305,450818.0,2500.0,3000.0
1791276443386,2719.4,2026-10-30,23.97,44.19,46.99,45.77,1.2199999999999989,0.8871,428093.0,2500.0,3000.0
1791341147723,2623.22,2026-10-30,23.22,44.31,47.73,46.09,1.6399999999999935,0.8899,481959.0,2500.0,3000.0
1791362894603,2615.27,2026-10-30,22.97,43.11,46.36,44.74,1.6199999999999974,0.9759,460434.0,2500.0,3000.0
1791427463066,2587.44,2026-10-30,22.22,43.68,46.84,44.82,2.020000000000003,0.9868,515575.0,2500.0,3000.0
1791449264922,2564.28,2026-10-30,21.97,44.48,48.46,44.83,3.6300000000000026,1.0103,488893.0,2500.0,3000.0
1791513873562,2488.71,2026-10-30,21.22,44.76,49.34,45.52,3.8200000000000003,1.0247,542782.0,2500.0,3000.0
1791535729683,2501.83,2026-10-30,20.97,44.34,49.03,45.36,3.6700000000000017,1.1641,415482.0,2500.0,3000.0
1791600346775,2495.99,2026-10-30,20.22,43.79,49.44,44.96,4.479999999999997,1.1811,457527.0,2500.0,3000.0
