ts_utc,accounts_ok_smart,accounts_ok_dumb,errors,position_rows,leaderboard_rows,eligible
2026-09-24 14:01,200,200,0,319,46667,3248
2026-09-24 16:31,200,200,0,317,,
2026-09-24 20:27,200,200,0,325,,
2026-09-24 20:32,200,200,0,325,,
2026-09-25 00:34,200,200,0,327,46803,3248
2026-09-25 00:38,200,200,0,327,,
2026-09-25 04:27,200,200,0,322,,
2026-09-25 04:31,200,200,0,321,,
2026-09-25 08:28,200,200,0,324,,
2026-09-25 12:32,200,200,0,333,,
2026-09-25 16:28,200,200,0,335,,
2026-09-25 20:25,200,200,0,338,,
2026-09-26 00:31,200,200,0,326,46907,3257
2026-09-26 04:25,200,200,0,327,,
2026-09-26 08:26,200,200,0,323,,
2026-09-26 12:28,200,200,0,327,,
2026-09-26 16:25,200,200,0,326,,
2026-09-26 20:24,200,200,0,329,,
2026-09-27 00:33,200,200,0,315,46927,3256
2026-09-27 04:25,200,200,0,316,,
2026-09-27 08:26,200,200,0,314,,
2026-09-27 12:30,200,200,0,315,,
2026-09-27 16:26,200,200,0,316,,
2026-09-27 20:24,200,200,0,319,,
2026-09-28 00:36,200,200,0,327,46937,3241
2026-09-28 04:28,200,200,0,315,,
2026-09-28 08:31,200,200,0,314,,
2026-09-28 12:34,200,200,0,309,,
2026-09-28 16:30,200,200,0,295,,
2026-09-28 20:27,200,200,0,297,,
2026-09-29 00:34,200,200,0,320,46753,3297
2026-09-29 04:28,200,200,0,313,,
2026-09-29 08:29,200,200,0,321,,
2026-09-29 12:34,200,200,0,320,,
2026-09-29 16:30,200,200,0,315,,
2026-09-29 20:28,200,200,0,321,,
2026-09-30 00:35,200,200,0,324,46799,3342
2026-09-30 04:28,200,200,0,324,,
2026-09-30 08:32,200,200,0,320,,
2026-09-30 12:37,200,200,0,310,,
2026-09-30 16:31,200,200,0,314,,
2026-09-30 20:28,200,200,0,307,,
2026-10-01 00:37,200,200,0,312,47008,3329
2026-10-01 04:29,200,200,0,315,,
2026-10-01 08:32,200,200,0,316,,
2026-10-01 12:35,200,200,0,313,,
2026-10-01 16:29,200,200,0,307,,
2026-10-01 20:30,200,200,0,310,,
2026-10-02 00:35,200,200,0,294,46925,3337
2026-10-02 04:29,200,200,0,292,,
2026-10-02 08:29,200,200,0,296,,
2026-10-02 12:33,200,200,0,302,,
2026-10-02 16:28,200,200,0,313,,
2026-10-02 20:26,200,200,0,305,,
2026-10-03 00:32,200,200,0,320,47003,3347
2026-10-03 04:28,200,200,0,318,,
2026-10-03 08:27,200,200,0,319,,
2026-10-03 15:04,200,200,0,318,,
2026-10-03 20:06,200,200,0,321,,
2026-10-04 02:38,200,200,0,319,47166,3321
2026-10-04 06:03,200,200,0,316,,
2026-10-04 15:35,200,200,0,319,,
2026-10-04 21:00,200,200,0,320,,
2026-10-05 00:38,200,200,0,325,47249,3306
2026-10-05 04:31,200,200,0,325,,
2026-10-05 08:32,200,200,0,329,,
2026-10-05 12:35,200,200,0,327,,
2026-10-05 16:31,200,200,0,328,,
2026-10-06 00:38,200,200,0,330,47471,3321
2026-10-06 04:29,200,200,0,329,,
2026-10-06 08:31,200,200,0,330,,
2026-10-06 12:34,200,200,0,329,,
2026-10-06 16:32,200,200,0,328,,
2026-10-06 20:29,200,200,0,322,,
2026-10-07 00:40,200,200,0,334,47407,3310
2026-10-07 04:30,200,200,0,337,,
2026-10-07 08:32,200,200,0,334,,
2026-10-07 12:37,200,200,0,338,,
2026-10-07 16:33,200,200,0,324,,
2026-10-07 20:32,200,200,0,316,,
2026-10-08 00:39,200,200,0,314,47245,3328
2026-10-08 04:30,200,200,0,312,,
2026-10-08 08:31,200,200,0,318,,
2026-10-08 12:36,200,200,0,314,,
2026-10-08 16:33,200,200,0,298,,
2026-10-08 20:31,200,200,0,282,,
2026-10-09 00:41,200,200,0,296,47084,3309
2026-10-09 04:30,200,200,0,294,,
2026-10-09 08:32,200,200,0,299,,
2026-10-09 12:34,200,200,0,299,,
2026-10-09 16:30,200,200,0,294,,
2026-10-09 20:28,200,200,0,291,,
2026-10-10 00:40,200,200,0,303,47090,3314
2026-10-10 04:29,200,200,0,306,,
2026-10-10 08:28,200,200,0,303,,
