ts_utc,group,coin,n_accounts,n_long,n_short,long_usd,short_usd,net_usd,tilt,breadth
2026-09-24 14:01,SMART,BTC,200,35,8,122850200.07,8084172.11,114766027.96,0.8765,0.6279
2026-09-24 14:01,SMART,ETH,200,28,8,117834480.02,21236637.0,96597843.02,0.6946,0.5556
2026-09-24 14:01,SMART,SOL,200,10,2,849024.63,1883810.24,-1034785.62,-0.3786,0.6667
2026-09-24 14:01,SMART,HYPE,200,35,10,17815435.97,7013295.51,10802140.46,0.4351,0.5556
2026-09-24 14:01,SMART,XRP,200,8,5,1184687.6,1896659.82,-711972.22,-0.2311,0.2308
2026-09-24 14:01,SMART,BNB,200,5,0,344150.49,0.0,344150.49,1.0,1.0
2026-09-24 14:01,DUMB,BTC,200,27,23,33763150.21,68170713.85,-34407563.64,-0.3375,0.08
2026-09-24 14:01,DUMB,ETH,200,17,14,10953982.42,5372475.87,5581506.55,0.3419,0.0968
2026-09-24 14:01,DUMB,SOL,200,11,11,14443752.23,5514244.44,8929507.8,0.4474,0.0
2026-09-24 14:01,DUMB,HYPE,200,24,20,17605327.01,13950767.49,3654559.52,0.1158,0.0909
2026-09-24 14:01,DUMB,XRP,200,5,2,265096.98,635228.35,-370131.37,-0.4111,0.4286
2026-09-24 14:01,DUMB,BNB,200,5,6,243593.09,468167.13,-224574.05,-0.3155,-0.0909
2026-09-24 16:31,SMART,BTC,200,31,10,102391316.24,8325386.46,94065929.78,0.8496,0.5122
2026-09-24 16:31,SMART,ETH,200,28,8,118887611.25,22417584.88,96470026.37,0.6827,0.5556
2026-09-24 16:31,SMART,SOL,200,10,2,881979.12,1918227.72,-1036248.6,-0.3701,0.6667
2026-09-24 16:31,SMART,HYPE,200,34,10,18375099.21,7178830.35,11196268.86,0.4381,0.5455
2026-09-24 16:31,SMART,XRP,200,8,5,1165522.11,1927870.01,-762347.9,-0.2464,0.2308
2026-09-24 16:31,SMART,BNB,200,5,0,346737.39,0.0,346737.39,1.0,1.0
2026-09-24 16:31,DUMB,BTC,200,25,24,33703282.57,67943614.44,-34240331.87,-0.3369,0.0204
2026-09-24 16:31,DUMB,ETH,200,17,14,11077831.4,6252710.15,4825121.24,0.2784,0.0968
2026-09-24 16:31,DUMB,SOL,200,10,12,14694950.9,5948031.06,8746919.84,0.4237,-0.0909
2026-09-24 16:31,DUMB,HYPE,200,25,20,19940018.79,14205194.03,5734824.77,0.168,0.1111
2026-09-24 16:31,DUMB,XRP,200,6,2,340037.8,644634.01,-304596.21,-0.3093,0.5
2026-09-24 16:31,DUMB,BNB,200,5,6,245314.41,471207.19,-225892.78,-0.3153,-0.0909
2026-09-24 20:27,SMART,BTC,200,31,12,101626665.95,11854982.78,89771683.17,0.7911,0.4419
2026-09-24 20:27,SMART,ETH,200,29,11,119158961.64,23757568.01,95401393.63,0.6675,0.45
2026-09-24 20:27,SMART,SOL,200,10,2,797926.52,1913144.34,-1115217.83,-0.4114,0.6667
2026-09-24 20:27,SMART,HYPE,200,32,12,18291670.33,7971194.95,10320475.38,0.393,0.4545
2026-09-24 20:27,SMART,XRP,200,8,5,1188244.52,1928062.65,-739818.14,-0.2374,0.2308
2026-09-24 20:27,SMART,BNB,200,5,0,344470.32,0.0,344470.32,1.0,1.0
2026-09-24 20:27,DUMB,BTC,200,27,23,33334661.38,67575082.57,-34240421.19,-0.3393,0.08
2026-09-24 20:27,DUMB,ETH,200,19,13,11151176.47,6241455.67,4909720.8,0.2823,0.1875
2026-09-24 20:27,DUMB,SOL,200,10,13,17086557.78,5899265.93,11187291.85,0.4867,-0.1304
2026-09-24 20:27,DUMB,HYPE,200,24,20,21503680.59,14292384.51,7211296.08,0.2015,0.0909
2026-09-24 20:27,DUMB,XRP,200,6,2,341095.76,647152.74,-306056.98,-0.3097,0.5
2026-09-24 20:27,DUMB,BNB,200,5,6,243963.37,468378.87,-224415.49,-0.315,-0.0909
2026-09-24 20:32,SMART,BTC,200,31,12,101626454.95,11854803.4,89771651.55,0.7911,0.4419
2026-09-24 20:32,SMART,ETH,200,29,11,119212709.97,23768607.75,95444102.22,0.6675,0.45
2026-09-24 20:32,SMART,SOL,200,10,2,797987.88,1913253.97,-1115266.09,-0.4113,0.6667
2026-09-24 20:32,SMART,HYPE,200,32,12,18290908.55,7969363.94,10321544.61,0.393,0.4545
2026-09-24 20:32,SMART,XRP,200,8,5,1187905.84,1927494.24,-739588.4,-0.2374,0.2308
2026-09-24 20:32,SMART,BNB,200,5,0,344124.1,0.0,344124.1,1.0,1.0
2026-09-24 20:32,DUMB,BTC,200,27,23,33314698.34,67520124.9,-34205426.56,-0.3392,0.08
2026-09-24 20:32,DUMB,ETH,200,19,13,11141197.7,6234902.72,4906294.98,0.2824,0.1875
2026-09-24 20:32,DUMB,SOL,200,10,13,17077651.29,5892578.99,11185072.3,0.4869,-0.1304
2026-09-24 20:32,DUMB,HYPE,200,24,20,21488429.31,14282124.68,7206304.63,0.2015,0.0909
2026-09-24 20:32,DUMB,XRP,200,6,2,340661.57,645968.09,-305306.52,-0.3094,0.5
2026-09-24 20:32,DUMB,BNB,200,5,6,243560.8,467387.06,-223826.26,-0.3148,-0.0909
2026-09-25 00:34,SMART,BTC,200,27,15,13483448.18,13844676.97,-361228.8,-0.0132,0.2857
2026-09-25 00:34,SMART,ETH,200,23,13,4854553.27,3002515.29,1852037.98,0.2357,0.2778
2026-09-25 00:34,SMART,SOL,200,8,3,512787.85,662586.6,-149798.75,-0.1274,0.4545
2026-09-25 00:34,SMART,HYPE,200,35,11,16042614.76,4913504.26,11129110.5,0.5311,0.5217
2026-09-25 00:34,SMART,XRP,200,9,3,657145.23,730679.01,-73533.78,-0.053,0.5
2026-09-25 00:34,SMART,BNB,200,7,2,536355.27,181232.71,355122.56,0.4949,0.5556
2026-09-25 00:34,DUMB,BTC,200,25,26,59516416.95,72353817.28,-12837400.33,-0.0973,-0.0196
2026-09-25 00:34,DUMB,ETH,200,17,16,10398318.92,53821680.34,-43423361.42,-0.6762,0.0303
2026-09-25 00:34,DUMB,SOL,200,11,15,16873484.29,6655737.55,10217746.74,0.4343,-0.1538
2026-09-25 00:34,DUMB,HYPE,200,24,18,16317836.56,7753596.38,8564240.18,0.3558,0.1429
2026-09-25 00:34,DUMB,XRP,200,6,4,344438.77,1038270.66,-693831.89,-0.5018,0.2
2026-09-25 00:34,DUMB,BNB,200,5,4,243775.13,474673.38,-230898.25,-0.3214,0.1111
2026-09-25 00:38,SMART,BTC,200,27,15,13482950.85,13843272.28,-360321.43,-0.0132,0.2857
2026-09-25 00:38,SMART,ETH,200,23,13,4857194.26,3004022.13,1853172.13,0.2357,0.2778
2026-09-25 00:38,SMART,SOL,200,8,3,513298.53,663507.95,-150209.42,-0.1276,0.4545
2026-09-25 00:38,SMART,HYPE,200,35,11,16134756.78,4903584.27,11231172.51,0.5338,0.5217
2026-09-25 00:38,SMART,XRP,200,9,3,657019.69,730484.16,-73464.48,-0.0529,0.5
2026-09-25 00:38,SMART,BNB,200,7,2,536372.54,181246.24,355126.3,0.4949,0.5556
2026-09-25 00:38,DUMB,BTC,200,26,25,59521814.46,72357655.92,-12835841.46,-0.0973,0.0196
2026-09-25 00:38,DUMB,ETH,200,17,16,10402272.55,53841915.78,-43439643.23,-0.6762,0.0303
2026-09-25 00:38,DUMB,SOL,200,11,15,16895476.28,6664783.99,10230692.28,0.4342,-0.1538
2026-09-25 00:38,DUMB,HYPE,200,24,18,16294031.6,7741694.36,8552337.24,0.3558,0.1429
2026-09-25 00:38,DUMB,XRP,200,6,4,344353.78,1037652.8,-693299.03,-0.5017,0.2
2026-09-25 00:38,DUMB,BNB,200,5,4,243827.6,474558.64,-230731.04,-0.3212,0.1111
2026-09-25 04:27,SMART,BTC,200,25,15,13374718.62,12921604.87,453113.76,0.0172,0.25
2026-09-25 04:27,SMART,ETH,200,22,12,4792684.71,2050787.8,2741896.91,0.4007,0.2941
2026-09-25 04:27,SMART,SOL,200,8,4,608067.73,782747.5,-174679.77,-0.1256,0.3333
2026-09-25 04:27,SMART,HYPE,200,35,11,15795589.89,4919690.39,10875899.49,0.525,0.5217
2026-09-25 04:27,SMART,XRP,200,9,3,647115.17,719444.45,-72329.28,-0.0529,0.5
2026-09-25 04:27,SMART,BNB,200,7,2,532466.43,179918.31,352548.12,0.4949,0.5556
2026-09-25 04:27,DUMB,BTC,200,24,25,58931110.73,71924232.38,-12993121.65,-0.0993,-0.0204
2026-09-25 04:27,DUMB,ETH,200,17,16,10341769.22,53583810.03,-43242040.81,-0.6764,0.0303
2026-09-25 04:27,DUMB,SOL,200,11,15,17100782.93,6712008.76,10388774.17,0.4363,-0.1538
2026-09-25 04:27,DUMB,HYPE,200,23,19,14104840.83,7814487.79,6290353.05,0.287,0.0952
2026-09-25 04:27,DUMB,XRP,200,6,4,339475.52,1023329.1,-683853.58,-0.5018,0.2
2026-09-25 04:27,DUMB,BNB,200,5,4,242090.24,470394.82,-228304.59,-0.3204,0.1111
2026-09-25 04:31,SMART,BTC,200,25,15,13381188.27,12927840.6,453347.67,0.0172,0.25
2026-09-25 04:31,SMART,ETH,200,22,12,4796784.81,2052317.33,2744467.48,0.4007,0.2941
2026-09-25 04:31,SMART,SOL,200,8,4,608691.35,783291.57,-174600.23,-0.1254,0.3333
2026-09-25 04:31,SMART,HYPE,200,35,11,15783799.83,4915977.18,10867822.65,0.525,0.5217
2026-09-25 04:31,SMART,XRP,200,9,3,648001.52,720445.78,-72444.26,-0.0529,0.5
2026-09-25 04:31,SMART,BNB,200,7,2,532722.51,180016.37,352706.14,0.4949,0.5556
2026-09-25 04:31,DUMB,BTC,200,24,25,58953396.76,71951596.97,-12998200.2,-0.0993,-0.0204
2026-09-25 04:31,DUMB,ETH,200,17,16,10348459.36,53617218.26,-43268758.9,-0.6764,0.0303
2026-09-25 04:31,DUMB,SOL,200,11,15,17113937.17,6716509.21,10397427.97,0.4363,-0.1538
2026-09-25 04:31,DUMB,HYPE,200,22,19,13786220.48,7809109.01,5977111.47,0.2768,0.0732
2026-09-25 04:31,DUMB,XRP,200,6,4,339898.56,1024608.61,-684710.05,-0.5018,0.2
2026-09-25 04:31,DUMB,BNB,200,5,4,242097.9,470338.05,-228240.15,-0.3204,0.1111
2026-09-25 08:28,SMART,BTC,200,24,16,12618098.95,13813397.32,-1195298.36,-0.0452,0.2
2026-09-25 08:28,SMART,ETH,200,22,11,4826942.69,2062512.63,2764430.07,0.4013,0.3333
2026-09-25 08:28,SMART,SOL,200,8,4,648260.49,805050.14,-156789.65,-0.1079,0.3333
2026-09-25 08:28,SMART,HYPE,200,36,12,15796145.36,5171212.48,10624932.88,0.5067,0.5
2026-09-25 08:28,SMART,XRP,200,8,3,554043.59,727932.43,-173888.83,-0.1356,0.4545
2026-09-25 08:28,SMART,BNB,200,7,2,535531.2,180961.73,354569.47,0.4949,0.5556
2026-09-25 08:28,DUMB,BTC,200,24,26,60022764.26,72248192.36,-12225428.1,-0.0924,-0.04
2026-09-25 08:28,DUMB,ETH,200,17,16,10412462.0,53946614.71,-43534152.71,-0.6764,0.0303
2026-09-25 08:28,DUMB,SOL,200,11,15,17235428.23,6733008.97,10502419.25,0.4382,-0.1538
2026-09-25 08:28,DUMB,HYPE,200,24,19,19499015.56,8000666.75,11498348.81,0.4181,0.1163
2026-09-25 08:28,DUMB,XRP,200,6,4,343125.47,1034104.36,-690978.89,-0.5017,0.2
2026-09-25 08:28,DUMB,BNB,200,5,4,243393.36,472808.18,-229414.82,-0.3203,0.1111
2026-09-25 12:32,SMART,BTC,200,26,18,12200487.88,14141429.33,-1940941.45,-0.0737,0.1818
2026-09-25 12:32,SMART,ETH,200,24,12,5695290.14,2286580.97,3408709.17,0.4271,0.3333
2026-09-25 12:32,SMART,SOL,200,8,4,747938.02,898534.27,-150596.25,-0.0915,0.3333
2026-09-25 12:32,SMART,HYPE,200,38,12,16053844.23,5132094.07,10921750.16,0.5155,0.52
2026-09-25 12:32,SMART,XRP,200,9,3,1113751.42,759756.29,353995.13,0.1889,0.5
2026-09-25 12:32,SMART,BNB,200,7,2,558423.23,181465.19,376958.03,0.5095,0.5556
2026-09-25 12:32,DUMB,BTC,200,25,24,59325889.95,71497265.36,-12171375.41,-0.093,0.0204
2026-09-25 12:32,DUMB,ETH,200,18,15,11946234.79,53447839.53,-41501604.74,-0.6346,0.0909
2026-09-25 12:32,DUMB,SOL,200,12,14,18901667.54,7993304.12,10908363.42,0.4056,-0.0769
2026-09-25 12:32,DUMB,HYPE,200,21,20,17926328.22,7955538.57,9970789.65,0.3852,0.0244
2026-09-25 12:32,DUMB,XRP,200,7,4,358562.73,1348220.09,-989657.36,-0.5798,0.2727
2026-09-25 12:32,DUMB,BNB,200,6,4,706536.02,474214.03,232321.98,0.1968,0.2
2026-09-25 16:28,SMART,BTC,200,29,17,13425801.94,14114032.62,-688230.68,-0.025,0.2609
2026-09-25 16:28,SMART,ETH,200,25,12,6139781.34,2808218.87,3331562.48,0.3723,0.3514
2026-09-25 16:28,SMART,SOL,200,9,4,1804971.16,906972.9,897998.26,0.3311,0.3846
2026-09-25 16:28,SMART,HYPE,200,38,11,16815768.6,4950129.02,11865639.58,0.5451,0.551
2026-09-25 16:28,SMART,XRP,200,9,3,733734.91,742389.53,-8654.62,-0.0059,0.5
2026-09-25 16:28,SMART,BNB,200,7,2,477662.01,180395.83,297266.17,0.4517,0.5556
2026-09-25 16:28,DUMB,BTC,200,25,24,62444582.41,70811349.18,-8366766.77,-0.0628,0.0204
2026-09-25 16:28,DUMB,ETH,200,19,15,11862520.46,39064957.32,-27202436.85,-0.5341,0.1176
2026-09-25 16:28,DUMB,SOL,200,12,14,19470299.62,7999615.38,11470684.24,0.4176,-0.0769
2026-09-25 16:28,DUMB,HYPE,200,21,19,15669175.57,7737359.17,7931816.4,0.3389,0.05
2026-09-25 16:28,DUMB,XRP,200,7,3,350222.41,1316656.31,-966433.9,-0.5798,0.4
2026-09-25 16:28,DUMB,BNB,200,6,4,702240.16,473709.92,228530.24,0.1943,0.2
2026-09-25 20:25,SMART,BTC,200,30,16,14358189.91,13855845.94,502343.97,0.0178,0.3043
2026-09-25 20:25,SMART,ETH,200,24,12,5801089.53,2811068.68,2990020.85,0.3472,0.3333
2026-09-25 20:25,SMART,SOL,200,11,4,2911094.96,962679.01,1948415.95,0.503,0.4667
2026-09-25 20:25,SMART,HYPE,200,39,11,21716341.12,4985471.58,16730869.54,0.6266,0.56
2026-09-25 20:25,SMART,XRP,200,8,3,933239.57,739370.53,193869.03,0.1159,0.4545
2026-09-25 20:25,SMART,BNB,200,7,2,478355.78,180641.76,297714.01,0.4518,0.5556
2026-09-25 20:25,DUMB,BTC,200,27,23,62517106.8,70900779.04,-8383672.24,-0.0628,0.08
2026-09-25 20:25,DUMB,ETH,200,20,15,11881046.42,38931797.62,-27050751.2,-0.5324,0.1429
2026-09-25 20:25,DUMB,SOL,200,12,14,19992554.54,8560092.52,11432462.02,0.4004,-0.0769
2026-09-25 20:25,DUMB,HYPE,200,21,19,17069311.14,7790510.43,9278800.71,0.3732,0.05
2026-09-25 20:25,DUMB,XRP,200,7,3,348748.25,1310898.33,-962150.08,-0.5797,0.4
2026-09-25 20:25,DUMB,BNB,200,6,4,703136.86,476092.72,227044.14,0.1925,0.2
2026-09-26 00:31,SMART,BTC,200,29,17,14688353.82,3303389.74,11384964.07,0.6328,0.2609
2026-09-26 00:31,SMART,ETH,200,20,11,4985719.79,2743245.71,2242474.08,0.2901,0.2903
2026-09-26 00:31,SMART,SOL,200,14,3,2965394.63,264433.4,2700961.23,0.8363,0.6471
2026-09-26 00:31,SMART,HYPE,200,36,10,13769841.78,4612309.95,9157531.82,0.4982,0.5652
2026-09-26 00:31,SMART,XRP,200,9,1,12486296.03,260111.53,12226184.5,0.9592,0.8
2026-09-26 00:31,SMART,BNB,200,7,1,517179.59,85247.86,431931.73,0.717,0.75
2026-09-26 00:31,DUMB,BTC,200,27,21,53516508.33,57401118.05,-3884609.72,-0.035,0.125
2026-09-26 00:31,DUMB,ETH,200,19,13,2392697.58,36219279.12,-33826581.54,-0.8761,0.1875
2026-09-26 00:31,DUMB,SOL,200,12,12,658728.63,2137411.59,-1478682.95,-0.5288,0.0
2026-09-26 00:31,DUMB,HYPE,200,23,19,19091629.98,9792753.2,9298876.79,0.3219,0.0952
2026-09-26 00:31,DUMB,XRP,200,7,5,345942.7,1432816.68,-1086873.97,-0.611,0.1667
2026-09-26 00:31,DUMB,BNB,200,6,4,703441.69,822256.52,-118814.83,-0.0779,0.2
2026-09-26 04:25,SMART,BTC,200,28,17,14647667.13,3821456.32,10826210.81,0.5862,0.2444
2026-09-26 04:25,SMART,ETH,200,20,10,4993381.51,2586253.74,2407127.76,0.3176,0.3333
2026-09-26 04:25,SMART,SOL,200,14,3,2941043.13,261791.81,2679251.33,0.8365,0.6471
2026-09-26 04:25,SMART,HYPE,200,36,10,13762238.57,4606997.84,9155240.74,0.4984,0.5652
2026-09-26 04:25,SMART,XRP,200,10,1,12446416.95,259195.18,12187221.77,0.9592,0.8182
2026-09-26 04:25,SMART,BNB,200,7,1,515632.88,85023.77,430609.1,0.7169,0.75
2026-09-26 04:25,DUMB,BTC,200,27,22,53569677.16,40351108.9,13218568.26,0.1407,0.102
2026-09-26 04:25,DUMB,ETH,200,18,14,2399222.3,36179421.26,-33780198.96,-0.8756,0.125
2026-09-26 04:25,DUMB,SOL,200,12,12,799197.39,2113791.24,-1314593.85,-0.4513,0.0
2026-09-26 04:25,DUMB,HYPE,200,24,19,18358611.79,10160562.97,8198048.81,0.2875,0.1163
2026-09-26 04:25,DUMB,XRP,200,7,5,344882.67,1428876.24,-1083993.57,-0.6111,0.1667
2026-09-26 04:25,DUMB,BNB,200,6,4,701488.03,827972.51,-126484.48,-0.0827,0.2
2026-09-26 08:26,SMART,BTC,200,28,16,14319337.76,3270501.74,11048836.02,0.6281,0.2727
2026-09-26 08:26,SMART,ETH,200,20,10,4993815.66,2585987.63,2407828.03,0.3177,0.3333
2026-09-26 08:26,SMART,SOL,200,14,3,2940393.46,261772.9,2678620.56,0.8365,0.6471
2026-09-26 08:26,SMART,HYPE,200,35,10,13628676.13,4599902.28,9028773.86,0.4953,0.5556
2026-09-26 08:26,SMART,XRP,200,10,1,12376984.72,257579.06,12119405.66,0.9592,0.8182
2026-09-26 08:26,SMART,BNB,200,7,1,514936.11,84897.45,430038.66,0.7169,0.75
2026-09-26 08:26,DUMB,BTC,200,26,23,53672782.91,39909910.89,13762872.02,0.1471,0.0612
2026-09-26 08:26,DUMB,ETH,200,18,14,2400862.12,36210179.16,-33809317.04,-0.8756,0.125
2026-09-26 08:26,DUMB,SOL,200,12,11,805566.7,2054926.74,-1249360.04,-0.4368,0.0435
2026-09-26 08:26,DUMB,HYPE,200,24,19,17068173.41,10331798.07,6736375.34,0.2459,0.1163
2026-09-26 08:26,DUMB,XRP,200,6,5,319044.05,1272364.09,-953320.04,-0.599,0.0909
2026-09-26 08:26,DUMB,BNB,200,6,4,700986.0,827496.3,-126510.3,-0.0828,0.2
2026-09-26 12:28,SMART,BTC,200,28,17,21351030.52,4139314.18,17211716.34,0.6752,0.2444
2026-09-26 12:28,SMART,ETH,200,21,10,5078768.86,2558914.66,2519854.2,0.3299,0.3548
2026-09-26 12:28,SMART,SOL,200,15,3,3187770.11,263184.55,2924585.56,0.8475,0.6667
2026-09-26 12:28,SMART,HYPE,200,36,11,13781056.64,4665454.77,9115601.87,0.4942,0.5319
2026-09-26 12:28,SMART,XRP,200,10,1,11039675.52,256845.98,10782829.54,0.9545,0.8182
2026-09-26 12:28,SMART,BNB,200,7,1,516109.11,85101.77,431007.35,0.7169,0.75
2026-09-26 12:28,DUMB,BTC,200,27,22,54117055.76,39902887.58,14214168.19,0.1512,0.102
2026-09-26 12:28,DUMB,ETH,200,17,14,2396818.21,36215477.6,-33818659.39,-0.8759,0.0968
2026-09-26 12:28,DUMB,SOL,200,12,12,814333.88,2074455.53,-1260121.65,-0.4362,0.0
2026-09-26 12:28,DUMB,HYPE,200,23,19,17586257.98,10560445.11,7025812.87,0.2496,0.0952
2026-09-26 12:28,DUMB,XRP,200,6,5,336280.3,1262984.42,-926704.12,-0.5795,0.0909
2026-09-26 12:28,DUMB,BNB,200,6,4,677924.35,831154.48,-153230.13,-0.1015,0.2
2026-09-26 16:25,SMART,BTC,200,27,17,13878443.61,4176790.04,9701653.57,0.5373,0.2273
2026-09-26 16:25,SMART,ETH,200,21,10,5079428.44,2539964.84,2539463.6,0.3333,0.3548
2026-09-26 16:25,SMART,SOL,200,15,5,3122024.72,324181.42,2797843.3,0.8119,0.5
2026-09-26 16:25,SMART,HYPE,200,36,11,13825630.96,4678576.88,9147054.08,0.4943,0.5319
2026-09-26 16:25,SMART,XRP,200,9,1,11615414.63,257512.42,11357902.21,0.9566,0.8
2026-09-26 16:25,SMART,BNB,200,6,1,465610.94,85004.0,380606.94,0.6912,0.7143
2026-09-26 16:25,DUMB,BTC,200,24,23,48478697.02,39913869.12,8564827.89,0.0969,0.0213
2026-09-26 16:25,DUMB,ETH,200,17,14,2397209.87,36698991.33,-34301781.47,-0.8774,0.0968
2026-09-26 16:25,DUMB,SOL,200,12,12,817632.37,2081769.75,-1264137.38,-0.436,0.0
2026-09-26 16:25,DUMB,HYPE,200,24,19,18450693.77,10766605.67,7684088.1,0.263,0.1163
2026-09-26 16:25,DUMB,XRP,200,7,5,356507.44,1266752.01,-910244.57,-0.5608,0.1667
2026-09-26 16:25,DUMB,BNB,200,6,4,677137.67,833782.54,-156644.87,-0.1037,0.2
2026-09-26 20:24,SMART,BTC,200,27,17,13873386.2,4173238.77,9700147.43,0.5375,0.2273
2026-09-26 20:24,SMART,ETH,200,21,10,5064319.33,2532386.02,2531933.3,0.3333,0.3548
2026-09-26 20:24,SMART,SOL,200,15,4,3110958.34,273244.66,2837713.68,0.8385,0.5789
2026-09-26 20:24,SMART,HYPE,200,36,11,13727665.25,4644117.16,9083548.09,0.4944,0.5319
2026-09-26 20:24,SMART,XRP,200,9,2,11644159.16,402990.06,11241169.1,0.9331,0.6364
2026-09-26 20:24,SMART,BNB,200,5,1,309325.01,84588.12,224736.89,0.5705,0.6667
2026-09-26 20:24,DUMB,BTC,200,26,23,48478739.36,40429189.8,8049549.57,0.0905,0.0612
2026-09-26 20:24,DUMB,ETH,200,18,13,2390941.96,36396035.65,-34005093.69,-0.8767,0.1613
2026-09-26 20:24,DUMB,SOL,200,13,12,902532.83,2079355.66,-1176822.84,-0.3947,0.04
2026-09-26 20:24,DUMB,HYPE,200,25,19,17368601.28,10867336.49,6501264.79,0.2302,0.1364
2026-09-26 20:24,DUMB,XRP,200,7,5,307373.45,1245814.31,-938440.86,-0.6042,0.1667
2026-09-26 20:24,DUMB,BNB,200,6,4,673881.4,829852.06,-155970.66,-0.1037,0.2
2026-09-27 00:33,SMART,BTC,200,27,18,19469104.03,14977792.02,4491312.02,0.1304,0.2
2026-09-27 00:33,SMART,ETH,200,21,9,4530918.65,2442769.66,2088148.99,0.2994,0.4
2026-09-27 00:33,SMART,SOL,200,12,4,1911041.05,267876.13,1643164.92,0.7541,0.5
2026-09-27 00:33,SMART,HYPE,200,33,12,14268649.08,4866978.35,9401670.73,0.4913,0.4667
2026-09-27 00:33,SMART,XRP,200,6,4,240207.99,4543348.58,-4303140.58,-0.8996,0.2
2026-09-27 00:33,SMART,BNB,200,5,1,310392.5,84887.56,225504.93,0.5705,0.6667
2026-09-27 00:33,DUMB,BTC,200,21,22,19727317.99,40540926.14,-20813608.15,-0.3453,-0.0233
2026-09-27 00:33,DUMB,ETH,200,17,14,2749064.94,36937314.03,-34188249.09,-0.8615,0.0968
2026-09-27 00:33,DUMB,SOL,200,11,15,606751.32,2009700.5,-1402949.18,-0.5362,-0.1538
2026-09-27 00:33,DUMB,HYPE,200,24,19,11590072.75,9603698.9,1986373.85,0.0937,0.1163
2026-09-27 00:33,DUMB,XRP,200,6,5,287983.2,1336492.15,-1048508.95,-0.6454,0.0909
2026-09-27 00:33,DUMB,BNB,200,6,3,676578.35,480297.36,196280.99,0.1697,0.3333
2026-09-27 04:25,SMART,BTC,200,28,17,20773196.72,14952774.01,5820422.71,0.1629,0.2444
2026-09-27 04:25,SMART,ETH,200,21,9,5806752.25,2445978.33,3360773.92,0.4072,0.4
2026-09-27 04:25,SMART,SOL,200,12,4,1903328.78,266713.06,1636615.71,0.7542,0.5
2026-09-27 04:25,SMART,HYPE,200,34,12,14977124.19,4925106.15,10052018.03,0.5051,0.4783
2026-09-27 04:25,SMART,XRP,200,6,4,239253.64,4524470.59,-4285216.96,-0.8996,0.2
2026-09-27 04:25,SMART,BNB,200,5,1,310004.44,84778.82,225225.63,0.5705,0.6667
2026-09-27 04:25,DUMB,BTC,200,21,22,19697099.57,40571217.54,-20874117.97,-0.3464,-0.0233
2026-09-27 04:25,DUMB,ETH,200,17,15,2752044.88,38108651.4,-35356606.52,-0.8653,0.0625
2026-09-27 04:25,DUMB,SOL,200,11,15,603947.69,2002375.63,-1398427.94,-0.5366,-0.1538
2026-09-27 04:25,DUMB,HYPE,200,23,19,13738710.41,9709571.22,4029139.18,0.1718,0.0952
2026-09-27 04:25,DUMB,XRP,200,6,5,223963.63,1289298.56,-1065334.93,-0.704,0.0909
2026-09-27 04:25,DUMB,BNB,200,6,3,675368.99,478516.0,196852.99,0.1706,0.3333
2026-09-27 08:26,SMART,BTC,200,29,19,18790698.42,16185679.77,2605018.65,0.0745,0.2083
2026-09-27 08:26,SMART,ETH,200,23,9,6120169.29,2463114.22,3657055.07,0.4261,0.4375
2026-09-27 08:26,SMART,SOL,200,12,4,1953806.47,129643.33,1824163.14,0.8755,0.5
2026-09-27 08:26,SMART,HYPE,200,33,11,14598025.0,4845848.96,9752176.04,0.5016,0.5
2026-09-27 08:26,SMART,XRP,200,6,3,242981.43,413165.28,-170183.85,-0.2594,0.3333
2026-09-27 08:26,SMART,BNB,200,5,1,312760.23,85534.56,227225.67,0.5705,0.6667
2026-09-27 08:26,DUMB,BTC,200,20,22,19760399.53,40409048.4,-20648648.87,-0.3432,-0.0476
2026-09-27 08:26,DUMB,ETH,200,16,16,2770206.14,39443030.47,-36672824.33,-0.8688,0.0
2026-09-27 08:26,DUMB,SOL,200,11,15,623426.98,2300448.22,-1677021.24,-0.5736,-0.1538
2026-09-27 08:26,DUMB,HYPE,200,21,19,13319126.18,9649083.4,3670042.78,0.1598,0.05
2026-09-27 08:26,DUMB,XRP,200,6,4,227519.98,1196452.92,-968932.93,-0.6804,0.2
2026-09-27 08:26,DUMB,BNB,200,6,3,681218.46,481617.55,199600.91,0.1717,0.3333
2026-09-27 12:30,SMART,BTC,200,27,18,14312986.91,16580601.11,-2267614.19,-0.0734,0.2
2026-09-27 12:30,SMART,ETH,200,25,9,5385285.52,2407193.82,2978091.7,0.3822,0.4706
2026-09-27 12:30,SMART,SOL,200,15,4,2007702.3,129024.23,1878678.07,0.8792,0.5789
2026-09-27 12:30,SMART,HYPE,200,33,11,14434668.78,4847815.91,9586852.87,0.4972,0.5
2026-09-27 12:30,SMART,XRP,200,6,2,243203.59,261855.17,-18651.58,-0.0369,0.5
2026-09-27 12:30,SMART,BNB,200,5,1,313743.19,85804.79,227938.4,0.5705,0.6667
2026-09-27 12:30,DUMB,BTC,200,20,22,19766723.22,48672283.12,-28905559.91,-0.4224,-0.0476
2026-09-27 12:30,DUMB,ETH,200,15,16,2652848.9,39866687.23,-37213838.34,-0.8752,-0.0323
2026-09-27 12:30,DUMB,SOL,200,12,15,649533.41,2325337.64,-1675804.23,-0.5633,-0.1111
2026-09-27 12:30,DUMB,HYPE,200,21,19,13313474.48,9656289.85,3657184.63,0.1592,0.05
2026-09-27 12:30,DUMB,XRP,200,5,5,218066.91,1020753.06,-802686.16,-0.6479,0.0
2026-09-27 12:30,DUMB,BNB,200,6,3,684014.82,481778.62,202236.2,0.1735,0.3333
2026-09-27 16:26,SMART,BTC,200,27,20,13931884.76,16184502.41,-2252617.65,-0.0748,0.1489
2026-09-27 16:26,SMART,ETH,200,24,9,5374616.61,2411181.92,2963434.68,0.3806,0.4545
2026-09-27 16:26,SMART,SOL,200,14,5,1950465.97,149644.07,1800821.9,0.8575,0.4737
2026-09-27 16:26,SMART,HYPE,200,33,11,14399839.02,4738422.57,9661416.46,0.5048,0.5
2026-09-27 16:26,SMART,XRP,200,6,2,240123.08,258657.66,-18534.59,-0.0372,0.5
2026-09-27 16:26,SMART,BNB,200,5,1,311021.71,85058.93,225962.78,0.5705,0.6667
2026-09-27 16:26,DUMB,BTC,200,21,20,19413917.62,48542243.38,-29128325.76,-0.4286,0.0244
2026-09-27 16:26,DUMB,ETH,200,17,14,2676913.09,40161253.07,-37484339.98,-0.875,0.0968
2026-09-27 16:26,DUMB,SOL,200,11,15,636069.23,2318168.83,-1682099.6,-0.5694,-0.1538
2026-09-27 16:26,DUMB,HYPE,200,23,19,11120037.5,9461803.79,1658233.71,0.0806,0.0952
2026-09-27 16:26,DUMB,XRP,200,5,5,202044.54,905751.18,-703706.64,-0.6352,0.0
2026-09-27 16:26,DUMB,BNB,200,6,3,677540.01,467111.86,210428.15,0.1838,0.3333
2026-09-27 20:24,SMART,BTC,200,27,17,13924349.41,16118369.36,-2194019.95,-0.073,0.2273
2026-09-27 20:24,SMART,ETH,200,25,8,5453570.74,2378410.75,3075160.0,0.3926,0.5152
2026-09-27 20:24,SMART,SOL,200,14,5,1064861.91,138244.4,926617.51,0.7702,0.4737
2026-09-27 20:24,SMART,HYPE,200,34,11,14467277.68,4753909.97,9713367.72,0.5053,0.5111
2026-09-27 20:24,SMART,XRP,200,7,2,247011.97,260375.47,-13363.5,-0.0263,0.5556
2026-09-27 20:24,SMART,BNB,200,5,1,312222.53,85386.93,226835.6,0.5705,0.6667
2026-09-27 20:24,DUMB,BTC,200,21,21,19600660.29,48564112.54,-28963452.25,-0.4249,0.0
2026-09-27 20:24,DUMB,ETH,200,18,14,2761710.4,40103677.3,-37341966.9,-0.8711,0.125
2026-09-27 20:24,DUMB,SOL,200,11,15,640214.5,2338984.09,-1698769.59,-0.5702,-0.1538
2026-09-27 20:24,DUMB,HYPE,200,25,18,9461908.47,9484478.33,-22569.86,-0.0012,0.1628
2026-09-27 20:24,DUMB,XRP,200,5,6,203400.82,964003.13,-760602.31,-0.6515,-0.0909
2026-09-27 20:24,DUMB,BNB,200,6,3,680225.19,473992.72,206232.47,0.1787,0.3333
2026-09-28 00:36,SMART,BTC,200,31,15,22447241.05,17447888.03,4999353.03,0.1253,0.3478
2026-09-28 00:36,SMART,ETH,200,24,8,5501466.2,3259707.95,2241758.25,0.2559,0.5
2026-09-28 00:36,SMART,SOL,200,17,4,1133134.63,126614.62,1006520.01,0.799,0.619
2026-09-28 00:36,SMART,HYPE,200,40,10,15877106.42,5070207.29,10806899.14,0.5159,0.6
2026-09-28 00:36,SMART,XRP,200,11,3,19127022.2,335565.7,18791456.5,0.9655,0.5714
2026-09-28 00:36,SMART,BNB,200,5,2,312879.64,181442.48,131437.17,0.2659,0.4286
2026-09-28 00:36,DUMB,BTC,200,23,18,21590465.04,47320177.02,-25729711.99,-0.3734,0.122
2026-09-28 00:36,DUMB,ETH,200,19,13,3000077.5,38586628.9,-35586551.4,-0.8557,0.1875
2026-09-28 00:36,DUMB,SOL,200,12,12,1106520.05,2108453.65,-1001933.6,-0.3116,0.0
2026-09-28 00:36,DUMB,HYPE,200,26,15,14520847.06,8031907.09,6488939.96,0.2877,0.2683
2026-09-28 00:36,DUMB,XRP,200,6,5,235165.74,856173.37,-621007.63,-0.569,0.0909
2026-09-28 00:36,DUMB,BNB,200,5,3,239340.2,472163.8,-232823.6,-0.3272,0.25
2026-09-28 04:28,SMART,BTC,200,27,16,12728907.23,17486167.07,-4757259.84,-0.1574,0.2558
2026-09-28 04:28,SMART,ETH,200,22,9,5298200.63,3261203.6,2036997.03,0.238,0.4194
2026-09-28 04:28,SMART,SOL,200,15,4,1005099.8,71910.16,933189.64,0.8665,0.5789
2026-09-28 04:28,SMART,HYPE,200,39,10,15438955.02,5097931.5,10341023.52,0.5035,0.5918
2026-09-28 04:28,SMART,XRP,200,10,3,14923021.96,331910.36,14591111.6,0.9565,0.5385
2026-09-28 04:28,SMART,BNB,200,5,2,310220.54,179845.56,130374.98,0.266,0.4286
2026-09-28 04:28,DUMB,BTC,200,25,17,24565837.0,46386157.14,-21820320.14,-0.3075,0.1905
2026-09-28 04:28,DUMB,ETH,200,16,13,2757475.46,37960896.0,-35203420.54,-0.8646,0.1034
2026-09-28 04:28,DUMB,SOL,200,11,12,1090650.75,2091732.23,-1001081.48,-0.3146,-0.0435
2026-09-28 04:28,DUMB,HYPE,200,26,14,14088500.35,7809296.3,6279204.05,0.2868,0.3
2026-09-28 04:28,DUMB,XRP,200,6,6,232770.16,859452.51,-626682.34,-0.5738,0.0
2026-09-28 04:28,DUMB,BNB,200,4,3,229923.58,476536.85,-246613.27,-0.3491,0.1429
2026-09-28 08:31,SMART,BTC,200,27,17,12451096.36,16249172.48,-3798076.13,-0.1323,0.2273
2026-09-28 08:31,SMART,ETH,200,22,9,5319916.92,3248719.64,2071197.28,0.2417,0.4194
2026-09-28 08:31,SMART,SOL,200,15,4,994701.36,70920.6,923780.75,0.8669,0.5789
2026-09-28 08:31,SMART,HYPE,200,38,10,15835760.71,5041530.11,10794230.6,0.517,0.5833
2026-09-28 08:31,SMART,XRP,200,10,3,6626150.03,189206.41,6436943.62,0.9445,0.5385
2026-09-28 08:31,SMART,BNB,200,5,2,306181.97,177541.93,128640.03,0.2659,0.4286
2026-09-28 08:31,DUMB,BTC,200,24,18,22915461.89,46543046.26,-23627584.38,-0.3402,0.1429
2026-09-28 08:31,DUMB,ETH,200,17,13,3171868.43,37783622.58,-34611754.15,-0.8451,0.1333
2026-09-28 08:31,DUMB,SOL,200,10,11,1014243.0,2051507.84,-1037264.84,-0.3383,-0.0476
2026-09-28 08:31,DUMB,HYPE,200,27,14,13568234.42,7731914.91,5836319.51,0.274,0.3171
2026-09-28 08:31,DUMB,XRP,200,5,6,212601.44,860055.61,-647454.18,-0.6036,-0.0909
2026-09-28 08:31,DUMB,BNB,200,4,3,227029.61,527789.84,-300760.22,-0.3985,0.1429
2026-09-28 12:34,SMART,BTC,200,28,17,12727601.28,16518802.43,-3791201.15,-0.1296,0.2444
2026-09-28 12:34,SMART,ETH,200,23,8,5450109.25,3267600.57,2182508.67,0.2504,0.4839
2026-09-28 12:34,SMART,SOL,200,16,2,1074051.86,12058.06,1061993.79,0.9778,0.7778
2026-09-28 12:34,SMART,HYPE,200,39,10,15812006.11,5094031.58,10717974.53,0.5127,0.5918
2026-09-28 12:34,SMART,XRP,200,11,2,9267751.89,83565.72,9184186.17,0.9821,0.6923
2026-09-28 12:34,SMART,BNB,200,5,2,308730.14,179004.93,129725.22,0.266,0.4286
2026-09-28 12:34,DUMB,BTC,200,21,18,22738808.57,46321879.42,-23583070.85,-0.3415,0.0769
2026-09-28 12:34,DUMB,ETH,200,16,13,3211625.77,38246440.96,-35034815.19,-0.8451,0.1034
2026-09-28 12:34,DUMB,SOL,200,9,10,971602.9,1884148.54,-912545.64,-0.3195,-0.0526
2026-09-28 12:34,DUMB,HYPE,200,28,13,13417001.14,7805080.47,5611920.67,0.2644,0.3659
2026-09-28 12:34,DUMB,XRP,200,5,6,218525.09,892957.18,-674432.08,-0.6068,-0.0909
2026-09-28 12:34,DUMB,BNB,200,3,4,225398.87,555421.24,-330022.37,-0.4227,-0.1429
2026-09-28 16:30,SMART,BTC,200,28,14,13268627.78,13838587.39,-569959.6,-0.021,0.3333
2026-09-28 16:30,SMART,ETH,200,21,9,5411972.77,3485162.74,1926810.03,0.2166,0.4
2026-09-28 16:30,SMART,SOL,200,13,3,1108097.36,44095.8,1064001.56,0.9235,0.625
2026-09-28 16:30,SMART,HYPE,200,39,11,16801158.0,5128951.93,11672206.07,0.5322,0.56
2026-09-28 16:30,SMART,XRP,200,10,3,11557387.76,105375.91,11452011.85,0.9819,0.5385
2026-09-28 16:30,SMART,BNB,200,5,2,309186.12,179235.34,129950.77,0.2661,0.4286
2026-09-28 16:30,DUMB,BTC,200,22,18,32367676.59,43225563.43,-10857886.84,-0.1436,0.1
2026-09-28 16:30,DUMB,ETH,200,14,12,2545388.39,38507735.29,-35962346.9,-0.876,0.0769
2026-09-28 16:30,DUMB,SOL,200,9,10,959355.09,1932892.45,-973537.36,-0.3366,-0.0526
2026-09-28 16:30,DUMB,HYPE,200,21,13,9984642.48,7788122.52,2196519.97,0.1236,0.2353
2026-09-28 16:30,DUMB,XRP,200,4,7,216092.66,893086.29,-676993.63,-0.6104,-0.2727
2026-09-28 16:30,DUMB,BNB,200,3,4,225588.98,557424.79,-331835.81,-0.4238,-0.1429
2026-09-28 20:27,SMART,BTC,200,29,15,14000966.82,14212643.47,-211676.64,-0.0075,0.3182
2026-09-28 20:27,SMART,ETH,200,20,9,4269656.99,3271627.52,998029.47,0.1323,0.3793
2026-09-28 20:27,SMART,SOL,200,13,4,1095593.91,102043.34,993550.57,0.8296,0.5294
2026-09-28 20:27,SMART,HYPE,200,37,12,16796408.18,5495081.57,11301326.61,0.507,0.5102
2026-09-28 20:27,SMART,XRP,200,9,3,11258236.71,85421.43,11172815.28,0.9849,0.5
2026-09-28 20:27,SMART,BNB,200,5,2,307256.05,178097.41,129158.64,0.2661,0.4286
2026-09-28 20:27,DUMB,BTC,200,21,18,25366648.84,44074784.52,-18708135.68,-0.2694,0.0769
2026-09-28 20:27,DUMB,ETH,200,15,12,3895027.74,39125129.83,-35230102.09,-0.8189,0.1111
2026-09-28 20:27,DUMB,SOL,200,9,10,949274.82,1929065.7,-979790.88,-0.3404,-0.0526
2026-09-28 20:27,DUMB,HYPE,200,23,13,10404345.68,7708637.02,2695708.66,0.1488,0.2778
2026-09-28 20:27,DUMB,XRP,200,4,7,213213.33,894902.74,-681689.41,-0.6152,-0.2727
2026-09-28 20:27,DUMB,BNB,200,3,4,224277.81,554179.94,-329902.13,-0.4238,-0.1429
2026-09-29 00:34,SMART,BTC,200,25,21,10929940.86,14174391.93,-3244451.07,-0.1292,0.087
2026-09-29 00:34,SMART,ETH,200,26,11,7542530.06,6971916.8,570613.26,0.0393,0.4054
2026-09-29 00:34,SMART,SOL,200,11,4,893561.74,752372.73,141189.01,0.0858,0.4667
2026-09-29 00:34,SMART,HYPE,200,37,12,12634352.28,6592769.74,6041582.54,0.3142,0.5102
2026-09-29 00:34,SMART,XRP,200,6,4,208477.12,174381.9,34095.22,0.0891,0.2
2026-09-29 00:34,SMART,BNB,200,5,3,272153.08,184589.01,87564.07,0.1917,0.25
2026-09-29 00:34,DUMB,BTC,200,28,19,41559133.73,36575328.55,4983805.18,0.0638,0.1915
2026-09-29 00:34,DUMB,ETH,200,16,10,11102637.47,6067882.49,5034754.98,0.2932,0.2308
2026-09-29 00:34,DUMB,SOL,200,12,12,16290195.11,4823881.32,11466313.79,0.5431,0.0
2026-09-29 00:34,DUMB,HYPE,200,26,13,10632045.86,9543600.75,1088445.1,0.0539,0.3333
2026-09-29 00:34,DUMB,XRP,200,5,6,259334.73,1502392.63,-1243057.9,-0.7056,-0.0909
2026-09-29 00:34,DUMB,BNB,200,4,4,266301.9,583857.71,-317555.8,-0.3735,0.0
2026-09-29 04:28,SMART,BTC,200,24,22,10775638.19,14162386.95,-3386748.76,-0.1358,0.0435
2026-09-29 04:28,SMART,ETH,200,25,11,8012804.62,6910552.23,1102252.39,0.0739,0.3889
2026-09-29 04:28,SMART,SOL,200,11,6,884922.99,826239.94,58683.05,0.0343,0.2941
2026-09-29 04:28,SMART,HYPE,200,34,12,11967507.56,6578705.81,5388801.75,0.2906,0.4783
2026-09-29 04:28,SMART,XRP,200,6,4,206507.27,172777.75,33729.53,0.0889,0.2
2026-09-29 04:28,SMART,BNB,200,4,3,251669.76,183142.1,68527.66,0.1576,0.1429
2026-09-29 04:28,DUMB,BTC,200,29,19,41869254.75,27677366.48,14191888.27,0.2041,0.2083
2026-09-29 04:28,DUMB,ETH,200,15,10,9465989.13,6227512.68,3238476.45,0.2064,0.2
2026-09-29 04:28,DUMB,SOL,200,11,12,14722102.02,4587196.97,10134905.05,0.5249,-0.0435
2026-09-29 04:28,DUMB,HYPE,200,25,13,10920031.18,9666352.75,1253678.43,0.0609,0.3158
2026-09-29 04:28,DUMB,XRP,200,5,4,227326.54,59470.27,167856.27,0.5853,0.1111
2026-09-29 04:28,DUMB,BNB,200,4,4,264245.61,494159.92,-229914.31,-0.3032,0.0
2026-09-29 08:29,SMART,BTC,200,23,22,10893222.17,13817831.65,-2924609.47,-0.1184,0.0222
2026-09-29 08:29,SMART,ETH,200,29,10,9698520.31,6845742.43,2852777.88,0.1724,0.4872
2026-09-29 08:29,SMART,SOL,200,11,6,936370.96,838619.81,97751.15,0.0551,0.2941
2026-09-29 08:29,SMART,HYPE,200,33,12,15272163.55,6668590.11,8603573.44,0.3921,0.4667
2026-09-29 08:29,SMART,XRP,200,6,4,211682.7,175237.52,36445.17,0.0942,0.2
2026-09-29 08:29,SMART,BNB,200,3,3,24271.74,185070.52,-160798.78,-0.7681,0.0
2026-09-29 08:29,DUMB,BTC,200,31,18,44863104.28,15414652.2,29448452.08,0.4885,0.2653
2026-09-29 08:29,DUMB,ETH,200,17,10,12856384.9,6458499.37,6397885.53,0.3312,0.2593
2026-09-29 08:29,DUMB,SOL,200,12,12,15102971.79,4657087.64,10445884.16,0.5286,0.0
2026-09-29 08:29,DUMB,HYPE,200,29,13,11464097.71,9788683.9,1675413.81,0.0788,0.381
2026-09-29 08:29,DUMB,XRP,200,6,3,374705.58,49301.92,325403.66,0.7674,0.3333
2026-09-29 08:29,DUMB,BNB,200,4,4,266981.53,499130.85,-232149.32,-0.303,0.0
2026-09-29 12:34,SMART,BTC,200,24,20,10966449.27,13670676.8,-2704227.52,-0.1098,0.0909
2026-09-29 12:34,SMART,ETH,200,31,9,10586260.29,6907120.41,3679139.89,0.2103,0.55
2026-09-29 12:34,SMART,SOL,200,13,6,1062528.45,843880.65,218647.8,0.1147,0.3684
2026-09-29 12:34,SMART,HYPE,200,32,11,16254899.27,6579282.89,9675616.38,0.4237,0.4884
2026-09-29 12:34,SMART,XRP,200,6,4,215657.06,177994.24,37662.82,0.0957,0.2
2026-09-29 12:34,SMART,BNB,200,3,3,31884.39,184792.73,-152908.34,-0.7057,0.0
2026-09-29 12:34,DUMB,BTC,200,30,18,45799605.43,19723116.1,26076489.33,0.398,0.25
2026-09-29 12:34,DUMB,ETH,200,18,9,13344414.58,6896613.58,6447801.01,0.3186,0.3333
2026-09-29 12:34,DUMB,SOL,200,12,12,15200194.84,4683478.65,10516716.19,0.5289,0.0
2026-09-29 12:34,DUMB,HYPE,200,28,13,10751304.09,9734078.4,1017225.69,0.0497,0.3659
2026-09-29 12:34,DUMB,XRP,200,7,3,394604.33,44413.31,350191.02,0.7977,0.4
2026-09-29 12:34,DUMB,BNB,200,4,4,266673.99,502013.62,-235339.63,-0.3062,0.0
2026-09-29 16:30,SMART,BTC,200,23,19,8836684.02,13473967.93,-4637283.91,-0.2079,0.0952
2026-09-29 16:30,SMART,ETH,200,27,8,9217233.18,6722159.66,2495073.52,0.1565,0.5429
2026-09-29 16:30,SMART,SOL,200,14,5,1166539.79,819895.94,346643.85,0.1745,0.4737
2026-09-29 16:30,SMART,HYPE,200,33,11,17883063.4,6665637.65,11217425.75,0.4569,0.5
2026-09-29 16:30,SMART,XRP,200,8,5,256774.38,174454.65,82319.73,0.1909,0.2308
2026-09-29 16:30,SMART,BNB,200,3,3,31485.68,182385.46,-150899.78,-0.7056,0.0
2026-09-29 16:30,DUMB,BTC,200,31,18,49067826.48,49708377.15,-640550.67,-0.0065,0.2653
2026-09-29 16:30,DUMB,ETH,200,16,9,10125644.64,7093975.98,3031668.66,0.1761,0.28
2026-09-29 16:30,DUMB,SOL,200,12,12,14923122.87,4758975.92,10164146.94,0.5164,0.0
2026-09-29 16:30,DUMB,HYPE,200,28,12,8173207.33,9504720.32,-1331512.99,-0.0753,0.4
2026-09-29 16:30,DUMB,XRP,200,7,3,368354.88,38930.4,329424.48,0.8088,0.4
2026-09-29 16:30,DUMB,BNB,200,4,4,263025.07,490297.28,-227272.22,-0.3017,0.0
2026-09-29 20:28,SMART,BTC,200,24,21,8964368.04,15371309.89,-6406941.85,-0.2633,0.0667
2026-09-29 20:28,SMART,ETH,200,27,8,11322340.01,6755843.86,4566496.15,0.2526,0.5429
2026-09-29 20:28,SMART,SOL,200,13,5,1069709.63,825103.84,244605.79,0.1291,0.4444
2026-09-29 20:28,SMART,HYPE,200,32,13,19828103.83,6482686.79,13345417.04,0.5072,0.4222
2026-09-29 20:28,SMART,XRP,200,9,6,249428.37,1261309.7,-1011881.33,-0.6698,0.2
2026-09-29 20:28,SMART,BNB,200,3,3,42883.42,182670.96,-139787.54,-0.6198,0.0
2026-09-29 20:28,DUMB,BTC,200,30,20,46785434.43,55542858.51,-8757424.07,-0.0856,0.2
2026-09-29 20:28,DUMB,ETH,200,17,10,10177571.15,7261643.28,2915927.87,0.1672,0.2593
2026-09-29 20:28,DUMB,SOL,200,12,11,15018281.26,4429194.16,10589087.1,0.5445,0.0435
2026-09-29 20:28,DUMB,HYPE,200,27,12,8290005.81,9438671.98,-1148666.18,-0.0648,0.3846
2026-09-29 20:28,DUMB,XRP,200,7,3,429287.45,38633.33,390654.12,0.8349,0.4
2026-09-29 20:28,DUMB,BNB,200,4,4,263596.73,489064.0,-225467.27,-0.2996,0.0
2026-09-30 00:35,SMART,BTC,200,26,18,8953230.06,12797525.86,-3844295.8,-0.1767,0.1818
2026-09-30 00:35,SMART,ETH,200,35,7,21343048.61,6709673.24,14633375.37,0.5216,0.6667
2026-09-30 00:35,SMART,SOL,200,15,4,1360706.92,97385.17,1263321.75,0.8664,0.5789
2026-09-30 00:35,SMART,HYPE,200,37,11,18264808.36,5148874.42,13115933.94,0.5602,0.5417
2026-09-30 00:35,SMART,XRP,200,8,5,248054.92,32874.78,215180.14,0.766,0.2308
2026-09-30 00:35,SMART,BNB,200,4,3,43583.29,183357.78,-139774.5,-0.6159,0.1429
2026-09-30 00:35,DUMB,BTC,200,28,16,39911776.96,49825949.07,-9914172.1,-0.1105,0.2727
2026-09-30 00:35,DUMB,ETH,200,20,9,13113883.11,4910308.21,8203574.9,0.4551,0.3793
2026-09-30 00:35,DUMB,SOL,200,13,9,15278920.91,1423813.41,13855107.5,0.8295,0.1818
2026-09-30 00:35,DUMB,HYPE,200,26,12,19113523.41,6638183.65,12475339.76,0.4844,0.3684
2026-09-30 00:35,DUMB,XRP,200,8,2,4403405.58,18047.99,4385357.59,0.9918,0.6
2026-09-30 00:35,DUMB,BNB,200,4,4,264494.04,490061.35,-225567.31,-0.2989,0.0
2026-09-30 04:28,SMART,BTC,200,25,19,8868010.39,12824276.7,-3956266.3,-0.1824,0.1364
2026-09-30 04:28,SMART,ETH,200,35,8,21370761.33,6728942.37,14641818.96,0.5211,0.6279
2026-09-30 04:28,SMART,SOL,200,14,5,1360938.82,118977.7,1241961.12,0.8392,0.4737
2026-09-30 04:28,SMART,HYPE,200,37,11,18210840.91,5042784.08,13168056.83,0.5663,0.5417
2026-09-30 04:28,SMART,XRP,200,8,5,249050.88,33020.44,216030.44,0.7659,0.2308
2026-09-30 04:28,SMART,BNB,200,4,3,43833.04,184302.56,-140469.52,-0.6157,0.1429
2026-09-30 04:28,DUMB,BTC,200,28,16,40072837.03,49756184.39,-9683347.36,-0.1078,0.2727
2026-09-30 04:28,DUMB,ETH,200,20,9,13287502.62,4948233.46,8339269.16,0.4573,0.3793
2026-09-30 04:28,DUMB,SOL,200,13,9,15338731.85,1424627.87,13914103.98,0.83,0.1818
2026-09-30 04:28,DUMB,HYPE,200,24,12,19051514.06,6614161.75,12437352.32,0.4846,0.3333
2026-09-30 04:28,DUMB,XRP,200,9,2,4436624.0,18118.58,4418505.43,0.9919,0.6364
2026-09-30 04:28,DUMB,BNB,200,4,4,265894.75,496764.93,-230870.18,-0.3027,0.0
2026-09-30 08:32,SMART,BTC,200,26,16,8927954.08,11692739.81,-2764785.74,-0.1341,0.2381
2026-09-30 08:32,SMART,ETH,200,36,7,22700970.06,6686245.14,16014724.92,0.545,0.6744
2026-09-30 08:32,SMART,SOL,200,16,4,1440357.6,108179.97,1332177.63,0.8603,0.6
2026-09-30 08:32,SMART,HYPE,200,37,11,17888811.07,5035327.07,12853484.0,0.5607,0.5417
2026-09-30 08:32,SMART,XRP,200,8,5,248406.83,32951.89,215454.94,0.7658,0.2308
2026-09-30 08:32,SMART,BNB,200,4,3,43505.03,182938.7,-139433.67,-0.6158,0.1429
2026-09-30 08:32,DUMB,BTC,200,27,16,39793149.73,49584629.87,-9791480.14,-0.1096,0.2558
2026-09-30 08:32,DUMB,ETH,200,19,9,12356538.33,4915643.44,7440894.89,0.4308,0.3571
2026-09-30 08:32,DUMB,SOL,200,13,9,15150878.42,1396651.97,13754226.45,0.8312,0.1818
2026-09-30 08:32,DUMB,HYPE,200,24,12,19145907.39,6605259.5,12540647.89,0.487,0.3333
2026-09-30 08:32,DUMB,XRP,200,8,2,4409748.26,18075.37,4391672.89,0.9918,0.6
2026-09-30 08:32,DUMB,BNB,200,4,4,263955.18,490211.17,-226255.99,-0.3,0.0
2026-09-30 12:37,SMART,BTC,200,24,15,8392838.98,10735906.06,-2343067.09,-0.1225,0.2308
2026-09-30 12:37,SMART,ETH,200,33,6,22837533.38,6684174.75,16153358.64,0.5472,0.6923
2026-09-30 12:37,SMART,SOL,200,16,3,1514897.06,16887.37,1498009.69,0.978,0.6842
2026-09-30 12:37,SMART,HYPE,200,37,11,17858806.65,5118424.62,12740382.03,0.5545,0.5417
2026-09-30 12:37,SMART,XRP,200,11,4,358873.94,32986.71,325887.22,0.8316,0.4667
2026-09-30 12:37,SMART,BNB,200,4,3,44369.92,187601.82,-143231.9,-0.6175,0.1429
2026-09-30 12:37,DUMB,BTC,200,26,16,45728820.16,49423579.47,-3694759.31,-0.0388,0.2381
2026-09-30 12:37,DUMB,ETH,200,19,9,12540378.04,4989302.2,7551075.84,0.4308,0.3571
2026-09-30 12:37,DUMB,SOL,200,12,9,15475232.46,1424666.69,14050565.77,0.8314,0.1429
2026-09-30 12:37,DUMB,HYPE,200,23,12,19354747.78,6738687.73,12616060.04,0.4835,0.3143
2026-09-30 12:37,DUMB,XRP,200,7,2,4262472.69,10098.78,4252373.91,0.9953,0.5556
2026-09-30 12:37,DUMB,BNB,200,4,4,269663.99,495743.51,-226079.53,-0.2954,0.0
2026-09-30 16:31,SMART,BTC,200,23,17,9050194.45,11663374.42,-2613179.97,-0.1262,0.15
2026-09-30 16:31,SMART,ETH,200,32,8,22222870.01,8090639.81,14132230.2,0.4662,0.6
2026-09-30 16:31,SMART,SOL,200,15,4,1388485.09,145297.12,1243187.97,0.8105,0.5789
2026-09-30 16:31,SMART,HYPE,200,39,11,19302012.77,4930438.8,14371573.97,0.5931,0.56
2026-09-30 16:31,SMART,XRP,200,9,4,252573.4,41482.38,211091.01,0.7179,0.3846
2026-09-30 16:31,SMART,BNB,200,3,3,13373.62,186568.65,-173195.03,-0.8662,0.0
2026-09-30 16:31,DUMB,BTC,200,28,15,57778186.55,15225333.49,42552853.07,0.5829,0.3023
2026-09-30 16:31,DUMB,ETH,200,18,9,11291711.87,4958371.93,6333339.94,0.3897,0.3333
2026-09-30 16:31,DUMB,SOL,200,12,9,15270948.95,1386112.53,13884836.42,0.8336,0.1429
2026-09-30 16:31,DUMB,HYPE,200,26,13,19284150.89,6903422.88,12380728.02,0.4728,0.3333
2026-09-30 16:31,DUMB,XRP,200,6,2,4171009.61,9930.23,4161079.38,0.9952,0.5
2026-09-30 16:31,DUMB,BNB,200,4,4,267940.44,492828.15,-224887.71,-0.2956,0.0
2026-09-30 20:28,SMART,BTC,200,25,16,11440704.4,9865936.06,1574768.35,0.0739,0.2195
2026-09-30 20:28,SMART,ETH,200,31,8,20704118.11,8076660.43,12627457.68,0.4387,0.5897
2026-09-30 20:28,SMART,SOL,200,13,4,977433.48,143396.24,834037.24,0.7441,0.5294
2026-09-30 20:28,SMART,HYPE,200,42,10,21973616.7,4941926.56,17031690.14,0.6328,0.6154
2026-09-30 20:28,SMART,XRP,200,10,4,287912.18,40642.46,247269.72,0.7526,0.4286
2026-09-30 20:28,SMART,BNB,200,3,3,13348.47,186230.5,-172882.03,-0.8662,0.0
2026-09-30 20:28,DUMB,BTC,200,27,14,47783334.79,14946384.6,32836950.19,0.5235,0.3171
2026-09-30 20:28,DUMB,ETH,200,19,9,12657104.36,4897632.34,7759472.02,0.442,0.3571
2026-09-30 20:28,DUMB,SOL,200,11,8,15058380.28,1297092.48,13761287.8,0.8414,0.1579
2026-09-30 20:28,DUMB,HYPE,200,21,13,20226402.88,7240418.68,12985984.2,0.4728,0.2353
2026-09-30 20:28,DUMB,XRP,200,6,2,4140543.95,5398.95,4135145.0,0.9974,0.5
2026-09-30 20:28,DUMB,BNB,200,4,4,267470.13,494433.29,-226963.16,-0.2979,0.0
2026-10-01 00:37,SMART,BTC,200,30,18,17315854.56,3825624.0,13490230.56,0.6381,0.25
2026-10-01 00:37,SMART,ETH,200,31,6,25161000.71,1630560.36,23530440.35,0.8783,0.6757
2026-10-01 00:37,SMART,SOL,200,15,6,2795192.81,884448.62,1910744.19,0.5193,0.4286
2026-10-01 00:37,SMART,HYPE,200,41,9,19278213.63,7124814.14,12153399.49,0.4603,0.64
2026-10-01 00:37,SMART,XRP,200,14,4,12896747.56,1002728.55,11894019.01,0.8557,0.5556
2026-10-01 00:37,SMART,BNB,200,3,3,801413.56,186541.94,614871.62,0.6224,0.0
2026-10-01 00:37,DUMB,BTC,200,24,18,39757094.29,15276337.15,24480757.14,0.4448,0.1429
2026-10-01 00:37,DUMB,ETH,200,15,10,11183666.92,4866928.28,6316738.64,0.3936,0.2
2026-10-01 00:37,DUMB,SOL,200,10,7,18868618.49,1283929.92,17584688.57,0.8726,0.1765
2026-10-01 00:37,DUMB,HYPE,200,17,14,5371930.5,6186929.18,-814998.69,-0.0705,0.0968
2026-10-01 00:37,DUMB,XRP,200,8,3,5038421.14,13150.77,5025270.37,0.9948,0.4545
2026-10-01 00:37,DUMB,BNB,200,2,4,225479.81,493416.99,-267937.18,-0.3727,-0.3333
2026-10-01 04:29,SMART,BTC,200,29,18,17186981.78,3843430.35,13343551.43,0.6345,0.234
2026-10-01 04:29,SMART,ETH,200,32,8,25305932.86,1865986.42,23439946.43,0.8627,0.6
2026-10-01 04:29,SMART,SOL,200,15,6,2809156.46,882237.25,1926919.21,0.522,0.4286
2026-10-01 04:29,SMART,HYPE,200,41,9,19083381.9,7022791.47,12060590.43,0.462,0.64
2026-10-01 04:29,SMART,XRP,200,14,4,15126618.12,1121087.46,14005530.66,0.862,0.5556
2026-10-01 04:29,SMART,BNB,200,3,3,800796.49,186404.01,614392.48,0.6224,0.0
2026-10-01 04:29,DUMB,BTC,200,24,19,40001691.44,15941891.6,24059799.83,0.4301,0.1163
2026-10-01 04:29,DUMB,ETH,200,15,10,10980551.93,4913489.25,6067062.68,0.3817,0.2
2026-10-01 04:29,DUMB,SOL,200,10,7,18981272.31,1289692.59,17691579.72,0.8728,0.1765
2026-10-01 04:29,DUMB,HYPE,200,17,14,2955107.94,6100405.24,-3145297.3,-0.3473,0.0968
2026-10-01 04:29,DUMB,XRP,200,8,3,5087790.19,17802.56,5069987.62,0.993,0.4545
2026-10-01 04:29,DUMB,BNB,200,2,4,225429.02,497561.25,-272132.23,-0.3764,-0.3333
2026-10-01 08:32,SMART,BTC,200,30,17,17148394.68,2022979.3,15125415.38,0.789,0.2766
2026-10-01 08:32,SMART,ETH,200,33,9,25185590.4,2047483.62,23138106.79,0.8496,0.5714
2026-10-01 08:32,SMART,SOL,200,16,7,2865668.2,1594585.21,1271082.98,0.285,0.3913
2026-10-01 08:32,SMART,HYPE,200,42,9,20482457.54,7021319.19,13461138.35,0.4894,0.6471
2026-10-01 08:32,SMART,XRP,200,14,4,15270235.69,1106333.23,14163902.46,0.8649,0.5556
2026-10-01 08:32,SMART,BNB,200,3,3,795813.74,185219.16,610594.58,0.6224,0.0
2026-10-01 08:32,DUMB,BTC,200,23,20,39374696.25,16353116.68,23021579.58,0.4131,0.0698
2026-10-01 08:32,DUMB,ETH,200,15,11,10886534.37,5062221.94,5824312.44,0.3652,0.1538
2026-10-01 08:32,DUMB,SOL,200,9,7,18454856.24,1272938.24,17181917.99,0.8709,0.125
2026-10-01 08:32,DUMB,HYPE,200,16,12,2763628.33,5761803.12,-2998174.79,-0.3517,0.1429
2026-10-01 08:32,DUMB,XRP,200,6,3,4100633.7,25309.1,4075324.61,0.9877,0.3333
2026-10-01 08:32,DUMB,BNB,200,2,5,223823.99,523214.94,-299390.95,-0.4008,-0.4286
2026-10-01 12:35,SMART,BTC,200,31,16,17298785.63,2392043.6,14906742.02,0.757,0.3191
2026-10-01 12:35,SMART,ETH,200,33,10,25381438.43,2883027.85,22498410.58,0.796,0.5349
2026-10-01 12:35,SMART,SOL,200,16,8,2817623.41,1618712.1,1198911.31,0.2702,0.3333
2026-10-01 12:35,SMART,HYPE,200,41,10,22208157.5,7276412.67,14931744.84,0.5064,0.6078
2026-10-01 12:35,SMART,XRP,200,12,5,15756022.4,1116072.55,14639949.85,0.8677,0.4118
2026-10-01 12:35,SMART,BNB,200,3,3,801792.32,183347.01,618445.3,0.6278,0.0
2026-10-01 12:35,DUMB,BTC,200,22,19,39959950.77,16325272.67,23634678.1,0.4199,0.0732
2026-10-01 12:35,DUMB,ETH,200,11,10,9677312.04,4985582.12,4691729.92,0.32,0.0476
2026-10-01 12:35,DUMB,SOL,200,9,7,18522997.11,3704478.1,14818519.02,0.6667,0.125
2026-10-01 12:35,DUMB,HYPE,200,19,12,3143226.17,5764794.0,-2621567.84,-0.2943,0.2258
2026-10-01 12:35,DUMB,XRP,200,7,3,4163951.2,41867.23,4122083.96,0.9801,0.4
2026-10-01 12:35,DUMB,BNB,200,2,4,225669.46,489032.02,-263362.56,-0.3685,-0.3333
2026-10-01 16:29,SMART,BTC,200,30,17,18203736.25,4350992.61,13852743.64,0.6142,0.2766
2026-10-01 16:29,SMART,ETH,200,32,9,25187090.71,2676320.0,22510770.71,0.8079,0.561
2026-10-01 16:29,SMART,SOL,200,17,8,3170738.77,1597483.11,1573255.66,0.3299,0.36
2026-10-01 16:29,SMART,HYPE,200,40,10,19653385.7,7017324.76,12636060.94,0.4738,0.6
2026-10-01 16:29,SMART,XRP,200,13,5,15738972.91,1113364.12,14625608.78,0.8679,0.4444
2026-10-01 16:29,SMART,BNB,200,3,3,798830.17,182675.1,616155.07,0.6278,0.0
2026-10-01 16:29,DUMB,BTC,200,21,17,39012994.96,16053365.01,22959629.95,0.4169,0.1053
2026-10-01 16:29,DUMB,ETH,200,12,11,9726330.7,5082679.23,4643651.47,0.3136,0.0435
2026-10-01 16:29,DUMB,SOL,200,9,7,18498840.01,3934098.27,14564741.74,0.6493,0.125
2026-10-01 16:29,DUMB,HYPE,200,15,12,2580758.93,5437133.58,-2856374.65,-0.3563,0.1111
2026-10-01 16:29,DUMB,XRP,200,7,3,4153877.97,46289.93,4107588.05,0.978,0.4
2026-10-01 16:29,DUMB,BNB,200,2,4,224872.32,482684.89,-257812.57,-0.3644,-0.3333
2026-10-01 20:30,SMART,BTC,200,29,17,18291928.54,2985582.57,15306345.97,0.7194,0.2609
2026-10-01 20:30,SMART,ETH,200,30,9,25179800.11,2833865.65,22345934.46,0.7977,0.5385
2026-10-01 20:30,SMART,SOL,200,17,8,3243410.14,1413915.36,1829494.78,0.3928,0.36
2026-10-01 20:30,SMART,HYPE,200,39,10,19166394.02,7026345.21,12140048.8,0.4635,0.5918
2026-10-01 20:30,SMART,XRP,200,12,5,15503855.46,1136104.71,14367750.75,0.8634,0.4118
2026-10-01 20:30,SMART,BNB,200,3,3,801564.97,183300.54,618264.43,0.6278,0.0
2026-10-01 20:30,DUMB,BTC,200,23,18,38977120.32,32893996.1,6083124.22,0.0846,0.122
2026-10-01 20:30,DUMB,ETH,200,12,12,10118820.83,8443561.78,1675259.04,0.0903,0.0
2026-10-01 20:30,DUMB,SOL,200,9,8,18626440.43,4231979.54,14394460.9,0.6297,0.0588
2026-10-01 20:30,DUMB,HYPE,200,17,13,3432906.15,4312255.61,-879349.46,-0.1135,0.1333
2026-10-01 20:30,DUMB,XRP,200,6,4,4164010.16,82040.09,4081970.07,0.9614,0.2
2026-10-01 20:30,DUMB,BNB,200,2,4,225646.49,484307.55,-258661.06,-0.3643,-0.3333
2026-10-02 00:35,SMART,BTC,200,24,14,15433886.95,4657919.51,10775967.45,0.5363,0.2632
2026-10-02 00:35,SMART,ETH,200,26,7,19315074.31,2625402.75,16689671.56,0.7607,0.5758
2026-10-02 00:35,SMART,SOL,200,12,7,1226167.61,1308088.44,-81920.83,-0.0323,0.2632
2026-10-02 00:35,SMART,HYPE,200,37,10,13646851.53,3857288.47,9789563.06,0.5593,0.5745
2026-10-02 00:35,SMART,XRP,200,8,3,418330.76,1053698.53,-635367.77,-0.4316,0.4545
2026-10-02 00:35,SMART,BNB,200,3,3,205608.46,183673.3,21935.16,0.0563,0.0
2026-10-02 00:35,DUMB,BTC,200,27,15,41024172.01,23436546.25,17587625.77,0.2728,0.2857
2026-10-02 00:35,DUMB,ETH,200,16,11,11275988.19,7956193.76,3319794.42,0.1726,0.1852
2026-10-02 00:35,DUMB,SOL,200,11,8,18813114.67,1406737.09,17406377.57,0.8609,0.1579
2026-10-02 00:35,DUMB,HYPE,200,21,14,6980388.57,8357680.44,-1377291.87,-0.0898,0.2
2026-10-02 00:35,DUMB,XRP,200,5,5,303378.12,67094.86,236283.26,0.6378,0.0
2026-10-02 00:35,DUMB,BNB,200,3,4,250043.1,98279.97,151763.13,0.4357,-0.1429
2026-10-02 04:29,SMART,BTC,200,22,12,15046397.46,4740076.01,10306321.45,0.5209,0.2941
2026-10-02 04:29,SMART,ETH,200,26,9,19450989.82,3594899.97,15856089.86,0.688,0.4857
2026-10-02 04:29,SMART,SOL,200,9,9,811352.89,1770366.0,-959013.11,-0.3715,0.0
2026-10-02 04:29,SMART,HYPE,200,38,10,13964763.11,3888829.74,10075933.38,0.5644,0.5833
2026-10-02 04:29,SMART,XRP,200,8,3,428254.04,1078449.75,-650195.71,-0.4315,0.4545
2026-10-02 04:29,SMART,BNB,200,3,3,208374.62,185955.82,22418.8,0.0569,0.0
2026-10-02 04:29,DUMB,BTC,200,27,15,40655765.68,24301365.66,16354400.02,0.2518,0.2857
2026-10-02 04:29,DUMB,ETH,200,17,11,11528225.79,8100364.74,3427861.05,0.1746,0.2143
2026-10-02 04:29,DUMB,SOL,200,11,8,19422520.72,1441258.04,17981262.68,0.8618,0.1579
2026-10-02 04:29,DUMB,HYPE,200,20,14,6824698.82,8767237.03,-1942538.21,-0.1246,0.1765
2026-10-02 04:29,DUMB,XRP,200,5,5,310544.24,60556.75,249987.49,0.6736,0.0
2026-10-02 04:29,DUMB,BNB,200,3,4,253512.6,104404.77,149107.83,0.4166,-0.1429
2026-10-02 08:29,SMART,BTC,200,23,13,17133910.61,5746151.55,11387759.06,0.4977,0.2778
2026-10-02 08:29,SMART,ETH,200,28,6,20067883.92,2201712.27,17866171.65,0.8023,0.6471
2026-10-02 08:29,SMART,SOL,200,10,9,853161.41,2100913.21,-1247751.8,-0.4224,0.0526
2026-10-02 08:29,SMART,HYPE,200,39,10,13685115.21,3915934.68,9769180.54,0.555,0.5918
2026-10-02 08:29,SMART,XRP,200,8,3,433601.9,1084231.48,-650629.58,-0.4287,0.4545
2026-10-02 08:29,SMART,BNB,200,3,3,207709.05,185578.35,22130.7,0.0563,0.0
2026-10-02 08:29,DUMB,BTC,200,26,16,41185960.55,23799309.19,17386651.36,0.2675,0.2381
2026-10-02 08:29,DUMB,ETH,200,17,12,11863154.12,9063232.74,2799921.39,0.1338,0.1724
2026-10-02 08:29,DUMB,SOL,200,12,8,21157785.33,1427058.1,19730727.23,0.8736,0.2
2026-10-02 08:29,DUMB,HYPE,200,18,15,4778667.7,8923195.3,-4144527.6,-0.3025,0.0909
2026-10-02 08:29,DUMB,XRP,200,5,5,312366.1,56374.86,255991.24,0.6942,0.0
2026-10-02 08:29,DUMB,BNB,200,3,4,252755.49,96881.89,155873.6,0.4458,-0.1429
2026-10-02 12:33,SMART,BTC,200,25,13,17275898.84,5583874.45,11692024.39,0.5115,0.3158
2026-10-02 12:33,SMART,ETH,200,29,7,20123386.93,2192869.6,17930517.32,0.8035,0.6111
2026-10-02 12:33,SMART,SOL,200,12,9,910279.71,2277229.03,-1366949.33,-0.4288,0.1429
2026-10-02 12:33,SMART,HYPE,200,37,10,13474675.79,3954655.89,9520019.9,0.5462,0.5745
2026-10-02 12:33,SMART,XRP,200,9,3,578120.03,1086684.27,-508564.23,-0.3055,0.5
2026-10-02 12:33,SMART,BNB,200,3,3,207726.11,184872.76,22853.35,0.0582,0.0
2026-10-02 12:33,DUMB,BTC,200,27,15,41185699.83,21892469.7,19293230.13,0.3059,0.2857
2026-10-02 12:33,DUMB,ETH,200,16,12,10902510.43,9347290.18,1555220.25,0.0768,0.1429
2026-10-02 12:33,DUMB,SOL,200,12,8,21213489.04,1419528.93,19793960.11,0.8746,0.2
2026-10-02 12:33,DUMB,HYPE,200,18,17,4427617.3,9086066.04,-4658448.74,-0.3447,0.0286
2026-10-02 12:33,DUMB,XRP,200,6,4,344936.96,117463.43,227473.53,0.4919,0.2
2026-10-02 12:33,DUMB,BNB,200,3,4,252779.45,103996.09,148783.37,0.417,-0.1429
2026-10-02 16:28,SMART,BTC,200,27,14,22523886.53,6184605.28,16339281.24,0.5691,0.3171
2026-10-02 16:28,SMART,ETH,200,31,7,23988482.53,1708164.47,22280318.06,0.8671,0.6316
2026-10-02 16:28,SMART,SOL,200,16,8,1654380.72,2213011.1,-558630.38,-0.1444,0.3333
2026-10-02 16:28,SMART,HYPE,200,40,10,13755555.72,4326692.06,9428863.66,0.5214,0.6
2026-10-02 16:28,SMART,XRP,200,9,3,587740.53,1058185.64,-470445.12,-0.2858,0.5
2026-10-02 16:28,SMART,BNB,200,3,2,206167.06,88345.87,117821.19,0.4001,0.2
2026-10-02 16:28,DUMB,BTC,200,27,15,39304025.19,11594134.21,27709890.98,0.5444,0.2857
2026-10-02 16:28,DUMB,ETH,200,16,11,10679855.89,8284900.4,2394955.5,0.1263,0.1852
2026-10-02 16:28,DUMB,SOL,200,12,8,20845380.21,1390508.89,19454871.32,0.8749,0.2
2026-10-02 16:28,DUMB,HYPE,200,21,15,4407988.3,8791396.38,-4383408.09,-0.3321,0.1667
2026-10-02 16:28,DUMB,XRP,200,6,5,335365.45,157685.63,177679.82,0.3604,0.0909
2026-10-02 16:28,DUMB,BNB,200,3,4,250670.75,102539.82,148130.93,0.4194,-0.1429
2026-10-02 20:26,SMART,BTC,200,29,14,23013464.44,5702645.13,17310819.31,0.6028,0.3488
2026-10-02 20:26,SMART,ETH,200,32,6,22291614.58,1693764.92,20597849.66,0.8588,0.6842
2026-10-02 20:26,SMART,SOL,200,13,6,1537143.32,2062598.78,-525455.46,-0.146,0.3684
2026-10-02 20:26,SMART,HYPE,200,40,11,14078692.21,4232826.78,9845865.43,0.5377,0.5686
2026-10-02 20:26,SMART,XRP,200,9,3,617368.22,890276.9,-272908.68,-0.181,0.5
2026-10-02 20:26,SMART,BNB,200,3,2,204422.0,87542.8,116879.2,0.4003,0.2
2026-10-02 20:26,DUMB,BTC,200,26,14,41079335.26,10503048.79,30576286.47,0.5928,0.3
2026-10-02 20:26,DUMB,ETH,200,15,11,10235374.54,8033865.37,2201509.17,0.1205,0.1538
2026-10-02 20:26,DUMB,SOL,200,10,10,15127870.3,1498099.17,13629771.13,0.8198,0.0
2026-10-02 20:26,DUMB,HYPE,200,21,14,4486820.33,8360391.59,-3873571.26,-0.3015,0.2
2026-10-02 20:26,DUMB,XRP,200,4,5,217423.36,211903.21,5520.15,0.0129,-0.1111
2026-10-02 20:26,DUMB,BNB,200,3,4,248527.52,95029.66,153497.85,0.4468,-0.1429
2026-10-03 00:32,SMART,BTC,200,30,17,60314035.52,5469950.37,54844085.15,0.8337,0.2766
2026-10-03 00:32,SMART,ETH,200,31,7,12796999.47,2231406.09,10565593.39,0.703,0.6316
2026-10-03 00:32,SMART,SOL,200,13,7,1567092.88,2450732.23,-883639.35,-0.2199,0.3
2026-10-03 00:32,SMART,HYPE,200,38,13,13152143.05,4991526.53,8160616.52,0.4498,0.4902
2026-10-03 00:32,SMART,XRP,200,9,4,1056464.17,1062346.88,-5882.71,-0.0028,0.3846
2026-10-03 00:32,SMART,BNB,200,3,2,204958.87,87807.06,117151.8,0.4002,0.2
2026-10-03 00:32,DUMB,BTC,200,26,13,42341696.59,14677720.4,27663976.2,0.4852,0.3333
2026-10-03 00:32,DUMB,ETH,200,21,12,16174607.91,13168626.13,3005981.78,0.1024,0.2727
2026-10-03 00:32,DUMB,SOL,200,12,10,15328815.38,1488193.54,13840621.84,0.823,0.0909
2026-10-03 00:32,DUMB,HYPE,200,19,14,4805291.4,6333679.17,-1528387.77,-0.1372,0.1515
2026-10-03 00:32,DUMB,XRP,200,5,7,307070.27,419775.82,-112705.55,-0.1551,-0.1667
2026-10-03 00:32,DUMB,BNB,200,2,5,225387.96,138295.56,87092.41,0.2395,-0.4286
2026-10-03 04:28,SMART,BTC,200,28,17,61728368.9,5465513.69,56262855.2,0.8373,0.2444
2026-10-03 04:28,SMART,ETH,200,31,7,13331913.57,2230501.1,11101412.47,0.7133,0.6316
2026-10-03 04:28,SMART,SOL,200,14,7,1595190.33,2446936.9,-851746.57,-0.2107,0.3333
2026-10-03 04:28,SMART,HYPE,200,37,12,12858287.32,4283218.29,8575069.03,0.5003,0.5102
2026-10-03 04:28,SMART,XRP,200,9,4,1053550.79,1060770.65,-7219.87,-0.0034,0.3846
2026-10-03 04:28,SMART,BNB,200,4,2,205468.66,87486.65,117982.01,0.4027,0.3333
2026-10-03 04:28,DUMB,BTC,200,27,12,43360625.87,14712910.25,28647715.63,0.4933,0.3846
2026-10-03 04:28,DUMB,ETH,200,21,12,16167618.54,13187056.58,2980561.96,0.1015,0.2727
2026-10-03 04:28,DUMB,SOL,200,12,10,15307426.71,1486341.85,13821084.87,0.823,0.0909
2026-10-03 04:28,DUMB,HYPE,200,18,15,4865666.87,6235508.99,-1369842.12,-0.1234,0.0909
2026-10-03 04:28,DUMB,XRP,200,5,7,306255.23,418665.63,-112410.4,-0.1551,-0.1667
2026-10-03 04:28,DUMB,BNB,200,2,5,224579.63,137534.53,87045.09,0.2404,-0.4286
2026-10-03 08:27,SMART,BTC,200,28,17,61759479.37,5468267.8,56291211.58,0.8373,0.2444
2026-10-03 08:27,SMART,ETH,200,31,7,13361527.43,2235074.37,11126453.06,0.7134,0.6316
2026-10-03 08:27,SMART,SOL,200,14,7,1598242.83,2451603.8,-853360.97,-0.2107,0.3333
2026-10-03 08:27,SMART,HYPE,200,37,12,12880049.51,4290572.51,8589477.01,0.5002,0.5102
2026-10-03 08:27,SMART,XRP,200,8,4,1006729.17,1031144.65,-24415.49,-0.012,0.3333
2026-10-03 08:27,SMART,BNB,200,4,2,206816.29,87349.58,119466.71,0.4061,0.3333
2026-10-03 08:27,DUMB,BTC,200,27,12,43397798.23,14592387.46,28805410.77,0.4967,0.3846
2026-10-03 08:27,DUMB,ETH,200,22,12,16656703.33,13166418.27,3490285.06,0.117,0.2941
2026-10-03 08:27,DUMB,SOL,200,12,10,15340553.56,1516758.51,13823795.06,0.82,0.0909
2026-10-03 08:27,DUMB,HYPE,200,19,15,5088527.6,6086148.62,-997621.01,-0.0893,0.1176
2026-10-03 08:27,DUMB,XRP,200,5,7,305575.53,417713.94,-112138.4,-0.155,-0.1667
2026-10-03 08:27,DUMB,BNB,200,2,5,224257.29,136678.16,87579.12,0.2426,-0.4286
2026-10-03 15:04,SMART,BTC,200,28,18,61908152.82,6026484.76,55881668.06,0.8226,0.2174
2026-10-03 15:04,SMART,ETH,200,31,7,13360874.75,2235840.18,11125034.57,0.7133,0.6316
2026-10-03 15:04,SMART,SOL,200,13,7,1582638.94,2458509.76,-875870.82,-0.2167,0.3
2026-10-03 15:04,SMART,HYPE,200,37,12,12955935.52,4323905.9,8632029.62,0.4995,0.5102
2026-10-03 15:04,SMART,XRP,200,8,4,1010404.53,1037246.26,-26841.74,-0.0131,0.3333
2026-10-03 15:04,SMART,BNB,200,5,1,214431.17,85509.3,128921.87,0.4298,0.6667
2026-10-03 15:04,DUMB,BTC,200,29,12,44858375.03,14576040.27,30282334.76,0.5095,0.4146
2026-10-03 15:04,DUMB,ETH,200,21,11,15750813.17,12999957.96,2750855.21,0.0957,0.3125
2026-10-03 15:04,DUMB,SOL,200,12,10,15429959.33,1514671.2,13915288.13,0.8212,0.0909
2026-10-03 15:04,DUMB,HYPE,200,20,14,5624399.49,6124800.36,-500400.87,-0.0426,0.1765
2026-10-03 15:04,DUMB,XRP,200,5,6,306742.26,417043.61,-110301.36,-0.1524,-0.0909
2026-10-03 15:04,DUMB,BNB,200,3,4,233168.13,119937.98,113230.15,0.3207,-0.1429
2026-10-03 20:06,SMART,BTC,200,28,20,63275375.21,6056682.1,57218693.11,0.8253,0.1667
2026-10-03 20:06,SMART,ETH,200,31,7,16088177.44,2241211.09,13846966.34,0.7555,0.6316
2026-10-03 20:06,SMART,SOL,200,12,6,1564993.82,2105850.6,-540856.79,-0.1473,0.3333
2026-10-03 20:06,SMART,HYPE,200,38,11,13064559.95,4321194.24,8743365.71,0.5029,0.551
2026-10-03 20:06,SMART,XRP,200,8,4,1011980.31,1051190.04,-39209.73,-0.019,0.3333
2026-10-03 20:06,SMART,BNB,200,6,1,326046.94,86739.59,239307.36,0.5797,0.7143
2026-10-03 20:06,DUMB,BTC,200,30,13,45323877.25,14697104.99,30626772.26,0.5103,0.3953
2026-10-03 20:06,DUMB,ETH,200,21,11,15848374.53,12855429.06,2992945.47,0.1043,0.3125
2026-10-03 20:06,DUMB,SOL,200,10,12,15418097.74,1589863.68,13828234.06,0.813,-0.0909
2026-10-03 20:06,DUMB,HYPE,200,19,14,5734956.95,6170280.46,-435323.51,-0.0366,0.1515
2026-10-03 20:06,DUMB,XRP,200,6,6,367324.91,417746.09,-50421.19,-0.0642,0.0
2026-10-03 20:06,DUMB,BNB,200,3,4,236456.03,376550.87,-140094.84,-0.2285,-0.1429
2026-10-04 02:38,SMART,BTC,200,29,16,58739762.2,5045488.98,53694273.22,0.8418,0.2889
2026-10-04 02:38,SMART,ETH,200,32,7,15655796.38,1982053.48,13673742.9,0.7752,0.641
2026-10-04 02:38,SMART,SOL,200,12,7,1549647.05,2208430.04,-658782.99,-0.1753,0.2632
2026-10-04 02:38,SMART,HYPE,200,42,10,18870753.54,4418622.96,14452130.58,0.6205,0.6154
2026-10-04 02:38,SMART,XRP,200,8,3,578847.86,1045600.5,-466752.64,-0.2873,0.4545
2026-10-04 02:38,SMART,BNB,200,6,1,326323.95,86079.62,240244.33,0.5825,0.7143
2026-10-04 02:38,DUMB,BTC,200,30,15,46243963.85,54334002.05,-8090038.2,-0.0804,0.3333
2026-10-04 02:38,DUMB,ETH,200,20,9,32664610.24,10572286.1,22092324.13,0.511,0.3793
2026-10-04 02:38,DUMB,SOL,200,8,12,15366933.94,1540523.89,13826410.04,0.8178,-0.2
2026-10-04 02:38,DUMB,HYPE,200,17,15,3948931.03,6661241.28,-2712310.25,-0.2556,0.0625
2026-10-04 02:38,DUMB,XRP,200,7,6,589642.41,445914.16,143728.25,0.1388,0.0769
2026-10-04 02:38,DUMB,BNB,200,3,4,234693.34,420201.77,-185508.43,-0.2833,-0.1429
2026-10-04 06:03,SMART,BTC,200,30,15,59378272.19,4971455.43,54406816.77,0.8455,0.3333
2026-10-04 06:03,SMART,ETH,200,30,7,15330461.22,1983304.78,13347156.44,0.7709,0.6216
2026-10-04 06:03,SMART,SOL,200,12,7,1558698.46,2221441.66,-662743.2,-0.1753,0.2632
2026-10-04 06:03,SMART,HYPE,200,42,10,19301601.68,4431426.53,14870175.15,0.6266,0.6154
2026-10-04 06:03,SMART,XRP,200,8,3,579690.09,1047075.76,-467385.67,-0.2873,0.4545
2026-10-04 06:03,SMART,BNB,200,6,1,328806.33,86352.92,242453.4,0.584,0.7143
2026-10-04 06:03,DUMB,BTC,200,30,15,46299492.6,54391157.04,-8091664.44,-0.0804,0.3333
2026-10-04 06:03,DUMB,ETH,200,20,9,32684587.07,10540311.46,22144275.61,0.5123,0.3793
2026-10-04 06:03,DUMB,SOL,200,8,12,15454281.52,1540819.34,13913462.18,0.8187,-0.2
2026-10-04 06:03,DUMB,HYPE,200,17,15,4056450.92,6680735.87,-2624284.96,-0.2444,0.0625
2026-10-04 06:03,DUMB,XRP,200,7,5,590437.03,358071.53,232365.5,0.245,0.1667
2026-10-04 06:03,DUMB,BNB,200,3,4,235366.94,420449.52,-185082.58,-0.2822,-0.1429
2026-10-04 15:35,SMART,BTC,200,32,16,75160508.45,5666385.68,69494122.77,0.8598,0.3333
2026-10-04 15:35,SMART,ETH,200,31,6,28684612.75,1846560.63,26838052.12,0.879,0.6757
2026-10-04 15:35,SMART,SOL,200,12,7,1569328.09,2288831.41,-719503.32,-0.1865,0.2632
2026-10-04 15:35,SMART,HYPE,200,44,11,25909065.4,4798815.06,21110250.34,0.6875,0.6
2026-10-04 15:35,SMART,XRP,200,9,3,4886609.14,1057004.43,3829604.7,0.6443,0.5
2026-10-04 15:35,SMART,BNB,200,6,1,352617.92,86534.17,266083.74,0.6059,0.7143
2026-10-04 15:35,DUMB,BTC,200,27,17,45356675.92,24067360.94,21289314.98,0.3067,0.2273
2026-10-04 15:35,DUMB,ETH,200,17,9,31765788.26,10637056.7,21128731.56,0.4983,0.3077
2026-10-04 15:35,DUMB,SOL,200,10,11,16226752.63,1517357.34,14709395.29,0.829,-0.0476
2026-10-04 15:35,DUMB,HYPE,200,17,15,4061376.54,6675744.96,-2614368.42,-0.2435,0.0625
2026-10-04 15:35,DUMB,XRP,200,6,5,507243.97,441767.3,65476.67,0.069,0.0909
2026-10-04 15:35,DUMB,BNB,200,3,4,313359.72,500198.13,-186838.41,-0.2297,-0.1429
2026-10-04 21:00,SMART,BTC,200,32,16,76297432.83,5670947.01,70626485.82,0.8616,0.3333
2026-10-04 21:00,SMART,ETH,200,30,6,30843879.76,1850571.83,28993307.93,0.8868,0.6667
2026-10-04 21:00,SMART,SOL,200,12,7,1562991.1,2279724.93,-716733.84,-0.1865,0.2632
2026-10-04 21:00,SMART,HYPE,200,43,11,27452725.3,5024074.01,22428651.29,0.6906,0.5926
2026-10-04 21:00,SMART,XRP,200,9,3,6848061.16,1057918.81,5790142.35,0.7324,0.5
2026-10-04 21:00,SMART,BNB,200,6,1,357010.71,87046.06,269964.65,0.608,0.7143
2026-10-04 21:00,DUMB,BTC,200,28,16,45268718.43,15875528.23,29393190.19,0.4807,0.2727
2026-10-04 21:00,DUMB,ETH,200,17,10,30765077.72,12393104.13,18371973.59,0.4257,0.2593
2026-10-04 21:00,DUMB,SOL,200,10,11,16462500.67,1503387.1,14959113.57,0.8326,-0.0476
2026-10-04 21:00,DUMB,HYPE,200,19,15,4275203.85,6733729.33,-2458525.48,-0.2233,0.1176
2026-10-04 21:00,DUMB,XRP,200,6,5,507803.38,463751.71,44051.67,0.0453,0.0909
2026-10-04 21:00,DUMB,BNB,200,3,4,315268.83,508042.0,-192773.17,-0.2341,-0.1429
2026-10-05 00:38,SMART,BTC,200,36,19,38671888.73,11598794.15,27073094.57,0.5385,0.3091
2026-10-05 00:38,SMART,ETH,200,30,5,33235558.43,314286.07,32921272.36,0.9813,0.7143
2026-10-05 00:38,SMART,SOL,200,15,6,1914602.42,1566389.52,348212.9,0.1,0.4286
2026-10-05 00:38,SMART,HYPE,200,40,11,25324245.24,5771420.57,19552824.67,0.6288,0.5686
2026-10-05 00:38,SMART,XRP,200,9,3,6853834.25,497771.43,6356062.82,0.8646,0.5
2026-10-05 00:38,SMART,BNB,200,5,1,339093.91,87205.34,251888.57,0.5909,0.6667
2026-10-05 00:38,DUMB,BTC,200,28,20,50572184.35,80394936.34,-29822751.99,-0.2277,0.1667
2026-10-05 00:38,DUMB,ETH,200,14,12,22278951.05,52541788.47,-30262837.43,-0.4045,0.0769
2026-10-05 00:38,DUMB,SOL,200,8,10,1993749.77,6560680.94,-4566931.18,-0.5339,-0.1111
2026-10-05 00:38,DUMB,HYPE,200,21,13,3984680.52,3051998.09,932682.43,0.1325,0.2353
2026-10-05 00:38,DUMB,XRP,200,6,6,4357152.27,4023781.81,333370.46,0.0398,0.0
2026-10-05 00:38,DUMB,BNB,200,3,4,315969.83,579225.8,-263255.97,-0.2941,-0.1429
2026-10-05 04:31,SMART,BTC,200,36,19,38418675.46,11583320.86,26835354.6,0.5367,0.3091
2026-10-05 04:31,SMART,ETH,200,31,6,31980087.92,326474.45,31653613.47,0.9798,0.6757
2026-10-05 04:31,SMART,SOL,200,15,6,1908369.57,1606105.59,302263.98,0.086,0.4286
2026-10-05 04:31,SMART,HYPE,200,38,11,26716397.68,6078966.42,20637431.26,0.6293,0.551
2026-10-05 04:31,SMART,XRP,200,9,3,6850688.67,495537.97,6355150.7,0.8651,0.5
2026-10-05 04:31,SMART,BNB,200,5,1,337894.39,86898.86,250995.53,0.5909,0.6667
2026-10-05 04:31,DUMB,BTC,200,25,22,46907433.64,80163659.36,-33256225.73,-0.2617,0.0638
2026-10-05 04:31,DUMB,ETH,200,13,13,21142498.07,52541351.76,-31398853.69,-0.4261,0.0
2026-10-05 04:31,DUMB,SOL,200,8,10,2115666.57,6519103.07,-4403436.5,-0.51,-0.1111
2026-10-05 04:31,DUMB,HYPE,200,20,14,3992262.29,3102675.03,889587.26,0.1254,0.1765
2026-10-05 04:31,DUMB,XRP,200,7,6,4490883.9,3999262.02,491621.88,0.0579,0.0769
2026-10-05 04:31,DUMB,BNB,200,3,4,314677.26,869566.04,-554888.78,-0.4686,-0.1429
2026-10-05 08:32,SMART,BTC,200,35,19,38686099.93,11160377.02,27525722.9,0.5522,0.2963
2026-10-05 08:32,SMART,ETH,200,31,7,31640541.94,336921.49,31303620.45,0.9789,0.6316
2026-10-05 08:32,SMART,SOL,200,15,6,1925917.04,1153101.33,772815.71,0.251,0.4286
2026-10-05 08:32,SMART,HYPE,200,37,11,27057709.54,6281940.06,20775769.48,0.6232,0.5417
2026-10-05 08:32,SMART,XRP,200,10,3,7898299.9,500102.59,7398197.31,0.8809,0.5385
2026-10-05 08:32,SMART,BNB,200,5,1,338060.8,86942.8,251118.0,0.5909,0.6667
2026-10-05 08:32,DUMB,BTC,200,27,21,50738247.14,81178571.24,-30440324.1,-0.2308,0.125
2026-10-05 08:32,DUMB,ETH,200,15,13,22093066.9,52875027.05,-30781960.14,-0.4106,0.0714
2026-10-05 08:32,DUMB,SOL,200,9,10,2556420.81,6782202.98,-4225782.17,-0.4525,-0.0526
2026-10-05 08:32,DUMB,HYPE,200,20,14,4509206.26,3447094.53,1062111.73,0.1335,0.1765
2026-10-05 08:32,DUMB,XRP,200,7,6,4531682.55,4040044.12,491638.43,0.0574,0.0769
2026-10-05 08:32,DUMB,BNB,200,3,4,314985.69,872103.95,-557118.26,-0.4693,-0.1429
2026-10-05 12:35,SMART,BTC,200,35,19,40483478.69,11096374.74,29387103.96,0.5697,0.2963
2026-10-05 12:35,SMART,ETH,200,30,6,32670139.66,321764.94,32348374.72,0.9805,0.6667
2026-10-05 12:35,SMART,SOL,200,15,5,1902244.95,889990.85,1012254.1,0.3625,0.5
2026-10-05 12:35,SMART,HYPE,200,38,11,27233786.68,6271921.77,20961864.9,0.6256,0.551
2026-10-05 12:35,SMART,XRP,200,10,3,7851400.84,535888.32,7315512.52,0.8722,0.5385
2026-10-05 12:35,SMART,BNB,200,5,1,329508.47,86642.92,242865.55,0.5836,0.6667
2026-10-05 12:35,DUMB,BTC,200,27,21,51412365.53,81234363.47,-29821997.94,-0.2248,0.125
2026-10-05 12:35,DUMB,ETH,200,15,14,22084949.56,52706405.47,-30621455.91,-0.4094,0.0345
2026-10-05 12:35,DUMB,SOL,200,8,10,2177552.75,6748513.06,-4570960.3,-0.5121,-0.1111
2026-10-05 12:35,DUMB,HYPE,200,19,15,4277778.18,3423089.03,854689.15,0.111,0.1176
2026-10-05 12:35,DUMB,XRP,200,7,6,4502348.21,4053298.9,449049.31,0.0525,0.0769
2026-10-05 12:35,DUMB,BNB,200,3,4,264434.48,869689.44,-605254.95,-0.5337,-0.1429
2026-10-05 16:31,SMART,BTC,200,33,20,38176777.8,11930520.17,26246257.64,0.5238,0.2453
2026-10-05 16:31,SMART,ETH,200,29,6,29702445.1,342992.34,29359452.77,0.9772,0.6571
2026-10-05 16:31,SMART,SOL,200,15,6,1877650.78,1612551.57,265099.21,0.076,0.4286
2026-10-05 16:31,SMART,HYPE,200,39,11,27825624.27,6236160.16,21589464.11,0.6338,0.56
2026-10-05 16:31,SMART,XRP,200,9,3,9376898.37,527629.45,8849268.92,0.8935,0.5
2026-10-05 16:31,SMART,BNB,200,5,1,328488.15,86377.09,242111.06,0.5836,0.6667
2026-10-05 16:31,DUMB,BTC,200,27,21,48698296.18,81916984.69,-33218688.51,-0.2543,0.125
2026-10-05 16:31,DUMB,ETH,200,15,13,22548037.55,50471133.94,-27923096.39,-0.3824,0.0714
2026-10-05 16:31,DUMB,SOL,200,9,10,2732878.26,6762591.06,-4029712.8,-0.4244,-0.0526
2026-10-05 16:31,DUMB,HYPE,200,20,16,4460424.44,4883990.09,-423565.65,-0.0453,0.1111
2026-10-05 16:31,DUMB,XRP,200,7,6,4435689.59,4116202.48,319487.11,0.0374,0.0769
2026-10-05 16:31,DUMB,BNB,200,3,4,263858.71,866211.26,-602352.55,-0.533,-0.1429
2026-10-06 00:38,SMART,BTC,200,36,17,59641756.54,11082641.19,48559115.35,0.6866,0.3585
2026-10-06 00:38,SMART,ETH,200,28,6,27957854.11,748552.43,27209301.68,0.9478,0.6471
2026-10-06 00:38,SMART,SOL,200,14,6,1790111.93,1227072.36,563039.57,0.1866,0.4
2026-10-06 00:38,SMART,HYPE,200,39,12,33038412.61,4650614.04,28387798.57,0.7532,0.5294
2026-10-06 00:38,SMART,XRP,200,9,3,9450389.79,97871.15,9352518.64,0.9795,0.5
2026-10-06 00:38,SMART,BNB,200,5,1,328775.74,86455.08,242320.66,0.5836,0.6667
2026-10-06 00:38,DUMB,BTC,200,26,22,37055304.71,78482795.32,-41427490.61,-0.3586,0.0833
2026-10-06 00:38,DUMB,ETH,200,14,14,21798604.5,34885364.34,-13086759.84,-0.2309,0.0
2026-10-06 00:38,DUMB,SOL,200,8,12,2192184.33,1850878.6,341305.74,0.0844,-0.2
2026-10-06 00:38,DUMB,HYPE,200,18,19,5225950.38,7876803.18,-2650852.8,-0.2023,-0.027
2026-10-06 00:38,DUMB,XRP,200,6,7,620277.81,532044.47,88233.34,0.0766,-0.0769
2026-10-06 00:38,DUMB,BNB,200,3,5,263838.54,1243131.52,-979292.97,-0.6498,-0.25
2026-10-06 04:29,SMART,BTC,200,36,18,59498711.48,11064821.24,48433890.25,0.6864,0.3333
2026-10-06 04:29,SMART,ETH,200,28,6,27854464.35,745648.74,27108815.61,0.9479,0.6471
2026-10-06 04:29,SMART,SOL,200,14,6,1780463.96,1220522.76,559941.2,0.1866,0.4
2026-10-06 04:29,SMART,HYPE,200,39,12,32394714.18,4752998.97,27641715.21,0.7441,0.5294
2026-10-06 04:29,SMART,XRP,200,9,3,9415626.96,97463.07,9318163.89,0.9795,0.5
2026-10-06 04:29,SMART,BNB,200,5,1,322264.41,85899.26,236365.15,0.5791,0.6667
2026-10-06 04:29,DUMB,BTC,200,27,20,36294408.29,76850237.0,-40555828.7,-0.3584,0.1489
2026-10-06 04:29,DUMB,ETH,200,14,14,21756932.46,34810058.34,-13053125.87,-0.2308,0.0
2026-10-06 04:29,DUMB,SOL,200,8,13,2180418.97,1842636.73,337782.24,0.084,-0.2381
2026-10-06 04:29,DUMB,HYPE,200,17,18,5112360.62,7702369.81,-2590009.2,-0.2021,-0.0286
2026-10-06 04:29,DUMB,XRP,200,6,7,617700.84,557716.52,59984.32,0.051,-0.0769
2026-10-06 04:29,DUMB,BNB,200,3,5,262147.98,1240071.72,-977923.74,-0.651,-0.25
2026-10-06 08:31,SMART,BTC,200,35,19,60566353.12,13596936.66,46969416.47,0.6333,0.2963
2026-10-06 08:31,SMART,ETH,200,28,6,27962658.45,748547.65,27214110.8,0.9479,0.6471
2026-10-06 08:31,SMART,SOL,200,14,6,1784218.08,2135200.32,-350982.24,-0.0895,0.4
2026-10-06 08:31,SMART,HYPE,200,40,11,32345709.49,4732696.0,27613013.49,0.7447,0.5686
2026-10-06 08:31,SMART,XRP,200,9,3,9423758.49,97534.52,9326223.97,0.9795,0.5
2026-10-06 08:31,SMART,BNB,200,5,1,243924.81,85857.51,158067.3,0.4793,0.6667
2026-10-06 08:31,DUMB,BTC,200,28,20,36494334.81,77354495.5,-40860160.69,-0.3589,0.1667
2026-10-06 08:31,DUMB,ETH,200,15,14,22082501.23,34849859.87,-12767358.65,-0.2243,0.0345
2026-10-06 08:31,DUMB,SOL,200,8,13,2185061.87,1847569.05,337492.82,0.0837,-0.2381
2026-10-06 08:31,DUMB,HYPE,200,17,17,4927336.81,5154032.42,-226695.61,-0.0225,0.0
2026-10-06 08:31,DUMB,XRP,200,7,6,634254.09,489627.17,144626.92,0.1287,0.0769
2026-10-06 08:31,DUMB,BNB,200,3,5,262048.95,1237413.86,-975364.91,-0.6505,-0.25
2026-10-06 12:34,SMART,BTC,200,35,19,60033484.32,13645804.17,46387680.15,0.6296,0.2963
2026-10-06 12:34,SMART,ETH,200,28,6,27906924.39,763091.2,27143833.18,0.9468,0.6471
2026-10-06 12:34,SMART,SOL,200,14,5,1750841.6,1219580.62,531260.98,0.1789,0.4737
2026-10-06 12:34,SMART,HYPE,200,40,11,32460150.64,4747023.91,27713126.72,0.7448,0.5686
2026-10-06 12:34,SMART,XRP,200,10,3,9469053.66,99632.02,9369421.64,0.9792,0.5385
2026-10-06 12:34,SMART,BNB,200,5,1,243845.32,86230.99,157614.32,0.4775,0.6667
2026-10-06 12:34,DUMB,BTC,200,26,21,38311954.93,78293736.16,-39981781.23,-0.3429,0.1064
2026-10-06 12:34,DUMB,ETH,200,15,15,21979978.84,37184463.66,-15204484.82,-0.257,0.0
2026-10-06 12:34,DUMB,SOL,200,7,13,1912216.39,1837377.04,74839.35,0.02,-0.3
2026-10-06 12:34,DUMB,HYPE,200,18,17,4847087.98,6200085.49,-1352997.52,-0.1225,0.0286
2026-10-06 12:34,DUMB,XRP,200,6,6,621435.18,445143.31,176291.87,0.1653,0.0
2026-10-06 12:34,DUMB,BNB,200,3,5,263155.28,1180716.3,-917561.02,-0.6355,-0.25
2026-10-06 16:32,SMART,BTC,200,35,19,59710741.35,13565022.23,46145719.12,0.6298,0.2963
2026-10-06 16:32,SMART,ETH,200,29,4,27891675.81,511156.6,27380519.2,0.964,0.7576
2026-10-06 16:32,SMART,SOL,200,14,5,1758249.88,1224882.0,533367.88,0.1788,0.4737
2026-10-06 16:32,SMART,HYPE,200,40,10,32047290.38,4663767.71,27383522.67,0.7459,0.6
2026-10-06 16:32,SMART,XRP,200,10,3,9381423.87,99020.91,9282402.96,0.9791,0.5385
2026-10-06 16:32,SMART,BNB,200,6,1,265259.04,86035.47,179223.57,0.5102,0.7143
2026-10-06 16:32,DUMB,BTC,200,26,22,40226489.85,78019787.32,-37793297.47,-0.3196,0.0833
2026-10-06 16:32,DUMB,ETH,200,16,14,22204340.97,36947280.83,-14742939.86,-0.2492,0.0667
2026-10-06 16:32,DUMB,SOL,200,8,12,2297593.77,1795876.33,501717.44,0.1226,-0.2
2026-10-06 16:32,DUMB,HYPE,200,17,16,4488398.04,5973361.45,-1484963.41,-0.1419,0.0303
2026-10-06 16:32,DUMB,XRP,200,7,6,666710.55,439365.46,227345.09,0.2055,0.0769
2026-10-06 16:32,DUMB,BNB,200,3,5,262529.32,1178464.85,-915935.53,-0.6356,-0.25
2026-10-06 20:29,SMART,BTC,200,36,19,60075125.56,13556903.63,46518221.93,0.6318,0.3091
2026-10-06 20:29,SMART,ETH,200,29,4,27756254.25,509737.26,27246516.99,0.9639,0.7576
2026-10-06 20:29,SMART,SOL,200,14,5,1763571.31,1289031.96,474539.35,0.1555,0.4737
2026-10-06 20:29,SMART,HYPE,200,37,10,32030400.73,4814947.44,27215453.29,0.7386,0.5745
2026-10-06 20:29,SMART,XRP,200,10,3,9432717.24,99214.63,9333502.61,0.9792,0.5385
2026-10-06 20:29,SMART,BNB,200,6,1,263887.53,85594.98,178292.55,0.5102,0.7143
2026-10-06 20:29,DUMB,BTC,200,25,20,39380979.14,79188865.74,-39807886.59,-0.3357,0.1111
2026-10-06 20:29,DUMB,ETH,200,14,13,21705924.96,36991310.12,-15285385.16,-0.2604,0.037
2026-10-06 20:29,DUMB,SOL,200,8,12,2305011.79,1841814.32,463197.47,0.1117,-0.2
2026-10-06 20:29,DUMB,HYPE,200,20,15,4934906.74,5855908.32,-921001.58,-0.0854,0.1429
2026-10-06 20:29,DUMB,XRP,200,7,6,718239.3,426744.86,291494.44,0.2546,0.0769
2026-10-06 20:29,DUMB,BNB,200,3,5,261226.49,1168623.39,-907396.9,-0.6346,-0.25
2026-10-07 00:40,SMART,BTC,200,38,17,132843344.01,14322955.85,118520388.15,0.8054,0.3818
2026-10-07 00:40,SMART,ETH,200,35,7,39496191.38,4415878.68,35080312.7,0.7989,0.6667
2026-10-07 00:40,SMART,SOL,200,17,6,5323515.76,1957307.57,3366208.19,0.4623,0.4783
2026-10-07 00:40,SMART,HYPE,200,40,11,25991445.43,7081360.54,18910084.89,0.5718,0.5686
2026-10-07 00:40,SMART,XRP,200,9,5,9386158.8,2443715.52,6942443.28,0.5869,0.2857
2026-10-07 00:40,SMART,BNB,200,5,2,146780.03,376235.86,-229455.83,-0.4387,0.4286
2026-10-07 00:40,DUMB,BTC,200,23,18,38523431.15,83708223.78,-45184792.63,-0.3697,0.122
2026-10-07 00:40,DUMB,ETH,200,12,14,3211956.81,37315579.61,-34103622.79,-0.8415,-0.0769
2026-10-07 00:40,DUMB,SOL,200,6,13,1874544.49,2360734.46,-486189.98,-0.1148,-0.3684
2026-10-07 00:40,DUMB,HYPE,200,23,15,6007987.21,4480179.01,1527808.21,0.1457,0.2105
2026-10-07 00:40,DUMB,XRP,200,6,5,473541.32,389527.8,84013.53,0.0973,0.0909
2026-10-07 00:40,DUMB,BNB,200,2,5,185464.46,1441285.79,-1255821.34,-0.772,-0.4286
2026-10-07 04:30,SMART,BTC,200,41,15,131109053.34,11559834.23,119549219.11,0.8379,0.4643
2026-10-07 04:30,SMART,ETH,200,36,7,39606079.85,4269584.15,35336495.7,0.8054,0.6744
2026-10-07 04:30,SMART,SOL,200,17,6,5168241.2,1955717.18,3212524.02,0.4509,0.4783
2026-10-07 04:30,SMART,HYPE,200,38,11,24740217.38,6684228.36,18055989.02,0.5746,0.551
2026-10-07 04:30,SMART,XRP,200,10,4,9205759.65,544949.7,8660809.96,0.8882,0.4286
2026-10-07 04:30,SMART,BNB,200,4,2,99346.45,370547.9,-271201.45,-0.5772,0.3333
2026-10-07 04:30,DUMB,BTC,200,29,19,41269832.21,75862190.28,-34592358.06,-0.2953,0.2083
2026-10-07 04:30,DUMB,ETH,200,12,14,2896556.86,35559352.71,-32662795.85,-0.8494,-0.0769
2026-10-07 04:30,DUMB,SOL,200,6,12,1844115.29,2266538.45,-422423.17,-0.1028,-0.3333
2026-10-07 04:30,DUMB,HYPE,200,22,14,5985876.32,3354957.0,2630919.32,0.2817,0.2222
2026-10-07 04:30,DUMB,XRP,200,6,5,440095.76,368240.25,71855.51,0.0889,0.0909
2026-10-07 04:30,DUMB,BNB,200,2,5,182634.5,1419435.14,-1236800.64,-0.772,-0.4286
2026-10-07 08:32,SMART,BTC,200,40,16,130846499.89,11680451.18,119166048.71,0.8361,0.4286
2026-10-07 08:32,SMART,ETH,200,36,8,39981360.35,4287884.19,35693476.15,0.8063,0.6364
2026-10-07 08:32,SMART,SOL,200,15,5,5122723.63,1472262.89,3650460.74,0.5535,0.5
2026-10-07 08:32,SMART,HYPE,200,38,11,25697270.45,6701872.19,18995398.26,0.5863,0.551
2026-10-07 08:32,SMART,XRP,200,10,5,9258474.91,795752.55,8462722.36,0.8417,0.3333
2026-10-07 08:32,SMART,BNB,200,4,2,100396.88,374469.71,-274072.83,-0.5772,0.3333
2026-10-07 08:32,DUMB,BTC,200,27,18,39894690.51,75153815.28,-35259124.77,-0.3065,0.2
2026-10-07 08:32,DUMB,ETH,200,13,14,3101245.42,36008560.98,-32907315.57,-0.8414,-0.037
2026-10-07 08:32,DUMB,SOL,200,7,12,2082260.33,2158675.12,-76414.79,-0.018,-0.2632
2026-10-07 08:32,DUMB,HYPE,200,22,13,6001393.06,3286451.5,2714941.57,0.2923,0.2571
2026-10-07 08:32,DUMB,XRP,200,7,4,479283.67,364029.1,115254.56,0.1367,0.2727
2026-10-07 08:32,DUMB,BNB,200,2,5,184608.55,1279594.95,-1094986.4,-0.7478,-0.4286
2026-10-07 12:37,SMART,BTC,200,40,16,116357569.42,11758689.23,104598880.19,0.8164,0.4286
2026-10-07 12:37,SMART,ETH,200,35,10,41494917.32,4214854.08,37280063.24,0.8156,0.5556
2026-10-07 12:37,SMART,SOL,200,14,5,5039079.72,1454407.48,3584672.24,0.552,0.4737
2026-10-07 12:37,SMART,HYPE,200,38,10,25508672.15,6098288.42,19410383.72,0.6141,0.5833
2026-10-07 12:37,SMART,XRP,200,9,4,9030114.25,548971.38,8481142.88,0.8854,0.3846
2026-10-07 12:37,SMART,BNB,200,4,2,99442.63,370883.25,-271440.61,-0.5771,0.3333
2026-10-07 12:37,DUMB,BTC,200,30,17,40703406.7,78905464.73,-38202058.03,-0.3194,0.2766
2026-10-07 12:37,DUMB,ETH,200,15,16,3589093.4,35599165.59,-32010072.19,-0.8168,-0.0323
2026-10-07 12:37,DUMB,SOL,200,7,13,2062541.64,2189294.36,-126752.72,-0.0298,-0.3
2026-10-07 12:37,DUMB,HYPE,200,23,14,8099471.19,3321880.21,4777590.98,0.4183,0.2432
2026-10-07 12:37,DUMB,XRP,200,4,4,199434.32,359286.11,-159851.79,-0.2861,0.0
2026-10-07 12:37,DUMB,BNB,200,2,6,182848.76,1663084.96,-1480236.2,-0.8019,-0.5
2026-10-07 16:33,SMART,BTC,200,38,13,41403027.65,10764332.85,30638694.8,0.5873,0.4902
2026-10-07 16:33,SMART,ETH,200,36,9,40319907.9,4079408.16,36240499.74,0.8162,0.6
2026-10-07 16:33,SMART,SOL,200,15,7,5069083.19,2590502.26,2478580.93,0.3236,0.3636
2026-10-07 16:33,SMART,HYPE,200,38,10,25398725.3,6029959.09,19368766.21,0.6163,0.5833
2026-10-07 16:33,SMART,XRP,200,8,5,8967726.66,1042423.86,7925302.8,0.7917,0.2308
2026-10-07 16:33,SMART,BNB,200,4,2,100062.81,373271.54,-273208.74,-0.5772,0.3333
2026-10-07 16:33,DUMB,BTC,200,30,14,47794451.04,76252994.6,-28458543.56,-0.2294,0.3636
2026-10-07 16:33,DUMB,ETH,200,14,13,3543277.93,36219246.23,-32675968.29,-0.8218,0.037
2026-10-07 16:33,DUMB,SOL,200,6,11,1664074.56,2142364.63,-478290.07,-0.1257,-0.2941
2026-10-07 16:33,DUMB,HYPE,200,23,14,8654408.25,3450136.87,5204271.38,0.4299,0.2432
2026-10-07 16:33,DUMB,XRP,200,3,4,141563.86,351757.93,-210194.07,-0.4261,-0.1429
2026-10-07 16:33,DUMB,BNB,200,2,5,183995.35,1244828.62,-1060833.27,-0.7425,-0.4286
