run_utc,sym,data_end
2026-09-24 19:44:44,BTC,2026-09-24
2026-09-24 19:44:44,ETH,2026-09-24
2026-09-24 19:44:44,XRP,2026-09-24
2026-09-24 19:44:44,BNB,2026-09-24
2026-09-25 08:22:08,BTC,2026-09-25
2026-09-25 08:22:08,ETH,2026-09-25
2026-09-25 08:22:08,XRP,2026-09-25
2026-09-25 08:22:08,BNB,2026-09-25
2026-09-25 09:32:05,BTC,2026-09-25
2026-09-25 09:32:05,ETH,2026-09-25
2026-09-25 09:32:05,XRP,2026-09-25
2026-09-25 09:32:05,BNB,2026-09-25
2026-09-26 02:44:29,BTC,2026-09-25
2026-09-26 02:44:29,ETH,2026-09-25
2026-09-26 02:44:29,XRP,2026-09-25
2026-09-26 02:44:29,BNB,2026-09-25
2026-09-26 08:44:11,BTC,2026-09-26
2026-09-26 08:44:11,ETH,2026-09-26
2026-09-26 08:44:11,XRP,2026-09-26
2026-09-26 08:44:11,BNB,2026-09-26
2026-09-27 02:43:48,BTC,2026-09-26
2026-09-27 02:43:48,ETH,2026-09-26
2026-09-27 02:43:48,XRP,2026-09-26
2026-09-27 02:43:48,BNB,2026-09-26
2026-09-27 08:46:22,BTC,2026-09-27
2026-09-27 08:46:22,ETH,2026-09-27
2026-09-27 08:46:22,XRP,2026-09-27
2026-09-27 08:46:22,BNB,2026-09-27
2026-09-28 02:47:22,BTC,2026-09-27
2026-09-28 02:47:22,ETH,2026-09-27
2026-09-28 02:47:22,XRP,2026-09-27
2026-09-28 02:47:22,BNB,2026-09-27
2026-09-28 08:50:05,BTC,2026-09-28
2026-09-28 08:50:05,ETH,2026-09-28
2026-09-28 08:50:05,XRP,2026-09-28
2026-09-28 08:50:05,BNB,2026-09-28
2026-09-28 18:55:16,BTC,2026-09-28
2026-09-28 18:55:16,ETH,2026-09-28
2026-09-28 18:55:16,XRP,2026-09-28
2026-09-28 18:55:16,BNB,2026-09-28
2026-09-29 02:46:33,BTC,2026-09-28
2026-09-29 02:46:33,ETH,2026-09-28
2026-09-29 02:46:33,XRP,2026-09-28
2026-09-29 02:46:33,BNB,2026-09-28
2026-09-29 08:49:22,BTC,2026-09-29
2026-09-29 08:49:22,ETH,2026-09-29
2026-09-29 08:49:22,XRP,2026-09-29
2026-09-29 08:49:22,BNB,2026-09-29
2026-09-30 02:46:07,BTC,2026-09-29
2026-09-30 02:46:07,ETH,2026-09-29
2026-09-30 02:46:07,XRP,2026-09-29
2026-09-30 02:46:07,BNB,2026-09-29
2026-09-30 08:51:45,BTC,2026-09-30
2026-09-30 08:51:45,ETH,2026-09-30
2026-09-30 08:51:45,XRP,2026-09-30
2026-09-30 08:51:45,BNB,2026-09-30
2026-10-01 02:48:50,BTC,2026-09-30
2026-10-01 02:48:50,ETH,2026-09-30
2026-10-01 02:48:50,XRP,2026-09-30
2026-10-01 02:48:50,BNB,2026-09-30
2026-10-01 08:51:42,BTC,2026-09-30
2026-10-01 08:51:42,ETH,2026-09-30
2026-10-01 08:51:42,XRP,2026-09-30
2026-10-01 08:51:42,BNB,2026-09-30
2026-10-02 02:47:22,BTC,2026-10-01
2026-10-02 02:47:22,ETH,2026-10-01
2026-10-02 02:47:22,XRP,2026-10-01
2026-10-02 02:47:22,BNB,2026-10-01
2026-10-02 08:45:22,BTC,2026-10-01
2026-10-02 08:45:22,ETH,2026-10-01
2026-10-02 08:45:22,XRP,2026-10-01
2026-10-02 08:45:22,BNB,2026-10-01
2026-10-03 02:52:59,BTC,2026-10-02
2026-10-03 02:52:59,ETH,2026-10-02
2026-10-03 02:52:59,XRP,2026-10-02
2026-10-03 02:52:59,BNB,2026-10-02
2026-10-03 08:48:15,BTC,2026-10-03
2026-10-03 08:48:15,ETH,2026-10-03
2026-10-03 08:48:15,XRP,2026-10-03
2026-10-03 08:48:15,BNB,2026-10-03
2026-10-04 04:21:22,BTC,2026-10-03
2026-10-04 04:21:22,ETH,2026-10-03
2026-10-04 04:21:22,XRP,2026-10-03
2026-10-04 04:21:22,BNB,2026-10-03
2026-10-04 15:52:38,BTC,2026-10-04
2026-10-04 15:52:38,ETH,2026-10-04
2026-10-04 15:52:38,XRP,2026-10-04
2026-10-04 15:52:38,BNB,2026-10-04
2026-10-05 02:47:59,BTC,2026-10-04
2026-10-05 02:47:59,ETH,2026-10-04
2026-10-05 02:47:59,XRP,2026-10-04
2026-10-05 02:47:59,BNB,2026-10-04
2026-10-05 08:49:09,BTC,2026-10-04
2026-10-05 08:49:09,ETH,2026-10-04
2026-10-05 08:49:09,XRP,2026-10-04
2026-10-05 08:49:09,BNB,2026-10-04
2026-10-06 02:47:37,BTC,2026-10-05
2026-10-06 02:47:37,ETH,2026-10-05
2026-10-06 02:47:37,XRP,2026-10-05
2026-10-06 02:47:37,BNB,2026-10-05
2026-10-06 08:49:30,BTC,2026-10-06
2026-10-06 08:49:30,ETH,2026-10-06
2026-10-06 08:49:30,XRP,2026-10-06
2026-10-06 08:49:30,BNB,2026-10-06
