run_utc,data_end,n_closed,rolling30,rolling60,cusum,cusum_over
2026-09-24 19:44:44,2026-09-24,1020,0.3327899426670721,0.09219330666551998,24.779697188102435,True
2026-09-25 08:22:08,2026-09-25,1020,0.3327899426670721,0.09219330666551998,24.779697188102435,True
2026-09-25 09:32:05,2026-09-25,1020,0.3327899426670721,0.09219330666551998,24.779697188102435,True
2026-09-26 02:44:29,2026-09-25,1020,0.3327899426670721,0.09219330666551998,24.779697188102435,True
2026-09-26 08:44:11,2026-09-26,1020,0.3327899426670721,0.09219330666551998,24.779697188102435,True
2026-09-27 02:43:48,2026-09-26,1020,0.3327899426670721,0.09219330666551998,24.779697188102435,True
2026-09-27 08:46:22,2026-09-27,1020,0.3327899426670721,0.09219330666551998,24.779697188102435,True
2026-09-28 02:47:22,2026-09-27,1020,0.3327899426670721,0.09219330666551998,24.779697188102435,True
2026-09-28 08:50:05,2026-09-28,1020,0.3327899426670721,0.09219330666551998,24.779697188102435,True
2026-09-28 18:55:16,2026-09-28,1020,0.3327899426670721,0.09219330666551998,24.779697188102435,True
2026-09-29 02:46:33,2026-09-28,1020,0.3327899426670721,0.09219330666551998,24.779697188102435,True
2026-09-29 08:49:22,2026-09-29,1021,0.3503514987407423,0.10090702369656365,25.524751019766118,True
2026-09-30 02:46:07,2026-09-29,1021,0.3503514987407423,0.10090702369656365,25.524751019766118,True
2026-09-30 08:51:45,2026-09-30,1021,0.3503514987407423,0.10090702369656365,25.524751019766118,True
2026-10-01 02:48:50,2026-09-30,1021,0.3503514987407423,0.10090702369656365,25.524751019766118,True
2026-10-01 08:51:42,2026-09-30,1021,0.3447158601560318,0.09808920440420839,25.693820177307437,True
2026-10-02 02:47:22,2026-10-01,1021,0.34405982387617845,0.09776118626428172,25.71350126570304,True
2026-10-02 08:45:22,2026-10-01,1021,0.34405982387617845,0.09776118626428172,25.71350126570304,True
2026-10-03 02:52:59,2026-10-02,1021,0.34405982387617845,0.09776118626428172,25.71350126570304,True
2026-10-03 08:48:15,2026-10-03,1021,0.34405982387617845,0.09776118626428172,25.71350126570304,True
2026-10-04 04:21:22,2026-10-03,1021,0.34405982387617845,0.09776118626428172,25.71350126570304,True
2026-10-04 15:52:38,2026-10-04,1021,0.34405982387617845,0.09776118626428172,25.71350126570304,True
