funding_time,funding_interval_hours,funding_rate
1779969600000,4,0.00012644
1779984000001,4,0.00005000
1779998400005,4,0.00005000
1780012800000,4,-0.00012594
1780027200000,4,0.00005000
1780041600001,4,0.00005000
1780056000001,4,-0.00000323
1780070400008,4,-0.00047926
1780084800000,4,-0.00046495
1780099200000,4,-0.00128063
1780113600004,4,0.00005000
1780128000001,4,0.00005000
1780142400000,4,0.00005000
1780156800000,4,0.00005000
1780171200000,4,0.00005000
1780185600000,4,0.00005000
1780200000006,4,0.00005000
1780214400000,4,0.00003367
1780228800005,4,0.00004134
1780243200004,4,-0.00029341
1780257600010,4,-0.00074177
1780272000001,4,-0.00035816
1780286400006,4,0.00005000
1780300800001,4,0.00005000
1780315200000,4,-0.00001039
1780329600000,4,-0.00009663
1780344000000,4,0.00005000
1780358400000,4,0.00005000
1780372800008,4,-0.00010032
1780387200000,4,-0.00018790
1780401600002,4,0.00005000
1780416000000,4,-0.00000250
1780430400000,4,0.00004427
1780444800013,4,0.00005000
1780459200000,4,0.00005000
1780473600000,4,0.00005000
1780488000000,4,0.00005000
1780502400001,4,0.00005000
1780516800002,4,0.00005000
1780531200009,4,0.00005000
1780545600000,4,0.00005000
1780560000000,4,0.00005000
1780574400002,4,-0.00027431
1780588800003,4,0.00005000
1780603200001,4,-0.00006019
1780617600000,4,-0.00002807
1780632000001,4,0.00002306
1780646400004,4,-0.00016605
1780660800000,4,-0.00011628
1780675200009,4,-0.00023259
1780689600000,4,-0.00002950
1780704000000,4,0.00003060
1780718400000,4,0.00005000
1780732800000,4,0.00001034
1780747200002,4,0.00000775
1780761600000,4,-0.00012407
1780776000003,4,0.00000853
1780790400001,4,0.00005000
1780804800000,4,-0.00056053
1780819200000,4,0.00000850
1780833600000,4,-0.00020826
1780848000000,4,-0.00042330
1780862400000,4,-0.00005473
1780876800000,4,-0.00006858
1780891200009,4,0.00002453
1780905600005,4,-0.00017175
1780920000001,4,-0.00048665
1780934400004,4,-0.00016274
1780948800000,4,-0.00018463
1780963200000,4,-0.00004036
1780977600003,4,-0.00251831
1780992000000,4,-0.00186270
1781006400000,4,-0.00223426
1781020800001,4,-0.00044414
1781035200000,4,-0.00044600
1781049600001,4,-0.00237584
1781064000002,4,-0.00105080
1781078400011,4,-0.00025964
1781092800002,4,-0.00009044
1781107200009,4,-0.00046052
1781121600003,4,-0.00094927
1781136000000,4,-0.00094750
1781150400000,4,-0.00029102
1781164800004,4,-0.00010531
1781179200005,4,0.00005000
1781193600000,4,-0.00020616
1781208000014,4,0.00000681
1781222400000,4,0.00005000
1781236800000,4,0.00005000
1781251200000,4,0.00005000
1781265600000,4,0.00005000
1781280000000,4,0.00005000
1781294400000,4,0.00005000
1781308800000,4,0.00005000
1781323200000,4,0.00005000
1781337600007,4,0.00005000
1781352000004,4,0.00005000
1781366400002,4,0.00005000
1781380800004,4,0.00005000
1781395200005,4,0.00005000
1781409600012,4,0.00005000
1781424000009,4,0.00005000
1781438400000,4,0.00005000
1781452800000,4,0.00005000
1781467200010,4,0.00005000
1781481600013,4,0.00005000
1781496000001,4,0.00005000
1781510400013,4,0.00005000
1781524800000,4,0.00005000
1781539200004,4,0.00005000
1781553600002,4,0.00005000
1781568000000,4,0.00005000
1781582400000,4,0.00005000
1781596800000,4,0.00005000
1781611200000,4,0.00005000
1781625600001,4,0.00005000
1781640000000,4,0.00005000
1781654400012,4,0.00005000
1781668800000,4,0.00005000
1781683200000,4,0.00005000
1781697600000,4,0.00005000
1781712000000,4,0.00005000
1781726400000,4,0.00005000
1781740800002,4,0.00005000
1781755200000,4,0.00005000
1781769600000,4,0.00005000
1781784000004,4,0.00005000
1781798400001,4,0.00005000
1781812800000,4,0.00009812
1781827200005,4,0.00005000
1781841600000,4,0.00005000
1781856000001,4,0.00005000
1781870400000,4,0.00005000
1781884800001,4,0.00005000
1781899200000,4,0.00005000
1781913600001,4,0.00027359
1781928000000,4,0.00005000
1781942400000,4,0.00025185
1781956800001,4,0.00005000
1781971200001,4,0.00005000
1781985600000,4,0.00011904
1782000000000,4,0.00005000
1782014400000,4,0.00016011
1782028800000,4,0.00020941
1782043200001,4,0.00005000
1782057600000,4,0.00005000
1782072000004,4,0.00011592
1782086400000,4,0.00005000
1782100800000,4,0.00005000
1782115200000,4,0.00006745
1782129600000,4,0.00016489
1782144000002,4,0.00011499
1782158400000,4,0.00005000
1782172800003,4,0.00005000
1782187200000,4,0.00005000
1782201600005,4,0.00005000
1782216000000,4,0.00005000
1782230400002,4,0.00005000
1782244800000,4,0.00005000
1782259200005,4,0.00005000
1782288000005,4,0.00005000
1782302400005,4,0.00005641
1782316800003,4,0.00006490
1782331200006,4,0.00005000
1782345600000,4,0.00005000
1782360000008,4,0.00005000
1782374400000,4,0.00005000
1782388800006,4,0.00005000
1782403200000,4,0.00011231
1782417600011,4,0.00238101
1782432000010,4,0.00005000
1782446400001,4,0.00005000
1782460800002,4,0.00005000
1782475200004,4,0.00005000
1782489600000,4,0.00005000
1782504000000,4,0.00005000
1782518400000,4,0.00005000
1782532800000,4,0.00005000
1782547200000,4,0.00005000
1782561600001,4,0.00005000
1782576000009,4,0.00005000
1782590400000,4,0.00005000
1782604800000,4,0.00005000
1782619200002,4,0.00005000
1782633600013,4,0.00005000
1782648000008,4,0.00005000
1782662400000,4,0.00005000
1782676800003,4,0.00005000
1782691200006,4,0.00005000
1782705600000,4,0.00005000
1782720000013,4,0.00011669
1782734400001,4,0.00005000
1782748800004,4,0.00005000
1782763200000,4,0.00005000
1782777600000,4,0.00005000
1782792000000,4,0.00005000
1782806400000,4,0.00005000
1782820800002,4,0.00005000
1782835200005,4,0.00005000
1782849600003,4,0.00005000
1782864000000,4,0.00005000
1782878400001,4,0.00005000
1782892800000,4,0.00005000
1782907200000,4,0.00005000
1782921600000,4,0.00005000
1782936000000,4,0.00005000
1782950400000,4,0.00005000
1782964800003,4,0.00005000
1782979200000,4,0.00005000
1782993600005,4,0.00005000
1783008000000,4,0.00005000
1783022400008,4,0.00005000
1783036800000,4,0.00005000
1783051200000,4,0.00005000
1783065600007,4,0.00005000
1783080000002,4,0.00005000
1783094400000,4,0.00005000
1783108800001,4,0.00005000
1783123200000,4,0.00005000
1783137600006,4,0.00005000
1783152000000,4,0.00010655
1783166400000,4,0.00006160
1783180800007,4,0.00005000
1783195200000,4,0.00005000
1783209600003,4,0.00005000
1783224000002,4,0.00005000
1783238400001,4,0.00005000
1783252800000,4,0.00005000
1783267200000,4,0.00005000
1783281600000,4,0.00005000
1783296000000,4,0.00005187
1783310400000,4,0.00005000
1783324800000,4,0.00005000
1783339200002,4,0.00005000
1783353600000,4,0.00005000
1783368000003,4,0.00005000
1783382400000,4,0.00005000
1783396800000,4,0.00005000
1783411200000,4,0.00005785
1783425600010,4,0.00005000
1783440000000,4,0.00006577
1783454400000,4,0.00005000
1783468800000,4,0.00005000
1783483200003,4,0.00005000
1783497600000,4,0.00005000
1783512000005,4,0.00005000
1783526400000,4,0.00005000
1783540800006,4,0.00005000
1783555200000,4,0.00005000
1783569600002,4,0.00005000
1783584000001,4,0.00005000
1783598400002,4,0.00005000
1783612800001,4,0.00005000
1783627200000,4,0.00005000
1783641600000,4,0.00005000
1783656000000,4,0.00005000
1783670400005,4,0.00005000
1783684800002,4,0.00005000
1783699200005,4,0.00005000
1783713600000,4,0.00005000
1783728000000,4,0.00005000
1783742400000,4,0.00005000
1783756800000,4,0.00005000
1783771200008,4,0.00005000
1783785600000,4,0.00005000
1783800000000,4,0.00005000
1783814400000,4,0.00005000
1783828800000,4,0.00005000
1783843200003,4,0.00005000
1783857600000,4,0.00005000
1783872000000,4,0.00005000
1783886400002,4,0.00005000
1783900800000,4,0.00005000
1783915200000,4,0.00005000
1783929600001,4,0.00005000
1783944000000,4,0.00005000
1783958400004,4,0.00005000
1783972800000,4,0.00005000
1783987200000,4,0.00005000
1784001600000,4,0.00012448
1784016000002,4,0.00005000
1784030400001,4,0.00005000
1784044800001,4,0.00012117
1784059200000,4,0.00012307
1784073600005,4,0.00005000
1784088000003,4,0.00005000
1784102400002,4,0.00005000
1784116800003,4,0.00005000
1784131200000,4,0.00005000
1784145600002,4,0.00005000
1784160000000,4,0.00005000
1784174400003,4,0.00005000
1784188800003,4,0.00005000
1784203200001,4,0.00005000
1784217600002,4,0.00005000
1784232000002,4,0.00005000
1784246400000,4,0.00005000
1784260800000,4,0.00005000
1784275200010,4,0.00005000
1784289600004,4,0.00005000
1784304000004,4,0.00005000
1784318400000,4,0.00005000
1784332800000,4,0.00005000
1784347200000,4,0.00005000
1784361600000,4,0.00005000
1784376000002,4,0.00015480
1784390400001,4,0.00005000
1784404800004,4,0.00005000
1784419200003,4,0.00005000
1784433600000,4,0.00005000
1784448000000,4,0.00005000
1784462400000,4,0.00005000
1784476800001,4,0.00005000
1784491200004,4,0.00005000
1784505600000,4,0.00005000
1784520000000,4,0.00005000
1784534400001,4,0.00005000
1784548800000,4,0.00005000
1784563200004,4,0.00005000
1784577600002,4,0.00005000
1784592000001,4,0.00014069
1784606400000,4,0.00005000
1784620800000,4,0.00005000
1784635200000,4,0.00005000
1784649600002,4,0.00005000
1784664000000,4,0.00005000
1784678400000,4,0.00005000
1784692800008,4,0.00034151
1784707200000,4,0.00005000
1784721600000,4,0.00018726
1784736000001,4,0.00012810
1784750400000,4,0.00005000
1784764800000,4,0.00005000
1784779200006,4,0.00010481
1784793600000,4,0.00005000
1784808000000,4,0.00005000
1784822400000,4,0.00005000
1784836800000,4,0.00005000
1784851200000,4,0.00005000
1784865600001,4,0.00005000
1784880000000,4,0.00005000
1784894400000,4,0.00005000
1784908800008,4,0.00005000
1784923200001,4,0.00005000
1784937600002,4,0.00005000
1784952000000,4,0.00005000
1784966400000,4,0.00005000
1784980800000,4,0.00005000
1784995200000,4,0.00005000
1785009600003,4,0.00005000
1785024000000,4,0.00023636
1785038400000,4,0.00005000
1785052800002,4,0.00005000
1785067200000,4,0.00005000
1785081600000,4,0.00005000
1785096000000,4,0.00005000
1785110400010,4,0.00009360
1785124800000,4,0.00011439
1785139200000,4,0.00005000
1785153600000,4,0.00005000
1785168000001,4,0.00005000
1785182400004,4,0.00005000
1785196800000,4,0.00005000
1785211200012,4,0.00005000
1785225600000,4,0.00005000
1785240000001,4,0.00005000
1785254400000,4,0.00005000
1785268800000,4,0.00005000
1785283200000,4,0.00005000
1785297600000,4,0.00005000
1785312000002,4,0.00005000
1785326400007,4,0.00005000
1785340800000,4,0.00005000
1785355200003,4,0.00005000
1785369600000,4,0.00005000
1785384000001,4,0.00007055
1785398400000,4,0.00005000
1785412800000,4,0.00005601
1785427200000,4,0.00015833
1785441600003,4,0.00021052
1785456000003,4,0.00005000
1785470400000,4,0.00019489
1785484800000,4,0.00005000
1785499200000,4,0.00015854
1785513600000,4,0.00025250
1785528000001,4,0.00025443
1785542400001,4,0.00010650
1785556800000,4,0.00020982
1785571200000,4,0.00016259
1785585600000,4,0.00005000
1785600000000,4,0.00005000
1785614400000,4,0.00005000
1785628800000,4,0.00005000
1785643200000,4,0.00007405
1785657600000,4,0.00027088
1785672000007,4,0.00005000
1785686400000,4,0.00010627
1785700800002,4,0.00023837
1785715200000,4,0.00041549
1785729600000,4,0.00005000
1785744000000,4,0.00010414
1785758400000,4,0.00009021
1785772800000,4,0.00005000
1785787200003,4,0.00030782
1785801600004,4,0.00005000
1785816000002,4,0.00016233
1785830400002,4,0.00005000
1785844800002,4,0.00005000
1785859200000,4,0.00005000
1785873600000,4,0.00005000
1785888000003,4,0.00005000
1785902400001,4,0.00008967
1785916800004,4,0.00016065
1785931200008,4,0.00005000
1785945600000,4,0.00005000
1785960000000,4,0.00014707
1785974400002,4,0.00005000
1785988800000,4,0.00005000
1786003200000,4,0.00010928
1786017600000,4,0.00005000
1786032000000,4,0.00005000
1786046400001,4,0.00016251
1786060800000,4,0.00006097
1786075200000,4,0.00020464
1786089600000,4,0.00005000
1786104000000,4,0.00005000
1786118400000,4,0.00024092
1786132800000,4,0.00005000
1786147200001,4,0.00011766
1786161600000,4,0.00015241
1786176000000,4,0.00040483
1786190400001,4,0.00010572
1786204800002,4,0.00038740
1786219200000,4,0.00015220
1786233600000,4,0.00074937
1786248000000,4,0.00022091
1786262400005,4,0.00022254
1786276800000,4,0.00030355
1786291200000,4,0.00077119
1786305600000,4,0.00064146
1786320000001,4,0.00014576
1786334400000,4,0.00005000
1786348800005,4,0.00006284
1786363200000,4,0.00012326
1786377600000,4,0.00005000
1786392000000,4,0.00051831
1786406400000,4,0.00093897
1786420800000,4,0.00039453
1786435200006,4,0.00070146
1786449600001,4,0.00046731
1786464000000,4,0.00089440
1786478400003,4,0.00005000
1786492800001,4,0.00005000
1786507200000,4,0.00005000
1786521600000,4,0.00005000
1786536000000,4,0.00005000
1786550400000,4,0.00005000
1786564800001,4,0.00005000
1786579200000,4,0.00005000
1786593600000,4,0.00005000
1786608000000,4,0.00014433
1786622400000,4,0.00005000
1786636800000,4,0.00005000
1786651200002,4,0.00020821
1786665600000,4,0.00053320
1786680000001,4,0.00005000
1786694400001,4,0.00005000
1786708800002,4,0.00006799
1786723200001,4,0.00007150
1786737600000,4,0.00005000
1786752000003,4,0.00005000
1786766400000,4,0.00018364
1786780800002,4,0.00041905
1786795200001,4,0.00027540
1786809600000,4,0.00047646
1786824000003,4,0.00044928
1786838400000,4,0.00047813
1786852800001,4,0.00036362
1786867200002,4,0.00038819
1786881600008,4,0.00012674
1786896000000,4,0.00038081
1786910400000,4,0.00010358
1786924800001,4,0.00005000
1786939200001,4,0.00021881
1786953600003,4,0.00024516
1786968000002,4,0.00019066
1786982400005,4,0.00005000
1786996800000,4,0.00005000
1787011200006,4,0.00005000
1787025600001,4,0.00005000
1787040000001,4,0.00005000
1787054400000,4,0.00013410
1787068800003,4,0.00008491
1787083200008,4,0.00005000
1787097600000,4,0.00008805
1787112000001,4,0.00025525
1787126400000,4,0.00041774
1787140800000,4,0.00005000
1787155200004,4,0.00005000
1787169600009,4,0.00005000
1787184000001,4,0.00005000
1787198400011,4,0.00005000
1787212800000,4,0.00005000
1787227200002,4,0.00005000
1787241600005,4,0.00005000
1787256000001,4,0.00005000
1787270400004,4,0.00005000
1787284800000,4,0.00005000
1787299200000,4,0.00005000
1787313600000,4,0.00005850
1787328000001,4,0.00017960
1787342400000,4,0.00017407
1787356800000,4,0.00016711
1787371200004,4,0.00059419
1787385600000,4,0.00021036
1787400000002,4,0.00005000
1787414400000,4,0.00005000
1787428800001,4,0.00024914
1787443200000,4,0.00012925
1787457600004,4,0.00005000
1787472000000,4,0.00026931
1787486400002,4,0.00005000
1787500800006,4,0.00012188
1787515200000,4,0.00005000
1787529600001,4,0.00005000
1787544000000,4,0.00005000
1787558400002,4,0.00005000
1787572800000,4,0.00005890
1787587200000,4,0.00009596
1787601600000,4,0.00015321
1787616000001,4,0.00006113
1787630400001,4,0.00012450
1787644800000,4,0.00019814
1787659200001,4,0.00005000
1787673600005,4,0.00005000
1787688000000,4,0.00025390
1787702400000,4,0.00007459
1787716800000,4,0.00005000
1787731200005,4,0.00005000
1787745600000,4,0.00005000
1787760000000,4,0.00006370
1787774400000,4,0.00024765
1787788800000,4,0.00030261
1787803200000,4,0.00018005
1787817600000,4,0.00011118
1787832000000,4,0.00005000
1787846400013,4,0.00006754
1787860800000,4,0.00005000
1787875200026,4,0.00005000
1787889600008,4,0.00005000
1787904000000,4,0.00011737
1787918400004,4,0.00025115
1787932800001,4,0.00005000
1787947200000,4,0.00018470
1787961600000,4,0.00023485
1787976000000,4,0.00012333
1787990400000,4,0.00005000
1788004800000,4,0.00005000
1788019200002,4,0.00005000
1788033600002,4,0.00005000
1788048000000,4,0.00005000
1788062400000,4,0.00013104
1788076800000,4,0.00006285
1788091200000,4,0.00005000
1788105600001,4,0.00005000
1788120000000,4,0.00016634
1788134400002,4,0.00005000
1788148800002,4,0.00007061
1788163200002,4,0.00005000
1788177600003,4,0.00005000
1788192000001,4,0.00013705
1788206400000,4,0.00009814
1788220800005,4,0.00008468
1788235200007,4,0.00015286
1788249600000,4,0.00005000
1788264000001,4,0.00005000
1788278400000,4,0.00005000
1788292800000,4,0.00005000
1788307200000,4,0.00005000
1788321600000,4,0.00005000
1788336000001,4,0.00005000
1788350400000,4,0.00005000
1788364800005,4,0.00005000
1788379200000,4,0.00005000
1788393600000,4,0.00005000
1788408000000,4,0.00005000
1788422400000,4,0.00005000
1788436800002,4,0.00005000
1788451200000,4,0.00005000
1788465600000,4,0.00005000
1788480000000,4,0.00005000
1788494400000,4,0.00005000
1788508800000,4,0.00005000
1788523200003,4,0.00005000
1788537600009,4,0.00005000
1788552000000,4,0.00005000
1788566400000,4,0.00005000
1788580800001,4,0.00005000
1788595200000,4,0.00005000
1788609600007,4,0.00005000
1788624000001,4,0.00005000
1788638400000,4,0.00005000
1788652800000,4,0.00005000
1788667200005,4,0.00005000
1788681600000,4,0.00005000
1788696000001,4,0.00005000
1788710400004,4,0.00005000
1788724800000,4,0.00005000
1788739200004,4,0.00005000
1788753600001,4,0.00005000
1788768000000,4,0.00005000
1788782400000,4,0.00022338
1788796800003,4,0.00015930
1788811200000,4,0.00011540
1788825600004,4,0.00030769
1788840000000,4,0.00005399
1788854400002,4,0.00005000
1788868800006,4,0.00005000
1788883200001,4,0.00027148
1788897600002,4,0.00009555
1788912000005,4,0.00046982
1788926400004,4,0.00019078
1788940800004,4,0.00051310
1788955200004,4,0.00005000
1788969600002,4,0.00038356
1788984000000,4,0.00005000
1788998400000,4,0.00005000
1789012800000,4,0.00016109
1789027200007,4,0.00005000
1789041600000,4,0.00005000
1789056000002,4,0.00005000
1789070400000,4,0.00005000
1789084800008,4,0.00005000
1789099200005,4,0.00005000
1789113600000,4,0.00005000
1789128000000,4,0.00005000
1789142400000,4,0.00005000
1789156800004,4,0.00005000
1789171200001,4,0.00005000
1789185600002,4,0.00005000
1789200000003,4,0.00005000
1789214400000,4,0.00005000
1789228800000,4,0.00005000
1789243200000,4,0.00005000
1789257600002,4,0.00005000
1789272000007,4,0.00005456
1789286400000,4,0.00005000
1789300800001,4,0.00005000
1789315200000,4,0.00005000
1789329600000,4,0.00005000
1789344000000,4,0.00005000
1789358400000,4,0.00009967
1789372800000,4,0.00030279
1789387200002,4,0.00006778
1789401600000,4,0.00022023
1789416000008,4,0.00028760
1789430400000,4,0.00007904
1789444800001,4,0.00013753
1789459200005,4,0.00005000
1789473600005,4,0.00005000
1789488000001,4,0.00007181
1789502400000,4,0.00009794
1789516800001,4,0.00014530
1789531200002,4,0.00005000
1789545600002,4,0.00005000
1789560000002,4,0.00009445
1789574400001,4,0.00005000
1789588800000,4,0.00012248
1789603200000,4,0.00059033
1789617600004,4,0.00026475
1789632000003,4,0.00005000
1789646400000,4,0.00005000
1789660800000,4,0.00005000
1789675200001,4,0.00013641
1789689600003,4,0.00016925
1789704000000,4,0.00005000
1789718400006,4,0.00012235
1789732800000,4,0.00008487
1789747200000,4,0.00043697
1789761600001,4,0.00005000
1789776000000,4,0.00005000
1789790400000,4,0.00018945
1789804800002,4,0.00017465
1789819200000,4,0.00048794
1789833600000,4,0.00007745
1789848000000,4,0.00041596
1789862400000,4,0.00026484
1789876800000,4,0.00005000
1789891200000,4,0.00005000
1789905600004,4,0.00005000
1789920000000,4,0.00006903
1789934400000,4,0.00027844
1789948800007,4,0.00020069
1789963200002,4,0.00053286
1789977600004,4,0.00021475
1789992000000,4,0.00051151
1790006400002,4,0.00042345
1790020800003,4,0.00059991
1790035200000,4,0.00041788
1790049600006,4,0.00016512
1790064000004,4,0.00005557
1790078400011,4,0.00005000
1790092800000,4,0.00011198
1790107200000,4,0.00005000
1790121600000,4,0.00022732
1790136000000,4,0.00016035
1790150400004,4,0.00009645
1790164800005,4,0.00005000
1790179200004,4,0.00019580
1790193600000,4,0.00006535
1790208000002,4,0.00005000
1790222400000,4,0.00005000
1790236800000,4,0.00005000
1790251200001,4,0.00005000
1790265600005,4,0.00015624
1790280000000,4,0.00005000
1790294400002,4,0.00012071
1790308800004,4,0.00005000
1790323200000,4,0.00019367
1790337600000,4,0.00034352
1790352000002,4,0.00019562
1790366400000,4,0.00009697
1790380800000,4,0.00059931
1790395200003,4,0.00040222
1790409600001,4,0.00056602
1790424000000,4,0.00018333
1790438400001,4,0.00027215
1790452800001,4,0.00017501
1790467200000,4,0.00021589
1790481600000,4,0.00005000
1790496000001,4,0.00005000
1790510400001,4,0.00005000
1790524800000,4,0.00005000
1790539200000,4,0.00005000
1790553600000,4,0.00005000
1790568000000,4,0.00005000
1790582400001,4,0.00005000
1790596800000,4,0.00005000
1790611200001,4,0.00005000
1790625600000,4,0.00005000
1790640000000,4,0.00033949
1790654400000,4,0.00055021
1790668800000,4,0.00031486
1790683200000,4,0.00044037
1790697600000,4,0.00035239
1790712000000,4,0.00037531
1790726400000,4,0.00026114
1790740800000,4,0.00021105
1790755200000,4,0.00030726
1790769600000,4,0.00009128
1790784000002,4,0.00011806
1790798400000,4,0.00046397
