open_time,open,high,low,close,volume,quote_volume,trades,taker_buy_quote
1788307200000,33.70000,36.86000,33.09000,35.99000,45970.07,1634760.6909000,13494,828597.9630000
1788393600000,36.03000,37.60000,35.34000,37.45000,20483.66,746589.5209000,8831,389857.4635000
1788480000000,37.42000,38.97000,37.21000,37.50000,15555.55,589980.4337000,8650,315673.1316000
1788566400000,37.47000,37.89000,37.39000,37.84000,1958.29,73790.4434000,902,47272.9987000
1788652800000,37.84000,38.00000,37.77000,37.96000,1732.44,65618.4994000,753,31212.5184000
1788739200000,37.96000,38.35000,37.80000,37.92000,4959.98,188543.0022000,2152,93712.2836000
1788825600000,37.91000,38.76000,36.04000,36.19000,19458.83,725679.4922000,8845,305496.1327000
1788912000000,36.21000,36.52000,35.50000,35.60000,10333.91,371850.4071000,5819,181552.1246000
1788998400000,35.60000,35.70000,33.63000,33.80000,12286.29,424030.8282000,6100,219913.7143000
1789084800000,33.76000,35.05000,33.76000,33.88000,9621.69,329775.8465000,3917,166940.6652000
1789171200000,33.86000,34.11000,33.69000,33.81000,1087.37,36906.4364000,899,21116.2121000
1789257600000,33.80000,33.80000,32.65000,32.80000,2995.81,99119.8357000,2274,50657.8731000
1789344000000,32.79000,33.45000,30.98000,31.93000,16413.19,529145.7055000,5208,261662.5895000
1789430400000,31.93000,32.47000,31.59000,32.01000,12901.96,413106.3581000,3980,193540.9928000
1789516800000,32.00000,33.30000,31.84000,33.08000,9593.58,312318.5366000,3050,162859.5479000
1789603200000,32.98000,34.28000,32.81000,34.01000,10682.72,360086.0228000,3020,144767.3907000
1789689600000,34.00000,35.08000,33.73000,34.95000,11217.50,384643.1932000,3878,193094.3506000
1789776000000,34.97000,35.17000,34.84000,34.88000,2592.65,90682.5384000,1636,34240.0954000
1789862400000,34.90000,35.18000,34.36000,35.02000,3867.30,134204.9004000,2301,64064.2183000
1789948800000,35.02000,36.87000,34.76000,36.54000,12136.03,431323.2327000,4193,204385.4145000
1790035200000,36.58000,37.35000,36.02000,36.89000,7982.75,293494.7321000,4185,132183.6387000
1790121600000,36.96000,37.16000,35.46000,35.80000,6234.45,226653.5191000,2880,117253.0376000
1790208000000,35.85000,35.88000,34.40000,35.42000,8669.11,304341.1404000,3004,141034.2771000
1790294400000,35.39000,36.34000,35.14000,35.63000,8923.10,318791.9132000,2720,168688.3441000
1790380800000,35.69000,35.70000,35.39000,35.55000,546.56,19419.4808000,483,7861.8698000
1790467200000,35.54000,36.14000,35.47000,35.80000,3568.43,128119.1021000,1926,74041.0716000
1790553600000,35.84000,38.30000,34.96000,37.11000,33845.07,1249165.5468000,11126,621123.8891000
1790640000000,37.09000,38.14000,36.32000,36.72000,14532.31,542304.3872000,5621,274527.6956000
1790726400000,36.75000,37.99000,36.33000,37.16000,14126.52,523802.5501000,5496,249290.8973000
1790812800000,37.15000,37.97000,36.68000,37.71000,15467.96,578011.1317000,4780,298937.7475000
1790899200000,37.73000,39.78000,37.60000,38.53000,22452.32,874670.4844000,5988,528262.6566000
