address,coin,szi,entryPx,positionValue,unrealizedPnl,leverage_type,leverage,liquidationPx
0x807a2e2e469df84b299da5f90f15dda4380daca1,LIT,-10318.0,5.413636,54804.057,1053.843,cross,1,112.9875732717
0xf517639a8872e756ac98d3c65507d2ebc25cc032,BTC,70.40854,81273.5,5930511.3241999997,208156.989775,cross,40,
0xf517639a8872e756ac98d3c65507d2ebc25cc032,ETH,-2221.0302,1969.0,5932593.7672199998,-1559365.8789369999,cross,25,6219.3925322816
0xf517639a8872e756ac98d3c65507d2ebc25cc032,SOL,-56802.22,80.7459,6481133.3020000001,-1894585.1415599999,cross,20,252.1654071153
0xf517639a8872e756ac98d3c65507d2ebc25cc032,DOGE,-1.0,0.06961,0.091921,-0.022311,cross,10,7655697.396763809
0xf517639a8872e756ac98d3c65507d2ebc25cc032,PURR,7889347.0,0.072483,1035397.9002799999,463548.902221,cross,3,
0xf517639a8872e756ac98d3c65507d2ebc25cc032,HYPE,197798.33,62.5246,18342234.7375600003,5974972.2588989995,cross,10,49.9532759378
0xf517639a8872e756ac98d3c65507d2ebc25cc032,PUMP,-1.0,0.005001,0.004016,0.000985,cross,10,7655697.3088580957
0xf517639a8872e756ac98d3c65507d2ebc25cc032,XPL,9744481.0,0.091043,866216.149533,-20952.482789,cross,10,
0xf517639a8872e756ac98d3c65507d2ebc25cc032,LIT,-172188.0,5.217865,915489.1584,-17035.391,cross,5,47.7571039916
0xaf0fdd39e5d92499b0ed9f68693da99c0ec1e92e,SOL,-25081.1,107.3897,2863007.5649999999,-169554.776866,cross,20,295.6146111544
0xaf0fdd39e5d92499b0ed9f68693da99c0ec1e92e,UNI,-90000.0,5.07834,822924.0,-365873.090678,cross,10,58.509900109
0xaf0fdd39e5d92499b0ed9f68693da99c0ec1e92e,PENDLE,50000.0,2.515776,123450.0,-2338.8083,cross,5,
0xaf0fdd39e5d92499b0ed9f68693da99c0ec1e92e,HYPE,-13033.77,96.4742,1207709.1281999999,49713.9102,cross,5,433.5411886205
0xaf0fdd39e5d92499b0ed9f68693da99c0ec1e92e,XPL,4934726.0,0.090048,439200.483452,-5165.388149,cross,10,
0xaf0fdd39e5d92499b0ed9f68693da99c0ec1e92e,AERO,-2000000.0,0.671162,1341560.0,764.317064,cross,3,2.6701151544
0xbf732ea04197942783e34730ed6e0f6099575d58,ZEC,-5000.0,1514.3261,7513396.0,58234.92,cross,10,2612.3247040406
0x7717a7a245d9f950e586822b8c9b46863ed7bd7e,BTC,7.69908,84028.5,649240.31916,2297.516714,cross,20,
0x7717a7a245d9f950e586822b8c9b46863ed7bd7e,ETH,39.2887,2672.94,105026.55284,9.884798,cross,20,
0x7717a7a245d9f950e586822b8c9b46863ed7bd7e,ATOM,134942.86,1.7571,227675.593392,-9435.89618,cross,5,
0x7717a7a245d9f950e586822b8c9b46863ed7bd7e,DYDX,-1446927.7,0.13556,183528.309468,12623.413085,cross,5,4.8566549005
0x7717a7a245d9f950e586822b8c9b46863ed7bd7e,SOL,1107.52,114.056,126611.6864,292.325251,cross,20,
0x7717a7a245d9f950e586822b8c9b46863ed7bd7e,AVAX,-5261.11,10.5982,54205.21633,1553.421951,cross,10,1373.055476351
0x7717a7a245d9f950e586822b8c9b46863ed7bd7e,BNB,443.632,780.439,339888.6568,-6339.150588,cross,10,
0x7717a7a245d9f950e586822b8c9b46863ed7bd7e,APE,-526878.7,0.15504,78230.949376,3458.538413,cross,5,13.1376180983
0x7717a7a245d9f950e586822b8c9b46863ed7bd7e,OP,428753.0,0.12532,52758.05665,-973.819935,cross,5,
0x7717a7a245d9f950e586822b8c9b46863ed7bd7e,LTC,424.07,61.0178,25867.42186,-8.433557,cross,10,
0x7717a7a245d9f950e586822b8c9b46863ed7bd7e,ARB,290966.5,0.21944,63512.16762,-340.2554,cross,10,
0x7717a7a245d9f950e586822b8c9b46863ed7bd7e,DOGE,96768.0,0.093108,8923.267584,-86.617411,cross,10,
0x7717a7a245d9f950e586822b8c9b46863ed7bd7e,INJ,-25497.7,8.01827,195184.8935,9262.605574,cross,5,276.0596088613
0x7717a7a245d9f950e586822b8c9b46863ed7bd7e,SUI,-159263.7,1.00205,152845.37289,6746.107892,cross,10,45.9768048447
0x7717a7a245d9f950e586822b8c9b46863ed7bd7e,kPEPE,32050839.0,0.004483,139773.708879,-3921.383572,cross,10,
0x7717a7a245d9f950e586822b8c9b46863ed7bd7e,CRV,-568767.6,0.34293,183581.118252,11470.430024,cross,10,12.9282536472
0x7717a7a245d9f950e586822b8c9b46863ed7bd7e,LDO,-33841.5,0.40795,12950.46522,855.28879,cross,5,202.6107194002
0x7717a7a245d9f950e586822b8c9b46863ed7bd7e,LINK,9697.9,12.34733,118721.6918,-1021.488809,cross,10,
0x7717a7a245d9f950e586822b8c9b46863ed7bd7e,STX,-228923.2,0.32965,70540.394848,4925.906803,cross,5,30.2033196732
0x7717a7a245d9f950e586822b8c9b46863ed7bd7e,CFX,-4261836.0,0.050783,218717.42352,-2285.55842,cross,5,1.6571303117
0x7717a7a245d9f950e586822b8c9b46863ed7bd7e,GMX,-12887.62,7.8289,101277.36177,-381.020326,cross,3,508.5430028616
0x7717a7a245d9f950e586822b8c9b46863ed7bd7e,SNX,-61564.1,0.2435,14427.546835,563.811409,cross,3,105.0459465761
0x7717a7a245d9f950e586822b8c9b46863ed7bd7e,XRP,352996.0,1.496844,525575.7444,-2804.333924,cross,20,
0x7717a7a245d9f950e586822b8c9b46863ed7bd7e,BCH,252.735,342.334,85113.56595,-1406.350926,cross,10,
0x7717a7a245d9f950e586822b8c9b46863ed7bd7e,APT,60994.92,0.7671,46081.66206,-712.820524,cross,10,
0x7717a7a245d9f950e586822b8c9b46863ed7bd7e,AAVE,-498.24,143.1168,68841.8208,2464.703333,cross,10,14528.0035758976
0x7717a7a245d9f950e586822b8c9b46863ed7bd7e,COMP,-2571.61,22.707,55567.34888,2826.315885,cross,5,2682.8591988061
0x7717a7a245d9f950e586822b8c9b46863ed7bd7e,WLD,181372.8,0.4056,73532.160576,-34.016867,cross,10,
0x7717a7a245d9f950e586822b8c9b46863ed7bd7e,YGG,-123736.0,0.026838,3204.638664,116.244719,cross,3,52.1742762933
0x7717a7a245d9f950e586822b8c9b46863ed7bd7e,TRX,163741.0,0.339711,55760.36014,135.59748,cross,10,
0x7717a7a245d9f950e586822b8c9b46863ed7bd7e,kSHIB,-4080108.0,0.005983,22824.124152,1588.957198,cross,10,1.7160944013
0x7717a7a245d9f950e586822b8c9b46863ed7bd7e,UNI,-68176.5,9.3316,621906.0330000001,14289.939192,cross,10,114.2841993041
0x7717a7a245d9f950e586822b8c9b46863ed7bd7e,SEI,-1519090.0,0.061147,88965.50585,3922.93759,cross,5,4.5636964901
0x7717a7a245d9f950e586822b8c9b46863ed7bd7e,RUNE,-105284.0,0.61846,64159.01676,955.182427,cross,5,65.6116714042
0x7717a7a245d9f950e586822b8c9b46863ed7bd7e,ZRO,-137044.0,1.47297,204209.2644,-2347.439391,cross,5,51.42807755
0x7717a7a245d9f950e586822b8c9b46863ed7bd7e,DOT,71923.8,1.15377,78612.7134,-4371.298665,cross,10,
0x7717a7a245d9f950e586822b8c9b46863ed7bd7e,BANANA,-2612.0,4.10692,10257.5852,469.708422,cross,3,2474.3067373543
0x7717a7a245d9f950e586822b8c9b46863ed7bd7e,TRB,-107.27,18.973,2000.04915,35.184656,cross,3,60171.8249456485
0x7717a7a245d9f950e586822b8c9b46863ed7bd7e,BIGTIME,42289.0,0.008069,338.269711,-2.993707,cross,3,
0x7717a7a245d9f950e586822b8c9b46863ed7bd7e,KAS,-10475229.0,0.039606,404490.492606,10394.41852,cross,3,0.6546035514
0x7717a7a245d9f950e586822b8c9b46863ed7bd7e,BLUR,5220524.0,0.019898,100557.733288,-3324.883167,cross,3,
0x7717a7a245d9f950e586822b8c9b46863ed7bd7e,TIA,-295178.8,0.48133,136056.764284,6022.455658,cross,5,23.6458612869
0x7717a7a245d9f950e586822b8c9b46863ed7bd7e,BSV,3614.25,22.2976,80811.01575,221.905323,cross,3,
0x7717a7a245d9f950e586822b8c9b46863ed7bd7e,ADA,597510.0,0.244323,141693.5214,-4292.096054,cross,10,
0x7717a7a245d9f950e586822b8c9b46863ed7bd7e,MINA,1295573.0,0.14973,183142.19928,-10845.053074,cross,3,
0x7717a7a245d9f950e586822b8c9b46863ed7bd7e,POLYX,-97200.0,0.042271,4027.2876,81.497808,cross,3,66.4265318968
0x7717a7a245d9f950e586822b8c9b46863ed7bd7e,GAS,4680.6,1.41402,6540.67044,-77.828423,cross,3,
0x7717a7a245d9f950e586822b8c9b46863ed7bd7e,PENDLE,-140552.0,2.534489,347360.2128,8867.321458,cross,5,51.1629888451
0x7717a7a245d9f950e586822b8c9b46863ed7bd7e,FET,-506669.0,0.207348,99367.92428,5689.063854,cross,5,13.7033608128
0x7717a7a245d9f950e586822b8c9b46863ed7bd7e,NEAR,1014.0,4.30328,4377.7422,14.21564,cross,10,
0x7717a7a245d9f950e586822b8c9b46863ed7bd7e,MEME,89355055.0,0.00056,52272.707175,2165.345378,cross,3,
0x7717a7a245d9f950e586822b8c9b46863ed7bd7e,ORDI,-7200.17,4.8538,31652.667337,3296.046403,cross,3,900.5737753562
0x7717a7a245d9f950e586822b8c9b46863ed7bd7e,NEO,-2476.01,2.5154,6071.424121,156.962416,cross,5,2766.4555553018
0x7717a7a245d9f950e586822b8c9b46863ed7bd7e,ZEN,-19988.89,7.9675,143058.486841,16204.434316,cross,5,349.5320991912
0x7717a7a245d9f950e586822b8c9b46863ed7bd7e,FIL,21118.3,0.94543,19473.395613,-492.520189,cross,5,
0x7717a7a245d9f950e586822b8c9b46863ed7bd7e,PYTH,-1009663.0,0.06585,63128.169412,3358.298589,cross,5,6.8407264253
0x7717a7a245d9f950e586822b8c9b46863ed7bd7e,SUSHI,-229474.2,0.26397,56331.326616,4243.535778,cross,3,28.3646829987
0x7717a7a245d9f950e586822b8c9b46863ed7bd7e,IMX,-2017295.2,0.13327,290510.681752,-21649.955109,cross,5,3.5365230022
0x7717a7a245d9f950e586822b8c9b46863ed7bd7e,kBONK,-11236155.0,0.003733,38955.749385,2998.779633,cross,10,0.6415492159
0x7717a7a245d9f950e586822b8c9b46863ed7bd7e,GMT,530004.0,0.008299,4317.942588,-80.576059,cross,3,
0x7717a7a245d9f950e586822b8c9b46863ed7bd7e,SUPER,-580000.0,0.149629,100966.4,-14181.367025,cross,3,11.2993069186
0x7717a7a245d9f950e586822b8c9b46863ed7bd7e,JUP,-727151.0,0.299677,208161.51677,9749.138993,cross,10,9.8724521611
0x7717a7a245d9f950e586822b8c9b46863ed7bd7e,kLUNC,-968773.0,0.055038,51198.684277,2121.481856,cross,3,6.7134718836
0x7717a7a245d9f950e586822b8c9b46863ed7bd7e,RSR,-13463342.0,0.001695,21945.24746,875.331551,cross,3,0.4809041366
0x7717a7a245d9f950e586822b8c9b46863ed7bd7e,GALA,10679876.0,0.001966,20281.084524,-715.596929,cross,3,
0x7717a7a245d9f950e586822b8c9b46863ed7bd7e,JTO,-673656.0,0.472284,309349.57176,8807.582771,cross,5,10.6182528874
0x7717a7a245d9f950e586822b8c9b46863ed7bd7e,ACE,145673.65,0.1885,26366.93065,-1102.390961,cross,3,
0x7717a7a245d9f950e586822b8c9b46863ed7bd7e,WIF,-316348.0,0.228716,72918.214,-564.21637,cross,5,21.8639549147
0x7717a7a245d9f950e586822b8c9b46863ed7bd7e,CAKE,-117650.3,2.61451,300514.16129,7084.283153,cross,3,57.4001577052
0x7717a7a245d9f950e586822b8c9b46863ed7bd7e,PEOPLE,1551244.0,0.009004,13187.125244,-780.356423,cross,3,
0x7717a7a245d9f950e586822b8c9b46863ed7bd7e,ENS,-31289.95,6.509,209780.34078,-6113.100965,cross,5,225.4231961426
0x7717a7a245d9f950e586822b8c9b46863ed7bd7e,ETC,-11919.89,9.1269,103827.009856,4965.177076,cross,5,582.8516207127
0x7717a7a245d9f950e586822b8c9b46863ed7bd7e,XAI,2444803.7000000002,0.00744,19167.261008,959.440374,cross,3,
0x7717a7a245d9f950e586822b8c9b46863ed7bd7e,MANTA,-909081.1,0.06913,61062.977487,1789.510001,cross,3,7.1651413612
0x7717a7a245d9f950e586822b8c9b46863ed7bd7e,UMA,-39035.5,0.40215,15143.041515,555.151947,cross,3,165.6895557706
0x7717a7a245d9f950e586822b8c9b46863ed7bd7e,ONDO,287684.0,0.412565,118226.61664,-461.90779,cross,10,
0x7717a7a245d9f950e586822b8c9b46863ed7bd7e,ALT,12911597.0,0.007246,95481.259815,1919.514197,cross,3,
0x7717a7a245d9f950e586822b8c9b46863ed7bd7e,ZETA,3307918.7999999998,0.05406,162981.159276,-15869.415665,cross,3,
0x7717a7a245d9f950e586822b8c9b46863ed7bd7e,DYM,5719610.5,0.01778,100951.125325,-773.744217,cross,3,
0x7717a7a245d9f950e586822b8c9b46863ed7bd7e,W,-6542666.5,0.01176,72885.30481,4067.560029,cross,5,1.0571508574
0x7717a7a245d9f950e586822b8c9b46863ed7bd7e,STRK,630059.5,0.03906,24358.10027,-255.707565,cross,5,
0x7717a7a245d9f950e586822b8c9b46863ed7bd7e,TAO,-58.96,287.758,16951.5896,14.638912,cross,5,116361.122540058
0x7717a7a245d9f950e586822b8c9b46863ed7bd7e,AR,-145347.54,4.5497,639427.4327220001,21864.955079,cross,5,51.484377569
0x7717a7a245d9f950e586822b8c9b46863ed7bd7e,kFLOKI,1155174.0,0.029188,31335.249924,-2382.892282,cross,5,
0x7717a7a245d9f950e586822b8c9b46863ed7bd7e,BOME,-203672179.0,0.00094,208763.983475,-17229.428274,cross,3,0.0327064581
0x7717a7a245d9f950e586822b8c9b46863ed7bd7e,ETHFI,-1188033.8,0.70007,771936.841888,59778.030632,cross,5,6.4102865064
0x7717a7a245d9f950e586822b8c9b46863ed7bd7e,ENA,1578423.0,0.20718,322424.46621,-4594.782767,cross,10,
0x7717a7a245d9f950e586822b8c9b46863ed7bd7e,TNSR,-370664.5,0.03631,13469.94793,-10.133243,cross,3,17.4446205685
0x7717a7a245d9f950e586822b8c9b46863ed7bd7e,SAGA,2876757.5,0.03182,142658.404425,51100.964114,cross,3,
0x7717a7a245d9f950e586822b8c9b46863ed7bd7e,MERL,1985573.0,0.030184,57802.015603,-2131.405808,cross,3,
0x7717a7a245d9f950e586822b8c9b46863ed7bd7e,HBAR,-844828.0,0.092891,76079.295884,2397.987599,cross,5,8.190755386
0x7717a7a245d9f950e586822b8c9b46863ed7bd7e,POPCAT,-82954.0,0.058681,4624.353684,243.516416,cross,3,77.8414056761
0x7717a7a245d9f950e586822b8c9b46863ed7bd7e,EIGEN,-1075278.1599999999,0.241,249464.53312,9679.031056,cross,5,6.5965858811
0x7717a7a245d9f950e586822b8c9b46863ed7bd7e,REZ,-73428706.0,0.003872,269336.493608,15009.653956,cross,3,0.091544145
0x7717a7a245d9f950e586822b8c9b46863ed7bd7e,NOT,-34794181.0,0.000486,16074.911622,851.170777,cross,3,0.1859134585
0x7717a7a245d9f950e586822b8c9b46863ed7bd7e,TURBO,-46959509.0,0.000997,47429.10409,-610.0814,cross,3,0.1384184131
0x7717a7a245d9f950e586822b8c9b46863ed7bd7e,BRETT,-6504934.0,0.005863,33910.220942,4233.322194,cross,3,0.9971725822
0x7717a7a245d9f950e586822b8c9b46863ed7bd7e,IO,556208.4,0.15255,81801.569388,-3051.50283,cross,3,
0x7717a7a245d9f950e586822b8c9b46863ed7bd7e,ZK,-5711955.0,0.012027,63773.977575,4924.272927,cross,5,1.209301224
0x7717a7a245d9f950e586822b8c9b46863ed7bd7e,RENDER,-5502.2,1.75431,9486.89324,165.676378,cross,5,1245.5358017887
0x7717a7a245d9f950e586822b8c9b46863ed7bd7e,POL,-3884739.0,0.11076,390765.89601,39511.381319,cross,5,1.8622785447
0x7717a7a245d9f950e586822b8c9b46863ed7bd7e,CELO,239478.0,0.090877,21386.343312,-376.855184,cross,3,
0x7717a7a245d9f950e586822b8c9b46863ed7bd7e,HMSTR,-659551486.0,0.000175,112123.75262,3536.257867,cross,3,0.009953363
0x7717a7a245d9f950e586822b8c9b46863ed7bd7e,kNEIRO,98252.9,0.08712,8469.39998,-90.506706,cross,3,
0x7717a7a245d9f950e586822b8c9b46863ed7bd7e,GOAT,-1281314.0,0.020346,24421.84484,1648.559715,cross,3,5.0550087314
0x7717a7a245d9f950e586822b8c9b46863ed7bd7e,MOODENG,291430.0,0.045603,13018.76096,-271.537522,cross,3,
0x7717a7a245d9f950e586822b8c9b46863ed7bd7e,GRASS,-1137309.2,0.44143,497811.609932,4236.234526,cross,3,6.1113048437
0x7717a7a245d9f950e586822b8c9b46863ed7bd7e,PNUT,-2255970.7999999998,0.05303,118280.549044,1356.752216,cross,3,2.9126760691
0x7717a7a245d9f950e586822b8c9b46863ed7bd7e,XLM,-82225.0,0.210965,16551.8925,794.742903,cross,5,83.4326796943
0x7717a7a245d9f950e586822b8c9b46863ed7bd7e,SAND,2235825.0,0.041171,90182.001375,-1870.539167,cross,5,
0x7717a7a245d9f950e586822b8c9b46863ed7bd7e,ALGO,-4031723.0,0.111021,421677.90857,25929.152212,cross,5,1.802052895
0x7717a7a245d9f950e586822b8c9b46863ed7bd7e,HYPE,1627.08,92.9317,151043.46348,-163.866094,cross,10,
0x7717a7a245d9f950e586822b8c9b46863ed7bd7e,ME,332988.3,0.07009,24151.641399,809.374294,cross,3,
0x7717a7a245d9f950e586822b8c9b46863ed7bd7e,MOVE,1548459.0,0.009642,13973.294016,-957.057515,cross,3,
0x7717a7a245d9f950e586822b8c9b46863ed7bd7e,VIRTUAL,-447053.7,0.7078,309919.977525,6507.42729,cross,5,16.0017021957
0x7717a7a245d9f950e586822b8c9b46863ed7bd7e,PENGU,2966700.0,0.009606,29017.2927,516.823022,cross,5,
0x7717a7a245d9f950e586822b8c9b46863ed7bd7e,USUAL,-4063532.6000000001,0.0136,52297.664562,2971.083836,cross,3,1.60080647
0x7717a7a245d9f950e586822b8c9b46863ed7bd7e,FARTCOIN,2301445.2999999998,0.19505,421900.952396,-27009.76256,cross,10,
0x7717a7a245d9f950e586822b8c9b46863ed7bd7e,AIXBT,-858196.0,0.021903,18584.23438,213.111704,cross,3,7.5404870766
0x7717a7a245d9f950e586822b8c9b46863ed7bd7e,BIO,-3521369.0,0.028101,98992.725328,-37.457077,cross,3,1.8605333148
0x7717a7a245d9f950e586822b8c9b46863ed7bd7e,GRIFFAIN,168107.0,0.015111,2494.035452,-46.23689,cross,3,
0x7717a7a245d9f950e586822b8c9b46863ed7bd7e,SPX,-311311.7,0.47129,135921.801337,10796.988803,cross,5,22.4200439518
0x7717a7a245d9f950e586822b8c9b46863ed7bd7e,S,-338065.0,0.040163,13472.56638,105.475247,cross,5,20.283592687
0x7717a7a245d9f950e586822b8c9b46863ed7bd7e,MORPHO,-176708.4,2.67102,448044.1482,23947.901655,cross,5,41.264276874
0x7717a7a245d9f950e586822b8c9b46863ed7bd7e,TRUMP,-37068.2,2.17594,72598.0697,8060.357395,cross,10,195.3747079857
0x7717a7a245d9f950e586822b8c9b46863ed7bd7e,MELANIA,1048663.2,0.10549,108295.448664,-2333.17977,cross,3,
0x7717a7a245d9f950e586822b8c9b46863ed7bd7e,ANIME,17023181.0,0.003162,55801.987318,1966.27512,cross,3,
0x7717a7a245d9f950e586822b8c9b46863ed7bd7e,VVV,6612.25,29.8482,195484.559,-1879.515478,cross,3,
0x7717a7a245d9f950e586822b8c9b46863ed7bd7e,BERA,-307610.2,0.22804,67265.122434,2884.957971,cross,5,22.4666325037
0x7717a7a245d9f950e586822b8c9b46863ed7bd7e,LAYER,-649697.0,0.073748,48261.442251,-347.190109,cross,3,10.006038284
0x7717a7a245d9f950e586822b8c9b46863ed7bd7e,KAITO,-147061.0,0.353286,47316.87675,4637.824779,cross,5,46.8582225887
0x7717a7a245d9f950e586822b8c9b46863ed7bd7e,NIL,-3072190.0,0.090019,297443.29142,-20887.589418,cross,3,2.1971541162
0x7717a7a245d9f950e586822b8c9b46863ed7bd7e,PAXG,9.442,4381.084,40458.97,-907.228886,cross,10,
0x7717a7a245d9f950e586822b8c9b46863ed7bd7e,BABY,-446260.0,0.012781,5468.47004,235.182261,cross,3,14.4716086649
0x7717a7a245d9f950e586822b8c9b46863ed7bd7e,WCT,-383744.0,0.042565,15674.407424,659.79869,cross,3,16.855784117
0x7717a7a245d9f950e586822b8c9b46863ed7bd7e,HYPER,-8464.0,0.071872,609.162544,-0.830694,cross,3,762.4339290304
0x7717a7a245d9f950e586822b8c9b46863ed7bd7e,ZORA,-17516372.0,0.008512,152287.338168,-3176.172664,cross,3,0.3770711738
0x7717a7a245d9f950e586822b8c9b46863ed7bd7e,INIT,543753.0,0.07652,48312.997803,6704.961777,cross,3,
0x7717a7a245d9f950e586822b8c9b46863ed7bd7e,NXPC,353213.0,0.229904,86657.27742,5452.095268,cross,3,
0x7717a7a245d9f950e586822b8c9b46863ed7bd7e,SOPH,43248246.0,0.003947,161532.19881,-9185.763496,cross,3,
0x7717a7a245d9f950e586822b8c9b46863ed7bd7e,RESOLV,-6464916.0,0.017914,114254.460468,1561.619122,cross,3,1.0157728381
0x7717a7a245d9f950e586822b8c9b46863ed7bd7e,SYRUP,-1625533.0,0.217793,327187.28224,26842.584666,cross,3,4.1708282114
0x7717a7a245d9f950e586822b8c9b46863ed7bd7e,PUMP,-94071773.0,0.004063,378168.52746,4094.476235,cross,10,0.0802340486
0x7717a7a245d9f950e586822b8c9b46863ed7bd7e,PROVE,35677.0,0.232939,8083.69466,-226.878084,cross,3,
0x7717a7a245d9f950e586822b8c9b46863ed7bd7e,XPL,-4560922.0,0.089398,408134.10517,-395.299015,cross,10,1.6158238152
0x7717a7a245d9f950e586822b8c9b46863ed7bd7e,WLFI,2669507.0,0.057348,144358.930039,-8733.928718,cross,5,
0x7717a7a245d9f950e586822b8c9b46863ed7bd7e,LINEA,-67850178.0,0.002728,186859.390212,-1753.324299,cross,3,0.0978551744
0x7717a7a245d9f950e586822b8c9b46863ed7bd7e,SKY,-6826638.0,0.069963,470457.75777,7154.817328,cross,3,1.0141286781
0x7717a7a245d9f950e586822b8c9b46863ed7bd7e,ASTER,-36375.0,0.730164,25106.316,1453.425413,cross,5,188.8331686972
0x7717a7a245d9f950e586822b8c9b46863ed7bd7e,AVNT,347188.0,0.115456,37888.62644,-2196.657749,cross,5,
0x7717a7a245d9f950e586822b8c9b46863ed7bd7e,STBL,3442929.0,0.02628,90473.288262,-10.173374,cross,3,
0x7717a7a245d9f950e586822b8c9b46863ed7bd7e,0G,-537437.0,0.233741,131629.07004,-6007.511553,cross,3,12.2512232742
0x7717a7a245d9f950e586822b8c9b46863ed7bd7e,HEMI,-3343798.0,0.006487,20066.131798,1627.139856,cross,3,1.9357322854
0x7717a7a245d9f950e586822b8c9b46863ed7bd7e,2Z,-231130.0,0.052087,11705.57885,333.348015,cross,3,27.9684038923
0x7717a7a245d9f950e586822b8c9b46863ed7bd7e,ZEC,445.98,1508.1495,670352.5379999999,-2252.011405,cross,10,
0x7717a7a245d9f950e586822b8c9b46863ed7bd7e,MON,-3334266.0,0.025757,79738.97139,6141.95994,cross,5,2.0764507591
0x7717a7a245d9f950e586822b8c9b46863ed7bd7e,MET,260425.0,0.355446,90367.475,-2199.793886,cross,3,
0x7717a7a245d9f950e586822b8c9b46863ed7bd7e,MEGA,-650529.0,0.046423,28536.105114,1663.952332,cross,3,9.962918975
0x7717a7a245d9f950e586822b8c9b46863ed7bd7e,CC,-1353212.0,0.109472,147784.28252,355.667331,cross,3,4.8775919038
0x7717a7a245d9f950e586822b8c9b46863ed7bd7e,ICP,494.1,2.86962,1425.52791,7.644078,cross,5,
0x7717a7a245d9f950e586822b8c9b46863ed7bd7e,AERO,-100796.0,0.69367,67653.26724,2265.922828,cross,3,64.6879328546
0x7717a7a245d9f950e586822b8c9b46863ed7bd7e,STABLE,1599981.0,0.025197,41290.709667,974.653836,cross,3,
0x7717a7a245d9f950e586822b8c9b46863ed7bd7e,FOGO,13054215.0,0.006969,83364.21699,-7619.146066,cross,3,
0x7717a7a245d9f950e586822b8c9b46863ed7bd7e,LIT,-134825.0,5.259833,716797.1125,-7640.049954,cross,5,56.0763753596
0x7717a7a245d9f950e586822b8c9b46863ed7bd7e,XMR,658.986,559.966,365137.55274,-3872.291778,cross,5,
0x7717a7a245d9f950e586822b8c9b46863ed7bd7e,AXS,-28135.8,1.11406,29089.60362,2255.519738,cross,5,244.2720590487
0x7717a7a245d9f950e586822b8c9b46863ed7bd7e,DASH,-1035.11,61.4817,59681.33727,3958.998927,cross,5,6669.2250414273
0x7717a7a245d9f950e586822b8c9b46863ed7bd7e,SKR,3890890.0,0.020845,80222.37002,-883.679903,cross,3,
0x7717a7a245d9f950e586822b8c9b46863ed7bd7e,AZTEC,-1183570.0,0.015995,18032.87252,899.002173,cross,3,5.4670737559
0x7717a7a245d9f950e586822b8c9b46863ed7bd7e,CHIP,-2431324.0,0.045173,101879.769572,7952.392658,cross,3,2.6958609311
0x7717a7a245d9f950e586822b8c9b46863ed7bd7e,GRAM,-11234.0,1.412814,15824.2124,47.340649,cross,5,610.6039173724
0x7717a7a245d9f950e586822b8c9b46863ed7bd7e,PONS,274816.0,0.669918,175607.424,-8497.01298,cross,3,
0x7717a7a245d9f950e586822b8c9b46863ed7bd7e,USELESS,401047.0,0.298676,117173.90199,-2609.300173,cross,3,
0x15b325660a1c4a9582a7d834c31119c0cb9e3a42,BTC,250.0,67524.6,21085000.0,4203847.7152749998,cross,20,34599.1332354228
0x15b325660a1c4a9582a7d834c31119c0cb9e3a42,HYPE,200819.67,70.3023,18641085.8677500002,4522994.679699,cross,5,28.4583943388
0xceec48581b3145a575508719f45da07dc57fa7ce,HYPE,-50000.0,82.6188,4646100.0,-515159.524057,cross,5,154.1004900959
0x5f94a51948d2376ad34a6fadfa2544e651b74b96,SUI,-459917.6,0.7612,441635.8754,-91546.559444,cross,10,10.4686117879
0x5f94a51948d2376ad34a6fadfa2544e651b74b96,DOT,-733405.1,1.2361,802088.487615,104476.144362,cross,10,6.9215238644
0x5f94a51948d2376ad34a6fadfa2544e651b74b96,ADA,-7162318.0,0.230299,1699689.6845799999,-50214.48765,cross,10,0.8478753133
0x5f94a51948d2376ad34a6fadfa2544e651b74b96,NEAR,246170.8,1.82836,1061242.3188,611152.806993,cross,10,
0x5f94a51948d2376ad34a6fadfa2544e651b74b96,JTO,813953.0,0.428245,373791.63619,25219.98165,cross,5,
0x5f94a51948d2376ad34a6fadfa2544e651b74b96,STRK,-12696502.5,0.03407,490973.751675,-58277.663171,cross,5,0.3674445854
0x5f94a51948d2376ad34a6fadfa2544e651b74b96,ETHFI,827049.5,0.3663,537540.822525,234591.592171,cross,5,
0x5f94a51948d2376ad34a6fadfa2544e651b74b96,ENA,2021781.0,0.148266,413049.8583,113286.82232,cross,10,
0x5f94a51948d2376ad34a6fadfa2544e651b74b96,GRASS,2631738.0,0.36013,1154253.96942,206468.869703,cross,3,
0x5f94a51948d2376ad34a6fadfa2544e651b74b96,HYPE,-5376.92,92.9229,499537.37568,102.13972,cross,10,906.2065846448
0x5f94a51948d2376ad34a6fadfa2544e651b74b96,TRUMP,-257231.3,2.61925,504121.90174,169631.4044,cross,8,18.9603086217
0x5f94a51948d2376ad34a6fadfa2544e651b74b96,PUMP,238010413.0,0.003781,956563.849847,56563.853067,cross,10,
0x5f94a51948d2376ad34a6fadfa2544e651b74b96,XPL,-6128702.0,0.097207,548782.363186,46973.659545,cross,10,0.7888275025
0x5f94a51948d2376ad34a6fadfa2544e651b74b96,WLFI,-34838474.0,0.072714,1883820.8046019999,649448.568503,cross,5,0.1738913177
0x5f94a51948d2376ad34a6fadfa2544e651b74b96,ZEC,1028.9,485.9303,1545099.1299999999,1045125.3925,cross,10,
0x5f94a51948d2376ad34a6fadfa2544e651b74b96,LIT,714603.0,1.542161,3787681.7412,2685648.7804,cross,5,
0x091159a8106b077c13e89bc09701117e8b5f129a,ETH,0.065,2499.96,173.66505,11.167015,cross,20,
0x091159a8106b077c13e89bc09701117e8b5f129a,SOL,18.17,74.2241,2075.014,726.360982,cross,20,
0x091159a8106b077c13e89bc09701117e8b5f129a,TIA,1340.0,0.37321,617.606,117.493558,cross,5,
0x091159a8106b077c13e89bc09701117e8b5f129a,NEAR,396.1,1.92341,1703.94298,942.077637,cross,10,
0x091159a8106b077c13e89bc09701117e8b5f129a,JUP,1144.0,0.256268,327.04672,33.875072,cross,10,
0x091159a8106b077c13e89bc09701117e8b5f129a,TAO,1.345,236.503,385.8536,67.756554,cross,5,
0x091159a8106b077c13e89bc09701117e8b5f129a,ENA,2663.0,0.155929,541.97376,126.732243,cross,10,
0x091159a8106b077c13e89bc09701117e8b5f129a,SAGA,19905.9,0.01482,993.105351,697.974325,cross,3,
0x091159a8106b077c13e89bc09701117e8b5f129a,HEMI,99525.0,0.006754,596.851425,-75.397395,cross,3,
0x091159a8106b077c13e89bc09701117e8b5f129a,ZEC,2.9,318.7971,4358.41,3433.898133,cross,10,
0x091159a8106b077c13e89bc09701117e8b5f129a,MON,42248.0,0.022665,1007.6148,50.048944,cross,5,
0x091159a8106b077c13e89bc09701117e8b5f129a,MEGA,13790.0,0.040836,605.16036,42.022286,cross,3,
0x091159a8106b077c13e89bc09701117e8b5f129a,STABLE,-218484.0,0.036001,5661.794376,2203.946978,cross,3,6.5437919139
0x091159a8106b077c13e89bc09701117e8b5f129a,CHIP,9625.0,0.037347,404.03825,44.571189,cross,3,
0x091159a8106b077c13e89bc09701117e8b5f129a,PONS,-750.0,0.766531,476.8875,98.01084,cross,3,1899.371900856
0x091159a8106b077c13e89bc09701117e8b5f129a,USELESS,-9601.0,0.306658,2815.20522,129.021115,cross,3,148.616523629
0xaeae3319f670f1f7aa18b42f9d5f3452f4ee69e6,BTC,-120.12,85366.8,10127076.9600000009,127187.294612,cross,40,236976.6055503427
0x0871deb34bfd2052b1c10dc4f6c0912a2a47e927,NEAR,500000.0,4.60774,2147530.0,-156343.88282,cross,10,
0x0871deb34bfd2052b1c10dc4f6c0912a2a47e927,TAO,10000.0,320.725,2867400.0,-339856.315108,cross,5,
0x0871deb34bfd2052b1c10dc4f6c0912a2a47e927,PUMP,350000000.0,0.004075,1403150.0,-23349.715133,cross,10,
0x0871deb34bfd2052b1c10dc4f6c0912a2a47e927,LIT,250000.0,5.270382,1321125.0,3529.463227,isolated,3,3.4996008619
0x94dac1facdc4afd2614c3119447187b4143bc449,AVAX,-1496.08,11.1159,15408.12792,1222.279679,cross,3,981.5602280067
0x94dac1facdc4afd2614c3119447187b4143bc449,LTC,-191.51,64.0123,11661.61843,597.396217,cross,3,7648.4053909755
0x94dac1facdc4afd2614c3119447187b4143bc449,ARB,-632092.9,0.21659,137992.200999,-1081.953079,cross,3,2.5171564164
0x94dac1facdc4afd2614c3119447187b4143bc449,DOGE,-161268.0,0.100664,14858.588448,1375.385304,cross,3,9.1025069229
0x94dac1facdc4afd2614c3119447187b4143bc449,SUI,-12053.4,0.99631,11545.95186,462.99655,cross,3,121.5118099338
0x94dac1facdc4afd2614c3119447187b4143bc449,LINK,-496.7,12.96357,6078.1179,360.891688,cross,3,2937.7141451504
0x94dac1facdc4afd2614c3119447187b4143bc449,BCH,-65.88,289.302,22149.5148,-3090.287534,cross,3,22392.7445779628
0x94dac1facdc4afd2614c3119447187b4143bc449,APT,-1858.0,0.7741,1401.1178,37.16,cross,3,782.823259309
0x94dac1facdc4afd2614c3119447187b4143bc449,AAVE,-31.1,145.395,4290.867,230.9175,cross,3,46860.9442120962
0x94dac1facdc4afd2614c3119447187b4143bc449,WLD,-92003.1,0.44725,37231.814508,3916.822095,cross,3,16.1985445328
0x94dac1facdc4afd2614c3119447187b4143bc449,ZRO,-287031.5,1.1402,425722.250485,-98448.197559,cross,3,6.3155348912
0x94dac1facdc4afd2614c3119447187b4143bc449,TIA,-55541.8,0.49076,25601.99271,1655.774282,cross,3,25.4337669169
0x94dac1facdc4afd2614c3119447187b4143bc449,PENDLE,-58414.0,2.482387,144475.3462,530.853113,cross,3,26.2182105117
0x94dac1facdc4afd2614c3119447187b4143bc449,NEAR,-86729.8,3.99165,373250.36728,-27054.592612,cross,3,21.0577548349
0x94dac1facdc4afd2614c3119447187b4143bc449,JTO,-91712.0,0.482463,41942.64896,2305.065039,cross,3,15.5811437063
0x94dac1facdc4afd2614c3119447187b4143bc449,TAO,-85.339,203.43,24499.97351,-7139.401238,cross,3,16540.3294641691
0x94dac1facdc4afd2614c3119447187b4143bc449,ETHFI,-248695.5,0.58079,161430.736005,-16988.672907,cross,3,6.2263528638
0x94dac1facdc4afd2614c3119447187b4143bc449,ENA,-193241.0,0.196104,39266.5712,-1371.14729,cross,3,7.7227455312
0x94dac1facdc4afd2614c3119447187b4143bc449,HBAR,-91603.0,0.079733,8244.728015,-940.882349,cross,3,15.2318147948
0x94dac1facdc4afd2614c3119447187b4143bc449,POL,-509931.0,0.110781,51151.17861,5339.70544,cross,3,2.820354874
0x94dac1facdc4afd2614c3119447187b4143bc449,HYPE,-35.31,94.6503,3277.61544,64.489197,cross,3,41245.0329491982
0x94dac1facdc4afd2614c3119447187b4143bc449,FARTCOIN,12446.0,0.19176,2275.37772,-111.26724,cross,3,
0x94dac1facdc4afd2614c3119447187b4143bc449,TRUMP,-9105.4,2.20669,17832.01536,2260.81793,cross,3,161.5433164228
0x94dac1facdc4afd2614c3119447187b4143bc449,KAITO,-17360.0,0.355955,5600.5096,578.876215,cross,3,80.2209511655
0x94dac1facdc4afd2614c3119447187b4143bc449,PUMP,-86201891.0,0.00259,345497.179128,-122221.606901,cross,3,0.020864759
0x94dac1facdc4afd2614c3119447187b4143bc449,XPL,-5229057.0,0.095533,468497.361915,31055.147708,cross,3,0.3674815287
0x94dac1facdc4afd2614c3119447187b4143bc449,WLFI,39582.0,0.059924,2133.66771,-238.283037,cross,3,
0x94dac1facdc4afd2614c3119447187b4143bc449,ASTER,-4156.0,0.732788,2865.52044,179.950457,cross,3,334.4323202774
0x94dac1facdc4afd2614c3119447187b4143bc449,ZEC,-7.39,1568.2999,11130.079,459.657999,cross,3,198134.5841672788
0x94dac1facdc4afd2614c3119447187b4143bc449,MON,-8355407.0,0.02277,199259.746136,-9004.752385,cross,3,0.1898525049
0x94dac1facdc4afd2614c3119447187b4143bc449,MET,133391.0,0.349706,45877.16663,-770.58064,cross,3,
0x94dac1facdc4afd2614c3119447187b4143bc449,ICP,-39089.2,2.77386,112572.98708,-4145.01815,cross,3,38.3637472681
0x94dac1facdc4afd2614c3119447187b4143bc449,AXS,-2213.0,1.0738,2284.0373,92.2821,cross,3,627.799023919
0x94dac1facdc4afd2614c3119447187b4143bc449,DASH,-492.82,57.1386,28347.0064,-187.919722,cross,3,2872.0064304061
0x94dac1facdc4afd2614c3119447187b4143bc449,CHIP,-5069215.0,0.039462,212501.4928,-12460.092036,cross,3,0.299903938
0x94dac1facdc4afd2614c3119447187b4143bc449,GRAM,-61464.0,1.440694,86455.2624,2095.5704,cross,3,23.9732276623
0x9a1500b41519868039b1f95c447ba50b76d837e6,BTC,0.31294,79896.6,26382.09376,1379.2387,isolated,10,72960.2193812378
0x9a1500b41519868039b1f95c447ba50b76d837e6,ETH,11.4787,2613.87,30672.23427,668.34246,isolated,10,2404.8047479422
0x9a1500b41519868039b1f95c447ba50b76d837e6,SOL,270.93,110.9631,30915.8223,852.584997,isolated,10,102.5978294138
0x9a1500b41519868039b1f95c447ba50b76d837e6,ENA,44548.0,0.224345,9071.30924,-922.81577,isolated,10,0.1835402136
0x9a1500b41519868039b1f95c447ba50b76d837e6,HYPE,218.99,91.2828,20315.26432,325.22951,isolated,10,86.658738313
0xb2ee477ced8d69afdb5707b31170c782f5f26f5b,TAO,20.132,395.819,5774.66288,-2193.98283,cross,5,
0x2025137a136bea7446deba681cbfc7cf1970840e,PURR,-200507.0,0.130692,26298.49812,-93.70951,cross,3,3.2641607313
0x2025137a136bea7446deba681cbfc7cf1970840e,SPX,104325.8,0.61769,45691.570626,-18749.701055,cross,5,
0x2025137a136bea7446deba681cbfc7cf1970840e,RESOLV,709720.0,0.134584,12575.52868,-82941.979304,cross,3,
0x2025137a136bea7446deba681cbfc7cf1970840e,WLFI,155881.0,0.144892,8458.10306,-14127.864967,cross,5,
0x2025137a136bea7446deba681cbfc7cf1970840e,PONS,-18491.0,0.59226,11774.69898,-823.21932,cross,3,34.609446575
0xa1830e8d9f019feb448478a171bb37cc6c4c0482,ETH,304.3362,1868.5,814129.76862,245474.877665,isolated,12,1781.3655978997
0xa1830e8d9f019feb448478a171bb37cc6c4c0482,ZEC,2534.0,530.2536,3827100.2000000002,2483437.4792860001,isolated,5,428.6908603057
0x051c2e6d49cf82ebc47f08f9b85800f94fc9693c,ETH,3189.8949,1997.53,8533287.8469900005,2161349.4532599999,cross,8,
0x051c2e6d49cf82ebc47f08f9b85800f94fc9693c,SOL,13039.07,76.7003,1490569.1104919999,490468.420292,cross,5,
0x051c2e6d49cf82ebc47f08f9b85800f94fc9693c,AAVE,40102.43,81.9526,5545765.0447000004,2259263.4846800002,cross,10,
0x051c2e6d49cf82ebc47f08f9b85800f94fc9693c,NEAR,770158.7,1.79947,3324081.9650699999,1938203.584,cross,10,
0x051c2e6d49cf82ebc47f08f9b85800f94fc9693c,XPL,24260054.0,0.084469,2194200.58403,144959.736753,cross,5,
0xead5b7d86c681c036c59cd00a0390541061c69f2,HYPE,-0.01,52.1251,0.93311,-0.411859,cross,8,19396807.1220952384
0xead5b7d86c681c036c59cd00a0390541061c69f2,VVV,-0.01,16.4808,0.29743,-0.132622,cross,3,17457072.1729714274
0xead5b7d86c681c036c59cd00a0390541061c69f2,ZEC,-0.01,433.2647,15.137,-10.804353,cross,5,19398227.5111428574
0xfb941d2344b72ea9101400392b818173772d0ddf,ETH,3300.0,2427.12,8835090.0,825580.1495000001,cross,20,186.3740037996
0xfb941d2344b72ea9101400392b818173772d0ddf,GRASS,1414087.2,0.44316,632959.571592,6292.510968,cross,3,
0xfb941d2344b72ea9101400392b818173772d0ddf,XPL,371533.0,0.090442,33612.218977,10.031391,cross,10,
0x0ad9e656d9e6211d0ea1c5462342e1fc94cc4cbf,ETH,0.0901,2444.73,241.2878,21.01687,cross,3,
0x0ad9e656d9e6211d0ea1c5462342e1fc94cc4cbf,ZEC,0.75,1022.5796,1138.95,372.015236,cross,2,
0x0ad9e656d9e6211d0ea1c5462342e1fc94cc4cbf,PONS,1765668.0,0.567627,1125383.8131599999,123141.98339,cross,2,
0xbadbb1de95b5f333623ebece7026932fa5039ee6,ETH,1428.16,1936.0,3824755.2960000001,1059833.650169,cross,20,1020.3786253955
0xbadbb1de95b5f333623ebece7026932fa5039ee6,HYPE,19898.81,31.2574,1857275.3301599999,1235290.1629310001,cross,5,
0x0748e296e5a350ec36c8487a1cea406e1b57d4b2,INJ,-50000.0,7.20353,393345.0,-33168.438853,cross,5,36.2768218118
0x0748e296e5a350ec36c8487a1cea406e1b57d4b2,SUI,-862500.0,1.02908,834736.125,52853.999978,cross,10,2.6931882743
0x0748e296e5a350ec36c8487a1cea406e1b57d4b2,AAVE,15087.49,73.3731,2094471.0105330001,987453.590461,cross,10,29.8052269487
0x0748e296e5a350ec36c8487a1cea406e1b57d4b2,UNI,50620.2,8.88204,464890.85478,15279.906927,cross,10,
0x0748e296e5a350ec36c8487a1cea406e1b57d4b2,ADA,-5000000.0,0.203571,1192625.0,-174767.756947,cross,10,0.5361527523
0x0748e296e5a350ec36c8487a1cea406e1b57d4b2,JUP,5000000.0,0.259113,1443450.0,147882.969026,cross,10,
0x0748e296e5a350ec36c8487a1cea406e1b57d4b2,ENA,2000000.0,0.222369,411860.0,-32878.89409,cross,5,
0x0748e296e5a350ec36c8487a1cea406e1b57d4b2,XLM,-3000500.0,0.195578,608351.375,-21517.934944,cross,5,0.6761697936
0x0748e296e5a350ec36c8487a1cea406e1b57d4b2,ZEC,500.0,597.8066,759882.7,460979.385319,cross,7,
0x0748e296e5a350ec36c8487a1cea406e1b57d4b2,MON,-15000000.0,0.025442,362130.0,19500.0,cross,5,0.1188417394
0x0748e296e5a350ec36c8487a1cea406e1b57d4b2,AERO,400000.0,0.707632,267816.4,-15236.63766,cross,3,
0x0748e296e5a350ec36c8487a1cea406e1b57d4b2,LIT,100000.0,4.574959,530230.0,72734.084509,cross,5,
0x69906b0ed626ca01a4b7c001e5711e5714ccf207,BTC,24.9,85473.7,2103527.1000000001,-24769.37318,cross,40,18931.6539505668
0x69906b0ed626ca01a4b7c001e5711e5714ccf207,SOL,4000.0,116.1269,458520.0,-5987.7034,cross,20,
0x69906b0ed626ca01a4b7c001e5711e5714ccf207,ETHFI,-552500.6,0.64927,362340.943492,-3613.426474,cross,5,3.3077748414
0x69906b0ed626ca01a4b7c001e5711e5714ccf207,HYPE,-19000.0,91.7688,1772757.0,-29148.843673,cross,10,174.0913360989
0x795cfd1b03eafc11c4ec958b8a94cfc9aa64a242,HYPE,36959.67,65.6332,3444752.1230100002,1018968.874154,cross,10,
0x795cfd1b03eafc11c4ec958b8a94cfc9aa64a242,PENGU,197341083.0,0.010211,1949729.90004,-65347.087959,cross,5,
0x795cfd1b03eafc11c4ec958b8a94cfc9aa64a242,VVV,29142.44,25.4917,869173.273,126282.24738,cross,3,
0xfce053a5e461683454bf37ad66d20344c0e3f4c0,ETH,-620.0,3132.85,1660608.0,281762.744973,cross,20,3244.0159482132
0x757df2c060ec6c7ba898fa6570aa98c1f46294ba,HYPE,7500.0,94.2729,700515.0,-6531.84948,cross,10,
0x757df2c060ec6c7ba898fa6570aa98c1f46294ba,PUMP,535000000.0,0.00439,2153375.0,-195317.167259,cross,10,
0x757df2c060ec6c7ba898fa6570aa98c1f46294ba,ZEC,500.0,1495.0,757837.25,10337.25,cross,10,
0x8bae3527e5a33fa0cf184f37bc112d071463ab6d,BTC,-10.74691,83783.0,907415.34585,-7006.04336,cross,40,446833.6294095721
0x8bae3527e5a33fa0cf184f37bc112d071463ab6d,DOGE,9756943.0,0.092131,903678.3037169999,4751.836909,cross,10,
0x523852be2db1a76a0e088ecbff32e849544054e5,HYPE,-12000.0,93.288,1120860.0,-1403.21316,cross,10,162.3170847778
0x523852be2db1a76a0e088ecbff32e849544054e5,PUMP,-48249384.0,0.004242,194010.773064,10679.770435,isolated,6,0.0047217386
0x523852be2db1a76a0e088ecbff32e849544054e5,ZEC,-200.0,1591.4213,300920.0,17364.278487,cross,5,5639.3250866667
0x2fe21fc5130e953b862d4a6048cfd016ecf3974d,BTC,0.21235,84398.0,17925.7376,3.8223,cross,5,
0xd21d931890d27b6e7e2e668f27931e17698e90f1,SOL,82000.67,110.3424,9390716.7283999994,342563.788047,isolated,5,90.6860511611
0xd21d931890d27b6e7e2e668f27931e17698e90f1,PURR,6051155.0,0.14444,799478.5986,-74553.94343,isolated,3,0.1149634536
0xd21d931890d27b6e7e2e668f27931e17698e90f1,HYPE,45000.2,68.7371,4202996.1798999999,1109810.5382910001,isolated,5,58.7570036596
0xd21d931890d27b6e7e2e668f27931e17698e90f1,VVV,50000.6,24.7538,1486497.83776,248791.695547,isolated,3,19.1251278789
0xd21d931890d27b6e7e2e668f27931e17698e90f1,PUMP,500141593.0,0.004053,2009568.9206739999,-17975.660939,isolated,5,0.0032585896
0xd21d931890d27b6e7e2e668f27931e17698e90f1,ZEC,2700.0,1218.0334,4057020.0,768329.63289,isolated,4,967.8829526097
0xd21d931890d27b6e7e2e668f27931e17698e90f1,LIT,220000.0,4.548569,1171758.9399999999,171073.608804,isolated,5,3.9052456322
0x183d0567c33e7591c22540e45d2f74730b42a0ca,BTC,18.76501,84389.4,1584254.7342600001,685.03326,cross,40,19580.8332309624
0x183d0567c33e7591c22540e45d2f74730b42a0ca,VVV,53169.6,32.4134,1580998.0560000001,-142412.40172,cross,3,2.6155193117
0x5e13d5cedbddd7237f659947ce64bec1294e2607,BTC,4.66375,76874.0,393720.30425,35198.936122,isolated,2,39233.5199627073
0x5e13d5cedbddd7237f659947ce64bec1294e2607,SUI,148343.4,0.73952,143066.825262,33363.593577,isolated,1,0.0061337875
0x5e13d5cedbddd7237f659947ce64bec1294e2607,GRASS,768.7,0.33299,342.332858,86.355759,isolated,1,0.0089626465
0xf29c6bc1147a841519b382459a6d7a373c6b9971,NIL,2000000.0,0.093165,197546.0,11215.432387,cross,3,
0xf29c6bc1147a841519b382459a6d7a373c6b9971,PUMP,400000000.0,0.004487,1610800.0,-184309.433083,cross,10,
0xf29c6bc1147a841519b382459a6d7a373c6b9971,CASHCAT,2500000.0,0.199725,393970.0,-105342.992066,cross,3,
0x8923cdff38a43d1fd59d323c35b900047e431bac,BTC,5.20948,68437.9,439919.74808,83393.751415,cross,40,
0x8923cdff38a43d1fd59d323c35b900047e431bac,SOL,-5284.21,116.2182,606046.0449,8075.4746,cross,20,251.0551109602
0x8923cdff38a43d1fd59d323c35b900047e431bac,UNI,11217.4,10.86678,102153.49658,-19743.61152,cross,10,
0x8923cdff38a43d1fd59d323c35b900047e431bac,NEAR,72333.2,2.81647,315206.38564,111481.970307,cross,10,
0x8923cdff38a43d1fd59d323c35b900047e431bac,VVV,4019.43,24.6113,119445.40131,20521.815064,cross,3,
0x8923cdff38a43d1fd59d323c35b900047e431bac,NIL,1102920.0,0.091659,109661.12976,8568.073496,cross,3,
0x8923cdff38a43d1fd59d323c35b900047e431bac,ZEC,304.52,703.3811,459947.008,245753.367924,cross,5,
0xc179e03922afe8fa9533d3f896338b9fb87ce0c8,ETH,1622.3519,2213.5,4344333.9178200001,753248.644254,cross,4,
0xc179e03922afe8fa9533d3f896338b9fb87ce0c8,SOL,-4675.49,116.6249,536231.9481,9046.782391,cross,5,2909.8008391752
0xc179e03922afe8fa9533d3f896338b9fb87ce0c8,XRP,-1229962.0,1.526861,1844328.0190000001,33653.021237,cross,4,12.1246353924
0xc179e03922afe8fa9533d3f896338b9fb87ce0c8,WIF,-7043100.0,0.247432,1636252.9920000001,106439.194863,cross,4,1.9613140247
0xc179e03922afe8fa9533d3f896338b9fb87ce0c8,AR,-51825.6,4.7258,225171.86688,19750.568201,cross,5,239.3151199839
0xc179e03922afe8fa9533d3f896338b9fb87ce0c8,HYPE,43754.73,82.3819,4097936.74761,493337.00302,cross,4,
0xc179e03922afe8fa9533d3f896338b9fb87ce0c8,FARTCOIN,-5077359.7999999998,0.19329,932660.2216620001,48789.651876,cross,3,2.6962867459
0xc179e03922afe8fa9533d3f896338b9fb87ce0c8,VVV,13322.14,25.9554,395774.13512,49992.118196,cross,3,
0xc179e03922afe8fa9533d3f896338b9fb87ce0c8,LIT,575492.0,4.808263,3085327.7104000002,318210.247654,cross,4,
0xc179e03922afe8fa9533d3f896338b9fb87ce0c8,XMR,16086.985,560.741,8935853.6449350007,-84778.436769,cross,4,
0xb798aef79972ce8f73d47b9ebbcda6bbb7ec4fbf,BTC,-346.82652,85920.1,29276320.2062399983,523076.63341,isolated,3,113165.7070605091
0xcb58b8f5ec6d47985f0728465c25a08ef9ad2c7b,ZRO,350000.0,1.46088,527975.0,16666.89709,cross,5,
0xcb58b8f5ec6d47985f0728465c25a08ef9ad2c7b,TAO,1200.0,310.642,345972.0,-26798.76643,cross,5,
0xcb58b8f5ec6d47985f0728465c25a08ef9ad2c7b,AR,190000.0,2.475,827279.0,357014.01113,cross,5,
0x4fe53e953f1ff4454d144cb6f4fee3f2ca9363fe,HYPE,23389.48,61.1445,2192436.2972800001,762298.057102,cross,10,
0x9e2cbb5d800181c1ef21b25010dc4ea80eeb5508,PONS,-1650000.0,0.68122,1052551.5,71461.63135,cross,3,1.0635638028
0x66466428990e0f42a4c54f64bee0db6bf2336de5,BTC,4.59763,75214.6,388090.54593,42281.417546,cross,29,
0x66466428990e0f42a4c54f64bee0db6bf2336de5,ETH,10000.0,1765.8,26788000.0,9129942.5457189996,cross,25,1676.1219192038
0x66466428990e0f42a4c54f64bee0db6bf2336de5,ZEC,-1600.0,660.6406,2427360.0,-1370335.0260000001,cross,10,7366.0554713113
0xd2b2a8ab7a8c903501f4db4ee45c67522a4511ed,BTC,-6.0,79807.0,506352.0,-27510.0,cross,7,917339.0744205763
0xd2b2a8ab7a8c903501f4db4ee45c67522a4511ed,HYPE,5000.0,97.641,468640.5,-19564.5,cross,10,
0xd2b2a8ab7a8c903501f4db4ee45c67522a4511ed,XMR,-456.898,558.266,253861.66676,1208.99101,cross,5,10623.8179886997
0xd487e26c62ed8c28ce3cc70b5791e501c2934982,ZRO,320004.0,1.20389,482822.0352,97571.097786,cross,5,
0x47a127f496d001f187ac65fc24852274dc51d080,BTC,43.07204,81118.8,3633169.64604,139215.17807,cross,5,48176.7091027327
