group,rank,address,account_value,bps,allTime_pnl,allTime_vlm,month_pnl,month_vlm
SMART,1,0x7f5653978d3f1b9716140bb7304c7e4650ae50f6,108450.477247,49.991567105779716,84364.587247,16875763.68,34241.557849,4606098.23
SMART,2,0xdf57c6827cac4ebe4ad60434388da1fd0c4c93f5,1226181.348188,49.86697442912139,141364.799193,28348381.03,176676.912177,1240311.14
SMART,3,0x188f6da1525b63e434d0c6c11c5c9e7bd953f3a8,501152.725463,49.7974212614569,105283.445463,21142348.900000002,35876.854778,1103396.9
SMART,4,0x967c1b8d3777d16e3dd576a708ad69722b892acf,170006.984983,49.715247740493155,120091.734983,24155916.03,58488.839263,1042961.89
SMART,5,0x017ddfd4c44ee369ebced68db13358c015e9a42d,218902.297065,49.535939107379384,143794.197065,29028256.99,1310.896278,1117459.84
SMART,6,0x86d2161a18a6eb5be550d5253496e5a161cdf731,341990.94231,49.52705264098746,665105.04231,134291262.42,174687.704885,16455612.83
SMART,7,0x144f36e97bde16223962035f219f9047d0f3558c,29463.841461,49.519898609729175,170928.831461,34517201.42,141456.899285,30802710.92
SMART,8,0x5461e3a694004602961722522e70f62beb05ae65,382953.021603,49.44350445812465,376396.481603,76126578.35,57922.332449,9468716.61
SMART,9,0x97580b4ecc2fbddf4d2f2bb855265758fcd1967d,690151.519244,49.37992518774188,200109.509244,40524465.86,60910.833215,26448673.17
SMART,10,0x523979b277a398574a81da1d3511cb84823ce040,75109.458145,49.36024690222822,68536.458145,13884950.43,13392.847027,3793268.08
SMART,11,0x89a9efa0a0cc59b4b9a9d0d8c4b5ca846ce11ae9,112666.701784,49.35377852963679,280670.681784,56869137.51,25045.474939,6873311.39
SMART,12,0xff8876f6524ffdbbc985e0cde7005d191050fc6e,122001.339668,49.3124178814676,97105.749668,19691946.54,26809.547367,3156330.23
SMART,13,0x18657be4793cee1962d561e554abd5ef7906f0cc,42136.672395,49.3057260516262,103641.972395,21020271.01,6753.116294,2456999.56
SMART,14,0xa5eb910ec9176dc15c8419616e19e2ff0100dbdd,178726.725177,49.27854303498909,153919.575177,31234603.48,50987.935897,3859899.26
SMART,15,0xc46ab9b1644b5ac97c0266bfdf49949f579a3109,140525.920549,49.26963623564235,173754.420549,35266024.64,89161.682379,24156994.05
SMART,16,0x26ad8234b6f0171c7bddd2df353b71dac73158c2,142592.467714,49.26802647212827,84462.497714,17143470.88,65263.326875,2302500.61
SMART,17,0xb3e475368ed0fa0ad23c04de0423d48a0758806f,5745476.201322,49.25756927913815,12846803.201322,2608087120.2799997,-476367.152398,14254305.16
SMART,18,0x4bf6a5ead2dd225ae1191e6c1ce3bba3a3e51af4,21143.001669,49.1519993921633,227949.941669,46376534.93,-7802.653346,1343912.25
SMART,19,0x538d89d131b56c7736be4e2eeedc3c51463980de,1107952.291904,49.146446209342734,569584.611904,115895381.22,569584.611904,115895381.22
SMART,20,0xaeaab54bbf65bfd6efed7d2eb68372298e3c2416,21661368.058676,48.95864226873753,8637711.438676,1764287373.67,5974795.762543,484391678.01
SMART,21,0xfb8c34145bdea190693325d0ab01e81120909b3f,656914.3492599999,48.88346219208325,8531080.88926,1745187535.15,-250989.87392,3315929.18
SMART,22,0x7160478f633cc9d12f4f947954857abebaf4ea3a,153265.463646,48.8338069065117,63980.653646,13101713.28,41405.088017,1361438.7
SMART,23,0xe1b2155b8fbc16c1146d5d16247896f06f68686e,1043281.57037,48.79471363658937,514211.64037,105382653.58,43281.970356,12301699.37
SMART,24,0x8b2fd6b5c661d2e1fbb6d9df162f2b5f3b1d3d11,150066.432865,48.77411582882528,989575.912865,202889564.69,112745.757251,2905794.06
SMART,25,0xe4a5a7f7931ca63d6505a535edec6185660bc731,180344.254211,48.648973573332974,221184.234211,45465344.48,47600.76385,13672832.16
SMART,26,0xcf225f1b26a09f5ef86922d4c0f248df8f0bdb33,39925.994596,48.60657592575871,215858.454596,44409310.98,-1366.959962,2868660.04
SMART,27,0x7f37352bf6d74da8228b466c42466c290bb17c54,137247.32451,48.59652180821795,123756.51451,25466125.95,54310.967782,2882022.23
SMART,28,0x3e9b19ba0f26ed8ddedb3a5fb310aab0dd790dab,457908.287237,48.50694631031907,132037.687237,27220366.83,81173.559651,4534300.82
SMART,29,0xb919448d2f1797e5d9e7b9e88cd909a5089e6d4e,1013370.360311,48.494055015213995,1336093.000311,275516864.88,98822.260297,3471265.03
SMART,30,0x48c6aaa647ad5197e85797f8eb95d7b9ce1ec5b6,1272534.880286,48.44947656887796,228066.640286,47073086.53,90268.276625,1329992.96
SMART,31,0x6ba1f2f6075ee01c99aa14960c60db6e28b60264,322040.012794,48.16778692803057,107228.632794,22261482.13,92569.704005,16011324.98
SMART,32,0xdbbdee771e62ab57894e8b8bdefbe094d3135ddd,1831913.2639829998,48.06715859317622,960568.5439829999,199838844.67000002,116382.442708,14168893.38
SMART,33,0x1f793d9f0368c1da329cb112212d81d521e7a9b8,2269454.161665,48.0484820560553,4275298.621665002,889788488.3599998,-61244.142948,11074151.97
SMART,34,0x93696148243b34770bc8ae07030ad9fb7e750138,183831.754076,48.0256273000472,915949.654076,190721018.25,59343.359866,3884993.18
SMART,35,0x9ce4e7e717625aa40113d75601bc66591d021eaa,37141.38051,47.89266067603355,49572.32051,10350713.409999998,7799.907362,2369928.61
SMART,36,0x8230cf5bc3de7f18889fabdb8e649b3c45ff3650,733300.868474,47.80726150103559,532273.163153,111337304.51,-19626.117067,36453461.21
SMART,37,0x1f67d79afc8d0e7609ddba6c9b657cc635f69981,550960.20516,47.79856808001599,2041443.78516,427093083.99,-15209.142498,12325115.52
SMART,38,0xfe47c8f29f65830d7990e85852cc2c5cee1c0085,459229.569892,47.779901089093705,425074.779892,88965186.24,72424.105908,7858253.09
SMART,39,0x16d69a835c012584783921b2e4c622f157ce97bf,384486.725243,47.737695518667536,270929.883381,56753867.24,19476.138254,9035072.27
SMART,40,0x638e96b7a155eb2b0859824f6b4acfedb25bf9bf,295802.360116,47.63882861928942,115561.660116,24257871.88,-62014.060391,1327076.81
SMART,41,0xe44fb21db8a42ac985d5eeb06803c89f833b756f,449364.709459,47.580053213367,60197.539459,12651843.66,40229.454647,7102796.26
SMART,42,0x009fdc047e8771b8be1371fc277468a9547220f8,118118.609045,47.57083960083818,61423.609045,12912029.63,21299.780542,3517160.34
SMART,43,0xe06142615991dee64ca813085779fadcc70431eb,242934.779098,47.556724843892006,92522.909098,19455273.55,-319659.946161,4344100.47
SMART,44,0xf48f5097bf6d416e18762faf88d85cc4b20610fe,3153573.260158,47.10436627780441,283068.038648,60093800.43,142982.071727,6459788.12
SMART,45,0x1aa5abfd850012297428b509fb84fcd9f9f995cb,737668.055365,47.068218627758625,660679.575365,140366386.2,3134.118113,10288266.0
SMART,46,0x2826611d1fda9e3c947d6a644c94cadee27a74aa,123651.951196,47.005124278445145,97072.021196,20651369.97,41268.338274,5101283.64
SMART,47,0x9031a11765816d5f57fdfd7f0ce4b8f375a0bacc,301103.019801,46.994746453911446,214233.129801,45586612.54,-396285.400766,12809653.04
SMART,48,0x64a2f935ccd0e8f7700155a30b5fed7f6f04529c,103304.591942,46.95794836426722,504668.001942,107472327.8,21944.728402,16926861.9
SMART,49,0xdb42ab87ac1f9f0d6d83dd82ff49137ab70f631d,129890.496474,46.893011823979506,126749.742275,27029558.85,57879.133103,9200355.73
SMART,50,0x810b41bd2294ea9b87efd8fd03040ff74a1e5130,775152.977123,46.8692745039438,760777.5871230001,162319044.87,285856.952566,29697595.7
SMART,51,0x47807d3f6ae34ff6aa1fc8fe4e7b742197c1e125,210974.913089,46.83478430955686,274724.473089,58658212.51,14382.352608,5086652.55
SMART,52,0x4b563051258ade30122940b80f575363baa4445b,714951.796058,46.76472457134198,430317.616058,92017566.66,6725.14,1913890.68
SMART,53,0x59275149ee03ac34f8a94ea9063359bad5527a78,1217665.601484,46.75531475967676,216806.931484,46370542.6,456922.037205,3797495.44
SMART,54,0x9d3d2c3e81e49edd114903db8f87c68e9666359a,410271.906721,46.70624664549346,413237.566721,88475867.02,26922.641985,7469534.77
SMART,55,0x55511e688074c90250e3bc470593e31b529d752a,179960.582819,46.57208657405635,86445.465619,18561647.54,80928.35455,2574178.63
SMART,56,0x9c90a27a090b43a0460a5e9024bb4fab1c3ba2ee,72152.543225,46.553779051370846,102918.203225,22107378.89,14509.426265,3605799.26
SMART,57,0x0fe100b259a7a5b23555b2a934410608b116ebee,54469.706074,46.45254439978146,53152.296074,11442278.73,53152.296074,11442278.73
SMART,58,0x0c156975b3e10cccbb041d35dc14b0a10649f55a,512653.616927,46.43248148885927,390239.376927,84044480.16,67656.527643,8585865.33
SMART,59,0xf19adedb642cc10adace471be30c98457015ec03,71152.421705,46.41927691452057,69870.061705,15051949.61,6603.640397,1645064.5
SMART,60,0xfcf1dd2d209aeb1323dd9a0f2ea65187c84d6c8a,3661339.38776,46.417947086182835,157538.84776,33939210.51,-100384.925979,22793632.499999996
SMART,61,0xa6fc599a28c4b23b7f74bd391c56dfda70d48693,211565.228887,46.377687517763725,190996.308887,41182801.28,39227.562348,1812629.72
SMART,62,0xb55a609c0c03bc79017f5989121071b0a4e75d70,103259.014834,46.04856332225307,61883.504792,13438748.21,48745.502695,11836882.46
SMART,63,0x252ee867e398cc20ee12a39fd1983bda75c6be00,111812.215576,45.97736523984104,103743.995576,22564145.43,40132.600707,8008013.19
SMART,64,0xa46d49e6f816ed1f8079e662e9b17320cd8c8bcf,146981.541387,45.90252024109375,289733.921387,63119392.98,19088.065472,4387106.25
SMART,65,0x96b43f6989bfc7f468072a35567e5d4f7b551e74,49595.963956,45.78431520099298,57344.593956,12524943.03,56563.033955,11735316.42
SMART,66,0x8b67b0a78e557201fa0f9db2bc9dba5d55aaf692,224677.488234,45.765120505797164,581781.088234,127123250.59,4024.563699,1729798.54
SMART,67,0x59629e23c52a0d7c092436870ef2db1dc382ddf8,3948180.762408,45.754283414961165,4471585.912408,977304326.21,1808720.722543,67420636.52
SMART,68,0x553f458951c0cf43875a378568c8c7ab93ae091e,63410.334226,45.6922061704421,109073.804481,23871424.39,47227.713611,13348885.12
SMART,69,0x8438e4095783ebef8c951788ad42c3bcd084fb41,1205471.022473,45.650721529218615,882810.882473,193383774.21,189516.099224,1122774.49
SMART,70,0xab7500c64ed624e6423ff8143481b0b411cf790d,27184.525991,45.61641137969711,57818.845991,12675009.77,9477.0,1046242.81
SMART,71,0xf7791248951da4f9221fe4efa0a3a9825b48861d,28722.103887,45.564909602011554,65711.623887,14421541.59,6291.404481,2362260.92
SMART,72,0xb4daad808516667d25a68643976fbf8b084e3fdb,224790.785949,45.555377264409934,790015.775949,173418775.87,94923.896296,53928623.11
SMART,73,0x1be8d5e165c27262d8d9a914e112519e9115638a,663725.770756,45.5403773129519,308832.000756,67814985.07000001,52228.259015,4214276.630000001
SMART,74,0xd005cd3497b15a6b5b9465b812409ef9447815c2,121308.111636,45.45877052999618,267781.851636,58906531.9,226560.258343,57997126.18
SMART,75,0x71cfa5e263e866f7961091e01ebc5a2d11616c20,1852024.652711,45.320690214268566,873391.472711,192713630.04,27678.213843,17829984.4
SMART,76,0x05936f6a5ea9abfbfcc690f1a6140d97e80640f9,439213.886133,45.302945820368656,860636.31024,189973586.63,-136384.8218,44825822.63
SMART,77,0xd43d5699b62540a09d065dac6108c399cf7a339f,114797.080317,45.12871467038604,97518.650317,21609002.39,14588.350487,2765400.41
SMART,78,0x56e448a58fe5f2b112e6ba2456ffaec03f72dc82,658202.373071,45.11736510371933,687626.423071,152408373.47,120569.303447,6787803.75
SMART,79,0xc30b98af41c61b9aaafb304b49f04c0f9bdc2185,172717.58622,45.03590715895321,105227.95622,23365346.2,132889.357812,14700320.65
SMART,80,0xea08ad2ab972fb210545bdd2f16bcedc8d89265c,2993285.510817,44.9603856300146,699220.910817,155519331.3,322671.494146,6785845.99
SMART,81,0xd6901106d16d8d8eece75b003d9f2f139d734cb7,61478.019902,44.938842557875205,62852.849902,13986308.13,11518.128848,2634625.39
SMART,82,0x8463d6ffcbfb56bf20ab2e1111f9a0e8359533f2,553511.422058,44.690895358020924,6268487.512058,1402631892.21,463802.079031,33884326.5
SMART,83,0x629727e39b3cf13b7782739b404a71aaa4bc5be6,141214.411834,44.530770441428366,120305.411834,27016243.07,42974.997116,10954115.11
SMART,84,0x7894bb4cd20e08c2ec1895968dd0b3d97edca5f7,2796758.697093,44.46074992981245,2624963.867093,590400267.93,474370.914145,3106595.73
SMART,85,0xe34aea3b915f19783137ad2f4579511e9eb53b38,169322.371958,44.425413646482454,64322.971958,14478868.44,64322.971958,14478868.44
SMART,86,0xaf6f7a06f7bfb3bdf7bcd2c751564f4990d1efc7,396891.573888,44.38687736742281,270156.143888,60863966.99,38536.857806,1710725.56
SMART,87,0x3beb0613a3a920402fee4a1f5e5ba4126f91764f,312267.596292,44.352949898659475,108821.716292,24535395.4,12347.512816,1662536.97
SMART,88,0x2396bc99feedc162af809314257571bb7ff07a36,380487.1690399999,44.301156957590486,296366.66904,66898178.15,24358.698301,1677488.56
SMART,89,0x19c3dc3d0b90fbbd37fd369134c530f193c5007f,137357.68378,44.297612569314865,220887.00378,49864313.44,19899.04529,6736748.27
SMART,90,0x6f1e9f00c32d11a366405a1811389a088f7bc46b,24969.981024,44.29636915350514,210346.571024,47486187.93,-2553.335709,2489523.32
SMART,91,0xf1245033de5669c24b7915256afb598ac3245bf1,893489.542019,44.27709540240229,400722.552019,90503351.31,-34506.971905,4681535.1
SMART,92,0x352deb23bebae8b4c57d0ae341d9c1951fd8425a,1210097.284716,44.27661618148393,1182582.484716,267089625.79,268504.92149,26876456.83
SMART,93,0x05afd3fd8ab46d83bec68e248fc3bb5981f24f5d,299520.340639,44.213213413969115,671108.260639,151789071.37,216910.056351,24457389.44
SMART,94,0x3c165893deaaf04ac79f4f959594747b6ef77e92,298388.056449,44.206702704077415,542666.646449,122756643.96,-114628.220021,4610713.75
SMART,95,0xb3b60a1fd4d8241bfd7b285c3560d75135350582,558109.009562,44.13283426599744,479693.523015,108693115.0,128333.473969,8041388.95
SMART,96,0xdc5289909be4f3ce2604806bdd1448fd307f19f5,296408.102078,43.9782286608161,336003.142078,76402154.5,144080.678916,33559062.55
SMART,97,0x8c364082b2d8151ef4e06f6b6cef395030c9bc00,420597.454668,43.97677900920169,147427.364668,33523911.480000004,60651.325322,7211966.79
SMART,98,0xb362c372e0c58bccc5fb47d8f59a1cc00895e63d,251044.928574,43.84671974008947,157292.618574,35873292.12,47304.414704,6965325.94
SMART,99,0xe8a6d3a362212605b1076f3c1653a3f6c6c41cbc,362806.906927,43.59308833965837,103789.936927,23808805.68,59065.693131,2369494.39
SMART,100,0x0937aa6d83c851d506433ab342387a337c8b512a,84440.589476,43.49741338326343,147803.459476,33979827.3,7918.43747,8314147.72
SMART,101,0x3b1e3d1ed70d2a17c8eaf7da1a6be9f805a130e2,227771.10562,43.317099833668145,66719.51562,15402581.4,42670.118599,1448201.36
SMART,102,0x9e6b92cd44167d06b102e683df3f02e23d932e4f,222603.245838,43.24030448302154,72100.30522,16674328.75,21127.341935,3304745.21
SMART,103,0xb847748c6119d1d91a6613d549d041242cbd1c24,765032.085936,43.17459376561076,460825.375936,106735312.54,78625.832573,3208817.39
SMART,104,0x4b9b60ccb8c40581890f2224dafd7f826967f47a,116306.053274,43.169832157632726,109669.413274,25404178.75,62464.175881,6259352.54
SMART,105,0x250b6caa76cf8c72b8ecd546d78dc096fa8eb824,1867594.3733279998,43.159139325597934,2250891.883328,521533079.32,201735.803428,11305893.16
SMART,106,0xf770f371cc66499a89ae56aa84f9506e083f99ea,699660.738302,43.14999878071478,1286830.818302,298222677.79,316742.559619,43127185.23
SMART,107,0x0354525be351ba3c1cef0a0d596da0ad4dc4741a,213372.452658,43.12069962877397,133851.762658,31041185.28,133146.391591,18106183.13
SMART,108,0x8877ad0e9e276a5aceb8c3a2bdaf097fcdf3e8d1,473512.007484,43.10782015508609,237279.097484,55043167.72,19024.415794,13641857.17
SMART,109,0xb1039883265d21395850d6d9bc4d7d141cc41343,49541.867628,43.07325365893179,333653.967628,77461983.78,56683.642928,3943953.33
SMART,110,0x07aa5fbcf73fe9ce5ee42508be7185eeca77e134,313708.073422,43.00833245536311,155147.533422,36073831.41,146091.551064,35466227.51
SMART,111,0x8787e15b3bd497ca6008a0bad0a5c9706cb4eeed,107445.777552,42.94534450686946,101794.377552,23703239.25,14922.695476,1946794.07
SMART,112,0x4bc9a771cd2c96cb2a4501f2c049402b4e7e11b3,537024.448406,42.91101711180729,86870.548406,20244346.15,42530.194083,1212265.4
SMART,113,0xb00b18b3bf6ecc43e6235ee69424d4a220437a4d,222663.064915,42.9037362417764,423328.234915,98669316.94,114834.667259,5588383.47
SMART,114,0x9a991732cd4cf14712b07fbeb8c5d87de90dd21a,3168586.096832,42.890749737961926,1511257.846832,352350531.54,1130654.568125,76983023.62
SMART,115,0x36e285138b9b81eb72d2cdd65ca320111fd42da1,2969708.657747,42.81949614231556,159207.967747,37181186.63,160598.26775,3686953.9499999997
SMART,116,0xe5238d2d3b530e94071d9829bdb628c9d9f6b7da,150518.716267,42.7865857142055,143369.136267,33507963.74,43420.940844,9176933.45
SMART,117,0x64702807a1f0f9888ea22b858099d7f481227b55,3471153.574033,42.78299449679156,2383372.149148,557083994.98,1545285.427577,83469946.57
SMART,118,0xfc55a72ec00ea3595ba5119882c7e7adb52985ca,76323.649056,42.765919349446946,192562.379056,45027064.07,17620.914376,2715386.14
SMART,119,0x7e06469fa39985fe7faef57545e6a54d0909313f,778974.762808,42.58318738794509,375549.042808,88191858.3,275788.892903,20668550.23
SMART,120,0xb3162a3c788399d9ec236c67a5af083dd78c8022,202152.341199,42.547502754645215,107524.591199,25271657.38,8041.460472,1302686.32
SMART,121,0xd54921ccf100cc6a78acbbd4e55fd57c9b50ea7a,81809.320116,42.518995329258665,356589.840116,83866007.97,-45204.899776,2119403.91
SMART,122,0x21e135151892fb34a839497dbf467d06c012991d,153825.508358,42.510212016845934,63406.478358,14915587.42,17201.71534,3200238.98
SMART,123,0xd123de25c88ac1293ca793420919ee3b3314452c,90381.507804,42.50983235263063,67855.697804,15962353.66,25436.963706,4042400.22
SMART,124,0x6f6042354566515329e94d82900ab11187aa6c3c,338466.375718,42.457717818884,209027.575718,49231938.61,102048.695242,1893673.74
SMART,125,0x53a5a1b642f93d7674be6e4b9cac0834bfe13e9e,21170.956185,42.443820146812065,43651.406506,10284514.06,14860.845742,2910104.13
SMART,126,0xe6e0e0dd371e4f9bd5218ab4bc0634d59705ae71,4480329.877842,42.42336151701214,1803931.847842,425221336.39,1439254.783897,208630609.28
SMART,127,0xdee7297778b8755343e96e0b99eecf549195b856,453525.351427,42.41902444478483,607081.341427,143115347.27,59102.10381,9551218.45
SMART,128,0xe48fe6012f97b6a13c0ce5cef314caf66e972deb,428675.5269430001,42.35317015535969,474891.3669429999,112126522.1,79940.598157,1714590.13
SMART,129,0xf6e44adf86bedcd196a03169dfc3a326cbacfe2a,99219.128513,42.286584223334096,52235.00929,12352619.69,8907.188647,10138602.79
SMART,130,0x355ebdb6ebbde80694f489594592fba0e811b23a,290608.470503,42.28217473435963,1348484.380503,318925029.04,18550.9855,4283910.49
SMART,131,0x7e19c25679a5f4cc1351e80d428ebe6df929adb1,297473.952282,42.24200055160809,645003.072282,152692359.23,60756.035754,5776174.69
SMART,132,0xafe4b3fb69024f240dce32270dede23c85154a21,2884757.043786,42.1549966552009,300437.423786,71269706.47,128715.574214,21277028.81
SMART,133,0x8484fbedae4e9b2e26df44b92cd5f81b71c8150e,1048535.602353,41.9884056736748,1357270.862353,323248963.75,295416.519009,150429029.15
SMART,134,0xe1dd184794e6178e6210275c389f5f9a0a593bb0,205925.552865,41.83932781109076,430882.192865,102984970.22,30316.339482,9342458.83
SMART,135,0x194a3c3dea1c9e90f164109fecc649767dc99870,476087.889277,41.819709710142334,284011.1092770001,67913218.73,245757.17887,5230469.62
SMART,136,0x6e4d47dad1e97833f4ecb0ef56347ba8e6fd1c0e,1385394.016086,41.56112477045387,371352.386086,89350898.98,160422.824362,3595895.94
SMART,137,0x813432180db43e975c1dc3b0a9304a729b7a40ee,149885.151631,41.47871335303347,106899.43,25772118.12,38988.038962,7521160.98
SMART,138,0x27c3d759e2c02b6bbd999a387f2eb67a6fbcaeed,502190.140365,41.47801321170653,531728.2703650001,128195212.16,139979.908187,20804319.91
SMART,139,0x886560066a92ef3091b7394be5b1f6a309c0255f,229401.897393,41.33328010222816,145344.197393,35163964.01,145344.197393,35163964.01
SMART,140,0x2a964fc6685577d153d40a5dd1b051225fc04aad,471382.056808,41.29406254515769,174805.176808,42331794.46,68734.442822,6348726.8
SMART,141,0x988caf2d1aa1ffc52c666f67d9a3e13a72ba6e04,747480.104588,41.230092211895474,502034.544588,121764109.09,134700.894051,13182468.27
SMART,142,0x337189f12dccb10013de352f56ba34dc91b580d3,318143.785784,41.21416194443993,248406.505784,60272123.48,156554.887105,21784248.9
SMART,143,0x578b2e075e05a50dfa5a4368990a92a17743c289,33114.276926,41.20919025829971,107403.656926,26063035.029999997,-4418.095231,1053155.29
SMART,144,0x0149804a7c4c0d4d08f4c86d37c2fa1d3cadabdb,47201.11257,41.1709042379684,116854.76257,28382850.64,31413.370453,14665863.87
SMART,145,0xfab26086a8f51109245d5dba60e82af5f8f5c320,173618.317205,41.143309059738705,47054.167205,11436651.13,27473.486418,7684119.87
SMART,146,0xb5be7ae6f69c5d3ad941e17200ea316db91aa9fb,30952.340766,41.10534970442718,69770.730766,16973637.56,-7152.87063,1374019.76
SMART,147,0x160b77064eba0a9ba1ae8a736ca16b090bcd8b45,79192.872159,41.089247249506556,45639.992159,11107526.96,10621.51551,1549532.2
SMART,148,0x8b08061b16a74adba15d96ab611945b9a0dce0ed,95086.798603,41.083042304448945,94988.189126,23121021.18,-7765.249437,4882930.65
SMART,149,0x89a18cb34db232c032873b5cdad131ec286eb0bf,68442.24041,40.980378923342506,147416.77041,35972524.97,19892.718268,1319665.8399999999
SMART,150,0x5db2d2a055466e0c5d4cf09869cf2e2cfc47b157,584147.568413,40.92573196583944,3021152.008413,738203536.8199999,11747.556551,2178962.97
SMART,151,0xcae0d1558b70b92ee9fd0acb20cb639c8c28ae69,126767.252441,40.91802066336504,110718.742441,27058675.04,100257.182711,17438250.14
SMART,152,0x916e44473f986d82b8a8e47e51b919e0b855942c,770896.165396,40.87876955580547,864513.125396,211482178.84,83992.219474,1631574.96
SMART,153,0x15e9233b5b42d0b72b1c04a984c1498ee6bbd016,555718.480166,40.817672355188854,397411.800166,97362680.73,250097.111646,33409733.11
SMART,154,0x3ab38dee6ba252823b3ceba95390726cf1962a73,408851.968401,40.72226982299106,212861.438401,52271506.31,285645.520562,11896865.05
SMART,155,0x2498f9215823377383b542e00863c26bc855e8a1,103639.687673,40.689608826592,102712.507673,25242933.18,12398.689515,9456306.15
SMART,156,0x25fcb75a422f1eeef23c272f8712d6df16c49c38,254704.038965,40.61966672161567,275906.998965,67924486.15,81679.530262,2235717.61
SMART,157,0xf3e7549ec1242d396bc6318b206cb35304165d28,59284.750539,40.59008626206382,322547.440539,79464586.12,7457.328441,5835406.21
SMART,158,0x0aa0c3ac0151c42537fdb3cb6a2f37b9251a6c6c,263008.945205,40.492291406984386,101155.675205,24981464.79,73313.725783,1742239.19
SMART,159,0x0871deb34bfd2052b1c10dc4f6c0912a2a47e927,10379832.456258,40.430105698569825,16617810.216258,4110256436.17,3750361.098841,852538584.5
SMART,160,0x292a5d6927f5dbcd65eb42599315688f4597069a,295352.854174,40.336289291890594,42845.404174,10622049.01,12041.586507,7365730.11
SMART,161,0xae2445cdc416b6a70bbf84a8678a13ea6003e7f8,33857.623622,40.291112793246946,318261.153622,78990410.43,8460.394294,2790251.71
SMART,162,0xf7ad6fee298149c99eef42c6f4fc0c1264f00139,93862.713746,40.13096284087142,45224.141451,11269139.4,31299.971451,6839233.94
SMART,163,0x6311c7025ac2085cf1f4d3451987b38105971c07,172194.896703,40.08893258328218,155942.266703,38899081.78,93147.847063,36371017.66
SMART,164,0x7f47bf4025bd2178741058a10cd829e406ef4d0c,5539643.543444,40.088729359016405,1117323.963444,278712740.79,635113.661901,28353471.88
SMART,165,0x8df9b31f7d0af10cb1afa8578b731be0c269f305,126372.220504,39.977876587088105,104216.900504,26068643.31,22270.115361,9183850.14
SMART,166,0x346fcc8d0e0771f7cb5605fd08e96e57d05daede,85262.17101,39.951759290474875,45706.45101,11440410.09,-55711.767281,3546045.97
SMART,167,0x29516dcf8b40718a5ef925981768d43277fa89e0,403294.666236,39.86563151678663,528231.426236,132502962.11,23648.10603,9614661.22
SMART,168,0x0c6265f92cb7ed2cd52f54d1a404c90489a24a6a,298958.374544,39.86142746585875,69311.134544,17388021.19,-60428.413571,5675253.5
SMART,169,0x2cec61aa3a730cc7bb78ef5b891f585cb7685943,170161.214508,39.83754255736863,194311.624508,48776006.76,9226.404157,1706789.92
SMART,170,0xb68993e53cef153afacf4532d191bda404a1f095,283220.589708,39.835322431482865,158966.979708,39906035.65,70489.93761,5600728.56
SMART,171,0xa9d90f0eb0993390bd02a2c50cee658ebd01b48e,928557.174104,39.72236480463282,163972.584104,41279663.21,57994.187413,4384867.06
SMART,172,0x7731afffa008a8c6fe8b5219e229a9a389a5799e,316358.488389,39.71224925318257,176771.658389,44513131.77,90421.623021,37582598.05
SMART,173,0xc10c5e835dda8e11df1fd7a3231f0973756f8d96,225609.409645,39.65914047347845,77974.729645,19661225.310000002,6929.816044,1785488.16
SMART,174,0xc4c5d406844ad004a75438cfa4740051045b027b,184845.693729,39.53746298331037,109056.373729,27583047.95,40594.501547,24424077.25
SMART,175,0x6b0759fef13e2b50ab35d30b9e89a431b6fd6d88,65181.022014,39.506795673305334,46308.132014,11721561.12,2256.18477,1141385.61
SMART,176,0xf47fe5f0f6c3ebfde365e34e6d15fb2ed4c39cdb,173330.91279,39.47603890357545,192970.97279,48883063.79,28071.994192,5751564.05
SMART,177,0x469bc5524456efa6932cac83294f31a09b8159b8,120039.099206,39.465326902965224,204892.149206,51917002.92,78702.16388,11178190.89
SMART,178,0x45aac70ff629f33cb0e193b4293440e0e74915e8,62814.694129,39.36973998680009,41885.334129,10638966.41,10606.998423,4790266.89
SMART,179,0x9c2694984f6831bc81a04cd917a67b03629cb666,5343352.105174,39.31955992736014,1886563.105174,479802700.91,2249041.38897,19080490.92
SMART,180,0xc42cebb3f484048795b573aa7c12c3017c0125ff,128654.253611,39.31418319848165,56039.883611,14254368.03,56362.180527,4522851.59
SMART,181,0xf2d96ddecf1bb5639960e407b133705a812ffc34,230911.347089,39.29667581759492,803898.227089,204571559.9,-90649.904524,38258051.54
SMART,182,0x004593cdface692ccbc2733b775f624ed0ad703b,167017.519594,39.24014051382076,60155.96,15330210.14,-47645.46,5353092.01
SMART,183,0xb93ddcd31a64d79fecd0f2dda3accc451fafbed7,229076.459314,39.23671135252862,98073.759314,24995407.599999998,25042.508351,4568207.82
SMART,184,0x36c097864a03c7f0215c0d43165a734152a12e0b,485383.168938,39.228217966282415,475610.528938,121241941.03,132445.403848,13343298.52
SMART,185,0x1a9a4932f36b3641f5f63e98f77f8a1f28d85dad,138906.513397,39.18787725984245,99943.963397,25503796.17,-27149.827133,1705287.79
SMART,186,0x18e41bb2205e0d87ce94474411d49c035c15b062,216745.631726,39.09679929186505,228853.471726,58535091.33,166877.38611,8446388.65
SMART,187,0xc8116a8778191e351067c64bc9b80196ad3cf6e0,1135542.703714,39.08710521688012,343188.363714,87800915.88,141818.140398,5512857.69
SMART,188,0xb68336848cca3fb5feb9a29432215abb02308b92,96678.228224,38.99678377688019,54667.588224,14018486.38,17293.219959,2867904.49
SMART,189,0x760ec8576c2dc5dba2655f7b948c0689b02b6cb0,86713.436196,38.962995400380805,82137.016196,21080775.58,6257.422337,16093044.9
SMART,190,0x6741bc2e53e9816213f4e785fad8b971048adba1,174246.400173,38.94324770838697,123568.660173,31730445.57,134555.799107,24589994.76
SMART,191,0x03ce7863a2b62f4e227fd98605b79beb32618c76,316643.104774,38.88630702801213,895714.614774,230341907.79,22116.529559,4882372.11
SMART,192,0x163efcb2c9d46ca4a2a69892c6571b30f4928926,225656.839712,38.8290420916648,79991.569712,20600963.97,22487.675221,2163717.82
SMART,193,0x64aa4bb7bca951cc0914fc920d3b3dcb81f77eac,1579737.081837,38.8146556361984,392258.501837,101059379.61,57076.182419,27327435.189999998
SMART,194,0xf5a523b171032c060d49c39fbf2e9bec473e1286,3518120.607121,38.795254835222394,2348026.357121,605235451.37,111938.677223,84045485.73
SMART,195,0x0f638286287ebd2acca95981f90aaa7de863a390,135853.486267,38.564180432297,166242.046267,43107890.379999995,4406.028993,2501056.96
SMART,196,0x2718f952a15702336c31baa335f907edc0ed2fb0,332396.302268,38.49731313789104,223108.422268,57954284.1,180199.220178,5719226.49
SMART,197,0xbf7a6339d2ae47333ab40c6ceb55783186eb225e,96092.626507,38.42517127542413,57660.592954,15005942.99,-2858.071945,2020276.77
SMART,198,0x046b6365a06df14ff841e9e3110234b36f956b3e,51957.578996,38.42118775455351,53831.608996,14010917.45,13253.773007,1527149.92
SMART,199,0x80f2e5f37b047d875c5685a67450965417b90c3a,782695.635915,38.345345344928724,264509.125915,68980765.08,29339.317244,10242543.01
SMART,200,0x855b77fc563bb5a2c062b9ad3bdf7984883ee8b8,990414.2675129999,38.32576005310215,1227134.2671969999,320185239.77,17776.565374,3403345.32
DUMB,1,0x3e6a7bed98d237b5344e83dca13d7018c3dfe95f,211866.963763,-49.613469875710635,-173198.826237,34909637.78,-1002.084187,2077194.66
DUMB,2,0x298c8e220dac02fbb8f4c5074a759c70a4337f5a,941667.88627,-49.52548667340896,-56974.222684,11504020.76,-56974.222684,11504020.76
DUMB,3,0xabf68ea28e2522726f53b6413b87ef7067fdf21a,979359.950557,-49.09917680067178,-308732.559443,62879375.9,-227752.779443,54500389.42
DUMB,4,0xfc85ab5856092d802d223e3f46ebd470514da21f,237291.65822,-48.91452052888076,-160087.12,32727934.01,-160086.651229,32206895.09
DUMB,5,0x5ecb2831f504bfddb6ce38272f46145205a78c7a,39571.307376,-48.894007889540596,-277740.742624,56804658.61,21160.534941,1904707.56
DUMB,6,0x4721d4bcf69f585801362feac273e8389d1a45ec,358996.809763,-48.33922335204624,-222790.740237,46089019.39,85196.864799,8830111.26
DUMB,7,0x554b7ea027b5adfa28fc8dcfefa09afb2e1718bf,561037.593166,-48.226486893456595,-430465.456834,89259136.33,-44009.60784,3652187.2
DUMB,8,0x1e48f1007fa133f643941d58cb6b080dc621e773,455051.693156,-47.97065870593576,-1279905.996844,266810177.59,-39153.659695,5876304.47
DUMB,9,0x5aa3f81907308b1e3a1f1439ea39fe472aa7242d,54346.508987,-47.13325721302126,-214945.430142,45603771.7,-45956.308864,1102970.98
DUMB,10,0x1aae1bc09e1785c8cb00650db0c6015bd73b0c7e,52899.033221,-46.90138146730731,-161484.116779,34430567.23,-21886.009024,2390987.27
DUMB,11,0xc685bd7055171cbace880e3ec24c092919ed3355,84283.282998,-46.89652871239377,-66061.687002,14086690.17,11295.212417,4436501.27
DUMB,12,0x648c33eb98f6c759764e1906f4d3b079ae9256c0,50136.147414,-46.769371780513524,-48281.162586,10323243.77,1575.095712,5067188.61
DUMB,13,0x298b8aa81cca2847dcaccdb6fee0a514fbd4208b,185994.842729,-46.64939085916546,-87023.375928,18654772.19,19813.507933,7193837.53
DUMB,14,0x51f63885534cb494f4592a0311551f369bff2b39,3311292.02981,-45.83459840307772,-8085999.39019,1764169355.01,-2822916.715962,92115755.23
DUMB,15,0x2a3bff139d7326093e47c0aa2f04f37e550803df,37556.246095,-45.54742536599357,-47494.383905,10427457.43,-10802.090203,5682130.39
DUMB,16,0x032456ce7beac3bc30c3b13ac0a3c2e65dd43711,226806.134525,-45.17987413707248,-267742.435475,59261438.99,-41343.088731,21153636.46
DUMB,17,0x54869010938bfdbaf0a7c9bf80baa6e13b50ca6a,25138.956715,-45.157436619445605,-259754.213285,57521912.83,-122901.607862,2482313.64
DUMB,18,0x2a1b72ef9269d7374eac454b4241b06de65557b9,72279.492998,-45.119379072428806,-77720.195476,17225457.68,-71679.849982,14445706.13
DUMB,19,0x24762c564e52424bb88f5cb916ab002436c5f6bd,188422.877996,-43.70250374292094,-111299.597802,25467556.38,-124951.610666,14249563.62
DUMB,20,0x96dce8c028a9403ca6ce1805a781696819463bdd,251784.97219,-43.5562689701441,-62031.07781,14241595.82,60698.565547,10007740.31
DUMB,21,0xf5c47aeb7d5bcf20feae83f87ef243de75a68dee,225817.80645,-42.88819058241702,-471155.90355,109856792.08,72740.938748,2005307.95
DUMB,22,0x80502eebab4868079947433f51e16cdb58c38e9c,249571.98957,-42.446506110074054,-104041.544745,24511215.24,12247.157465,2595190.88
DUMB,23,0xf9f40b99acf90db94c21e8c28f9c3dcfd55aa4aa,135193.802084,-42.26623908090842,-46458.11435,10991778.63,-28998.265524,5373770.85
DUMB,24,0x419b7875599185c08e71fbb480351fd07511dbee,318081.413966,-41.939907066924945,-1262404.308516,301003124.9,80174.645839,2890661.51
DUMB,25,0x0e65e5b5f34792d0be85d5a6793150d92c52ce53,26693.269882,-41.833126627962265,-130077.540118,31094386.34,480.454826,1880762.06
DUMB,26,0x9d9585a2be251ad98b4072985796eb7ec5d465db,96788.26713,-41.79425286223227,-345511.22,82669552.95,-80596.581754,11154280.09
DUMB,27,0xf5a56385b713c50d2ca5e783b341f5e618957cf3,123314.0864,-41.72610521200126,-76784.1136,18401936.44,-76784.1136,18401936.44
DUMB,28,0x2e919c20fb2e7a30e67f284f7fa5ca8babd207c0,146256.379234,-41.51987623435962,-68471.569321,16491274.91,20223.222096,1160070.8
DUMB,29,0xb89a98d9bb5a2b744a38e793436f169bb735df15,22316.589763,-41.16532886509232,-142024.320237,34500956.06,4798.559258,1400186.12
DUMB,30,0x5ffcd3f881ac876ea09b69fc31db924108315162,20084.537397,-41.14038706451945,-136545.822603,33190213.4,-18185.620549,2942702.99
DUMB,31,0x1520d4184023cd735157789b9a151df29a9b48d5,107768.502334,-40.79096759622385,-66607.677901,16329026.21,7638.390648,4255572.37
DUMB,32,0xbc2c77d7d4742a7209503e0820de27117b843b1f,144844.204551,-40.78632290516396,-407763.315449,99975503.16,7176.727935,2707279.61
DUMB,33,0x69d05f8f264252721f75125051939e0c2bda1e61,270033.112564,-40.65736292161135,-183027.627436,45017092.67,-86847.74294,18400076.02
DUMB,34,0xa95730f1661726bf0228931c7ec031838cd07ba5,24987.415167,-40.62520676029977,-161154.524833,39668604.22,19399.699748,7421304.83
DUMB,35,0x2457cbddbed202b7a3f5c21b3fb37058cbdfc871,2240757.072123,-40.40793606102966,-283754.667877,70222509.62,1111696.916563,5147584.26
DUMB,36,0xf2060700d2f18e5727205652a181fcf970e4a5ce,79806.747969,-40.24805249949979,-539987.62,134164906.49,-408827.073144,24497650.65
DUMB,37,0x514a9a0dab9b065e44fd33e3c58048e4e083aa76,117812.810298,-40.22551696861686,-242597.849702,60309442.36,43107.626875,4163021.53
DUMB,38,0x9deb0cf9eec64d8afff121f1fbd961bbf14091ca,41647.972228,-40.186371381402815,-51665.181105,12856393.68,-10928.336699,6982077.5
DUMB,39,0x9673391104590b1014cc97e3eb1232b9ddfcbd6f,240569.275972,-39.95979390480511,-132629.419369,33190716.57,103563.870631,2645258.38
DUMB,40,0xf0afb3f0a2e63eabe2d55ebe3e05671ebe0c6312,1488549.121234,-39.88727929607558,-447017.738766,112070250.63,-225521.411401,31914073.55
DUMB,41,0x43690e4576a3fde753af68db7ce5f445928c46fb,950604.225436,-39.886146420477125,-1583688.90426,397052371.91,-1155922.66426,304773082.47
DUMB,42,0x25b0f4cd0c4f91b5423c641e3f76bfa9b771f5fa,74373.891871,-39.850332064980805,-65822.578129,16517447.84,137.983378,1721069.23
DUMB,43,0xf8ae5f0d229618b4deead1b3901ed3134207b7d8,466211.951217,-39.83064268160969,-698786.448783,175439410.9,51482.766976,17657449.36
DUMB,44,0xb0088e7991b62ef58483e5f524ed9d482e5bac8b,1854398.596835,-39.77244591550985,-1379502.423165,346848777.19,760466.449003,25324533.09
DUMB,45,0x0525732803ba9aefa4f6986db7b858672be2d793,50305.2245,-39.629378816538406,-45848.6155,11569350.03,-45848.616996,11569350.03
DUMB,46,0x4eea4d63de3150fab4a6dff2f361e3e0ef6a9f1e,89069.078901,-39.45052206094596,-100254.517356,25412722.6,6754.817998,1091928.8
DUMB,47,0x82207b6d7aa7481aad46dbe4d05df136feac9fe4,752165.472923,-39.07468119704794,-57536.687077,14724800.129999999,-80297.07595,10061497.2
DUMB,48,0xfb94d93d73b1a5398816c7d46e1590173371f82b,126668.461624,-38.96282542460108,-88581.568376,22734893.43,17579.418953,3306934.82
DUMB,49,0x5e177e5e39c0f4e421f5865a6d8beed8d921cb70,1000000.0,-38.93372949179048,-505271.99,129777444.03,35894.74,1736195.2
DUMB,50,0x35253444b02b147e258ffc8ce81e2b4df3336f34,228479.926396,-38.787220214280865,-238443.523604,61474764.7,67072.053345,33853965.81
DUMB,51,0x58a1af958aa93b29fda0d7e29182cbf0bee84394,109542.87207,-38.77541174561559,-130857.05793,33747432.21,9218.147769,4398753.36
DUMB,52,0x6f5c0b5e696ecc523f6287eff09144e080dc18be,402383.113688,-38.411162029735905,-215257.186312,56040269.27,-51555.000802,12186304.27
DUMB,53,0x89e6782aafff98edfbccc8c9c72a0d84c280ba01,53084.045536,-38.010489699143065,-38028.864464,10004834.13,1867.949058,2339322.14
DUMB,54,0xf8d1735065e7e91ffe6b48c151da4246f5a06f1a,252537.813818,-37.95040704293235,-239117.066182,63007773.78,-202056.150732,2499892.46
DUMB,55,0x434f3e0d9d2e2b880af135a44fe79f786f4a62b0,2556663.4552949998,-37.84410247797758,-2250159.4234860004,594586547.48,-284671.615851,103237552.26
DUMB,56,0xd6ab2fa07261dee9562245f58eaaf90bf58b9396,109924.194817,-37.74763166201902,-145384.676867,38514913.51,-18706.246867,1380737.54
DUMB,57,0x646be0d5f96edd60d9933c4646b5d3ac165001dc,861054.968349,-37.6289121726855,-1087192.30673,288924724.09,-585238.71359,51323028.78
DUMB,58,0x358ee17c36b51e3c6870ac2aee6fa24c4c479a10,594121.640475,-37.574152395945035,-528194.668579,140573941.1,-120472.942864,47377626.29
DUMB,59,0x2857a031c7a0932df211eb5154c28010b440b624,52096.155752,-37.42109445928139,-42738.304248,11420912.419999998,-8023.145196,1779104.58
DUMB,60,0xe6a1c682d38b9ec6f3031a8b46322aadc833660f,66439.782765,-37.329733844782304,-90821.49,24329530.55,7674.205914,1773450.45
DUMB,61,0xd4eeed940e2c0b4b13910128fad5e0bc987e759e,353308.814811,-37.1309852077972,-250709.975189,67520420.96,-7981.668472,3059267.26
DUMB,62,0x5799df76eaf3b7c5714f1be1d8e61c5f568dde63,138046.738976,-36.98057557671013,-57673.046471,15595497.25,8964.54935,1278346.98
DUMB,63,0xca5d54391006e79770110be2075c24c6699106c5,143549.715287,-36.63008016761711,-282502.494713,77123089.39,16803.509832,14243669.25
DUMB,64,0x1bd2d89e4b9a2d373e89d74c8cc02d1562fa9626,88423.989903,-36.58427464210616,-530180.477859,144920319.74,-404344.354161,107897732.23
DUMB,65,0x1fd440eac75d2b122a974e5ac47c9133018e9081,1074982.789646,-36.10788579950675,-1114860.550354,308758191.09,23665.118424,2372725.01
DUMB,66,0x468de62cb146c2fc21db315ddff1ce089b1acf6a,419376.960279,-35.63907652953019,-78856.974998,22126548.349999998,-78856.974998,22126548.349999998
DUMB,67,0x3a1720a300d42e0e5cf88d0e954166ec0638c120,76560.54708,-35.507493893920454,-632731.05292,178196482.92,-5783.428942,1705148.35
DUMB,68,0x28d3ed14c9d3cd6f4cafd76892c1f83b6acc9281,39760.845613,-35.396399794556444,-199794.744387,56444933.82,-20889.963874,2469375.8
DUMB,69,0x3eb6bed67d046fbffb8ada21167e592f3fef5470,8520132.047492,-35.38985880624982,-2611426.472508,737902484.1,-1139321.193235,107284237.8
DUMB,70,0xb0f094c9e85a0ee7b89214a3a67efbc131022cc0,1009210.16755,-35.03403198495515,-134586.86245,38416035.73,-102709.275906,24226757.89
DUMB,71,0x607aaebece105255be33c4b5f1f696f3a1776d29,118479.522185,-34.990875645010874,-288427.37896,82429311.54,12866.399919,7562294.19
DUMB,72,0x9e1708f4c605e4143c8ec5fe0635ace2e4994549,40076.324948,-34.69088710333781,-237717.79,68524563.61,12720.051293,4385477.42
DUMB,73,0xe3dff0777ae861aa9c5f9f8ef005df2f2be5223c,659680.49812,-34.54348137527123,-293376.77188,84929706.03999999,13916.22942,3727949.3899999997
DUMB,74,0x0bdd18bfd439c7f0e04f2bd77ca82fe110f62071,137225.097646,-34.51022102999462,-57791.912354,16746317.65,-8408.032691,2173882.2
DUMB,75,0xde8656b3c23408b91eb2e0a6c7b55680ba5799ac,54537.976542,-34.45120428053409,-48580.593458,14101275.84,23024.371507,2112755.81
DUMB,76,0xb49b7711955d872115e96b8413490f6757867a9f,38254.940076,-34.37627016935312,-67116.949924,19524209.46,-747.210083,1308045.05
DUMB,77,0x5904a219cec930d90a844df234cbad84dccce627,23505.794659,-34.28267867966908,-43496.838788,12687701.33,-6784.761069,1733050.78
DUMB,78,0x63f1c0059595b17171ef28675dd0c504101e5538,167284.007235,-34.10176799417044,-62700.492765,18386288.0,-62700.492765,18386288.0
DUMB,79,0x4bea6238e0b0f1fc40e2231b3093511c41f08585,261603.203536,-33.97217217081257,-1193407.928916,351289850.68000007,-902593.711828,21267261.88
DUMB,80,0x10c7f2b4741f5686a42c9fb2002e9e50ca508278,69583.255879,-33.50483325455484,-287188.079112,85715418.11,13375.229496,5709110.89
DUMB,81,0x9c062c0575c30a3b7614d0c6ea8de67faab00560,1995837.554565,-33.44397375253701,-1168519.975435,349396272.13,-2667035.980936,79076883.14
DUMB,82,0x12a23a6a0cd25f342d7668fd0c38dcbdd87dd9a8,157982.678445,-33.21319494466558,-41127.561555,12382898.31,88430.150639,1555746.65
DUMB,83,0xc1b052a1d94a6f6c85c97fb1f467584ca6635c4c,306526.030272,-33.086336023520566,-232023.2,70126592.39,-346217.265764,35404420.27
DUMB,84,0x5038f3784efb58bb88203cf1ec70fb1baed7268c,434590.121465,-32.945857937206014,-66428.168535,20162828.56,-66428.168535,20162828.56
DUMB,85,0x8455193b0490ad091819000b01cd9bb833ac974b,185529.913473,-32.84675594229127,-757467.996527,230606638.25,145829.501655,10720726.08
DUMB,86,0xcff0c0fc96222aefb6acec6a3b564dbcaccf41d0,28743.919453,-32.464104621241475,-35424.770547,10911981.39,-8336.185051,4538709.17
DUMB,87,0x98204f3c0b51900c7f0161dd9360ce195afe878b,527235.828255,-32.36527446615184,-601682.751745,185903800.19,-572878.344193,53709043.81
DUMB,88,0xde72bee71169cdd7b324da4307b8e75cb4376a6d,198168.875812,-32.123917798153194,-181417.824188,56474376.92,-1435.914574,7652435.46
DUMB,89,0x2a3c3bf6a7cc9615af69be77ecb9908a1f48de46,110626.584083,-32.103273830829465,-78835.905917,24556967.72,-65284.485917,17103469.05
DUMB,90,0xf6bff435d5d49722cf49d621f6973a8789ecbb2b,45146.856934,-32.084366372115845,-101442.291287,31617358.47,-38858.666256,7590918.4
DUMB,91,0x30729cac1a6075e04a29c18078b486b2b118d04a,1470270.1742,-32.07857727731548,-336277.8158,104829404.65,-68668.033229,30352952.4
DUMB,92,0x50805e660ffc16694363e3273fe921dea3a89247,227372.451316,-31.875062820460386,-67664.117836,21227916.7,-16444.653876,5502134.43
DUMB,93,0x65c6b7f0e9a6f72b351ca133e510a2329d047dbe,222101.343923,-31.741215478882914,-77898.656077,24541799.96,73532.853206,3711774.91
DUMB,94,0x1dc67adaf9f163c5b1a95043addbdfa1af58e512,961672.967519,-31.526590561589025,-5126664.982481,1626139995.2099998,131870.133507,37926314.25
DUMB,95,0xdd6ee5e3f29077b534e5947373274f50f8ed0993,601819.020623,-31.367066322565254,-219047.669377,69833648.81,43847.840839,1681246.32
DUMB,96,0x553378a8e56105ee837d12dcf4d4312336d38c06,58445.547425,-31.270302356622018,-53648.574812,17156397.85,1839.366105,1563579.37
DUMB,97,0x2cff35b62aa18287a4b866e8c0a5ab6f8781e8a3,2382586.94695,-31.225777900068426,-2164693.7330500004,693239329.37,-1280793.969973,217277967.19
DUMB,98,0x9cc10bd3c7e2486c0ae4623e4f7cc3ff143fac56,4653210.896089,-31.144135903746662,-947836.493911,304338671.28,-41236.817232,4668667.76
DUMB,99,0x75d0051e8bb42fa53ef1be9951963a69ad1adf0a,58569.023354,-31.098342693082845,-176258.566646,56677800.61,-160666.428663,3841748.28
DUMB,100,0x0118cc49c88082843db88aa13fe55badbf225a86,45186.534074,-31.08522470534544,-89870.345926,28910952.64,-59841.790151,3819397.0
DUMB,101,0x75ed8c3d0ab4a1246d8ea316c76f1ec5c5fe69bd,260716.404012,-31.055320788482824,-399443.165988,128623100.92,165882.053368,4526037.01
DUMB,102,0xd71cd9664aca5faffda676070e605da07911823a,169265.369599,-31.029258474786797,-190748.190401,61473654.15,-50549.708657,26513767.73
DUMB,103,0x2c72a1c693a7702728c3be5edafc2b64396b9888,169310.684805,-31.017066966549482,-382136.224399,123201921.32,21049.462066,10169471.7
DUMB,104,0x0bb50c5e0e8fb97f522ad9a9fffb6e1aff466bd3,26720.453305,-30.928518932498086,-108156.956695,34969976.07,-12325.875855,5902374.28
DUMB,105,0xe45a8f3ffd7711f34013ad5d8d20c8f45a8d014d,30307.609709,-30.917265936983355,-93712.920291,30310869.17,-691.87,12267967.54
DUMB,106,0x118624cb30b87b207fc287495baf376865474c98,39340.899679,-30.852196312974666,-31692.860321,10272481.09,-29706.74024,1839289.97
DUMB,107,0x9f1920d0cbb63ed03376a1e09fd2851d601234c8,885384.977357,-30.836664400937792,-409829.93,132903456.96,64458.335033,18275330.82
DUMB,108,0xe036367b3a242644ecf315b223510b904cb49e5c,44163.19127,-30.79885710731108,-100904.185049,32762314.75,-12173.018833,8881176.39
DUMB,109,0xaeace0cf7ec951a708de14a335bea8c1e810d11d,179950.587991,-30.604373229692296,-106403.563349,34767437.5,9828.754016,3306054.6
DUMB,110,0x065612c177776f3c635dff181edf170f9c196a05,188563.858564,-30.555713050647945,-670705.1337240001,219502366.91,-33584.58705,2137480.58
DUMB,111,0x6d73be36a571355736d7dd50d3fd69a503f23ac9,191601.695059,-30.44040804827728,-447456.404941,146994220.39,-23133.413241,5730765.53
DUMB,112,0xf92ddf919186b80d8619a12e7f4379f678939b74,692869.868252,-30.41696779934886,-412339.951748,135562477.65,-92106.807611,1742958.08
DUMB,113,0xda3768e9299e1fd81708ec030dac5ea37125f7b5,12595690.976179998,-30.38114675169981,-3661381.06382,1205149066.21,-619592.212072,160819988.05
DUMB,114,0xb905abfe95cfaac346b3ae9a7d272fdf174893db,202320.273176,-30.357793679363386,-720725.466824,237410358.09,70953.717942,3796899.97
DUMB,115,0x767b51df44c57167cb48ba5ae5041b553b31bcbf,91010.558209,-30.238933313997546,-683976.130999,226190561.64999998,-9977.119204,2955586.09
DUMB,116,0xd6ea20d41609015ae8d41c4f28e38e44ff7156c3,121058.859346,-30.09816583504868,-38566.910654,12813707.94,-392.425569,4042521.85
DUMB,117,0x4240552cd4122b1b011552aaeae5c35d12c82509,26610.049751,-30.038700650155114,-46135.020249,15358527.25,-971.352069,1966060.54
DUMB,118,0x9018269223e9c3547618abebaaef3bcc109ff1be,42665.026041,-29.92252421787499,-182990.08239,61154627.55,-90206.413818,1775792.62
DUMB,119,0xdb284f152634dc2a5c4fb6cb37d1b85f938976c5,75794.573139,-29.91106620200048,-192365.036861,64312330.28,-54758.234875,7954921.75
DUMB,120,0x1115ee48180b3dc69f09d7b4ed514b7926ff5111,315648.052617,-29.68199466653772,-43572.797383,14679875.08,8710.029512,2465645.8
DUMB,121,0x2f9beb4d627ec674e76989e672cac0ab06711118,2404425.2183339996,-29.602878122625935,-245820.231666,83039301.33000001,158937.669552,40882279.839999996
DUMB,122,0x775f5934f130b9787176ab7040281f859d1ee749,320272.196007,-29.471772496473392,-73811.813993,25044918.490000002,-76722.915673,8166394.6
DUMB,123,0x5ad96a3986b9d2cfab1d39c68002edd17263f5ef,1711770.644129,-29.440886760608613,-963653.232904,327318005.31,-576101.155827,109759063.09
DUMB,124,0x899e32394e7c797baf48b6f77f7657799875393e,160460.899022,-29.411276380983278,-144910.310978,49270323.77,-12714.648823,7267298.45
DUMB,125,0x8d849ba9a7660dcf82048f2c2a8aa68b677124d0,51070.209137,-29.354398005944937,-48003.437804,16353064.98,-313.480585,10237133.9
DUMB,126,0x89c2e271b1a293ebe499f21af1f4a10142fdc94b,620919.613174,-29.30723963512487,-152019.959368,51871128.52,139004.793141,2352292.05
DUMB,127,0x5e575b43153a6b23b028102f80d28d03b616146a,28559.801398,-29.038256660892554,-58515.778602,20151271.23,-61763.427898,19423242.58
DUMB,128,0x1c4e4fce5570740188b54f0295ce71904877c8b0,257169.567368,-28.98803293085707,-118811.15213,40986276.1,-44304.670265,13384995.36
DUMB,129,0x3893ad86b711ee70e8931640f1a4f6b2039374e0,4020542.567138,-28.889005275182576,-315009.372862,109041266.69,-502826.84202,85251091.34
DUMB,130,0x421e4905ba494dd348e926a82c926b9e020b0c48,60981.612137,-28.860395515592074,-174620.573928,60505260.17,61226.789902,12172841.72
DUMB,131,0x766337d18e12df977b5f54516b2333e39e7dcb5a,1106249.030686,-28.79386615476233,-776220.153709,269578301.69,36302.604496,4901262.55
DUMB,132,0x5c3f8fdc2c99cd27576f36d13446f33c58e67a24,106007.796359,-28.689986529885314,-130770.805808,45580643.85,21290.681156,3860342.74
DUMB,133,0x013598ea3fd28608c23ebac199c5b4218e2ade3a,54878.239267,-28.589461712633227,-274443.78738,95994737.55,67499.948038,2019039.74
DUMB,134,0x20f318db0cebf37499536139690c2e809b078313,78669.659805,-28.58307173439594,-79708.260195,27886527.01,-12808.730396,3984393.71
DUMB,135,0xa270596dae2196d53c809056ac27a78810e97aa6,112924.576772,-28.5794254886751,-60394.653228,21132213.89,42009.131586,1098327.45
DUMB,136,0x72b7c74d4ad6ac3651eda9d2630ab28b9b0285b4,57196.711266,-28.55147987881273,-48908.498734,17129934.75,-47423.878212,9942287.68
DUMB,137,0x1432796dcc0eb353663123924e2d3c8aca05f320,150360.322589,-28.551441181692564,-475758.867411,166632172.57,18397.621363,26807167.09
DUMB,138,0xef55c183135b0581120a66293b80166080f7f1a8,180523.762561,-28.404880466013516,-39929.920353,14057415.38,17444.951124,1950959.69
DUMB,139,0x1de8fc67f90451f0ddd8d5fa17d67c9af31606f2,102687.463826,-28.40098083382758,-315753.531194,111176981.19,5411.039757,21270057.23
DUMB,140,0x5fd21469ccb70dd5b6993995df727a56e2b3008d,87357.229154,-28.345257484099616,-652917.33,230344469.57000002,24481.515061,10687641.67
DUMB,141,0xa61c57d0d1a83c02542092b431999b9870dd66b9,6933377.993129,-28.307239214916805,-1129078.446871,398865618.19,1424944.461169,237037276.42
DUMB,142,0x7cd5563c4251c87b8c5ab963c823f70a23c22f46,191486.820789,-28.105314645874547,-670573.278023,238593051.34,4124.505839,1557631.59
DUMB,143,0xebe837cd345469cbc5d6e1fd3d15ee5079ac885f,11053003.002574,-28.082682461313,-3850043.8069050005,1370967254.36,-109787.338433,16990878.84
DUMB,144,0xf5abbe157d3b78bb7896a2da711653f062ff03b5,114640.705506,-28.03379587892958,-65138.254494,23235617.03,-6353.763007,7764418.94
DUMB,145,0xc3ed57a7a8fa374af47eba5dd713bc2946f800dd,1322674.063597,-27.88840700981702,-2678795.906403,960541025.33,-2678795.906403,960541025.33
DUMB,146,0xfd1fedf71a6bbdbde497e5e9f39d0bafe2f1e23b,77445.413713,-27.842580010289556,-88601.176287,31822186.11,36976.699624,5384350.04
DUMB,147,0x1325b85665da4dc99835bcbbebd78aa0c56caae1,105783.932053,-27.584923025340085,-62103.817947,22513681.8,6347.396017,1813428.01
DUMB,148,0x768eb175eb7ebc89077e6f78001798b14d546101,29091.083029,-27.452882894425652,-90081.40624,32813095.29,2058.33376,15484261.08
DUMB,149,0x7ea90af38397575a372e36bdc0f5970fb512fc7f,2771870.452192,-27.343750504382303,-2339357.847808,855536568.56,66033.844125,12547355.32
DUMB,150,0x6285c3568af2cc216edc28b2aef5373f40cbd775,150655.181899,-27.340490697461306,-63124.028101,23088110.89,-160946.138027,10677158.89
DUMB,151,0xa6672e789b5b36c93c2e9a779b8564cac99bbe12,115482.919117,-27.318995230356492,-154573.320883,56580895.3,48405.744831,12419411.64
DUMB,152,0x188f2447f7517f46a6c617aecf950b740cd8eb98,264276.864736,-27.211525274507,-100568.402512,36958017.42,48171.803743,2395765.39
DUMB,153,0x0399976a0e0c504da1c07fedb91c30edfd7e4395,228407.18074,-26.905862651077282,-338794.79926,125918579.03,-46939.555024,67248476.67
DUMB,154,0x6f82345d9d659b28648d2e57dd0a1a2d680141c6,167218.464738,-26.851433958067307,-33601.145262,12513724.71,14778.740452,6834435.85
DUMB,155,0x6752fd3edb8a9adf4db1eed002f7134cf7ae7a2f,447373.066515,-26.76996092133363,-899109.033485,335864903.25,-686883.847399,192909171.73
DUMB,156,0x07fb3d1557c56801ea69e63a89d41d23d2b875d3,662207.713289,-26.725064769027355,-237787.286711,88975382.76,16032.581776,2333542.86
DUMB,157,0xa20fb0c9e04063eec5be286e9269028d966646fa,2055760.0064,-26.684843082255806,-187194.9836,70150303.31,-1474937.66654,11629706.92
DUMB,158,0xa6a34f0bf2ccea9a1ddf9e9a973f17c498dc5e40,2228015.979277,-26.55930699250982,-306307.120723,115329485.37,69170.735339,11210179.75
DUMB,159,0x9824ea5b68c7a21881beea702e82f2d4cf13be68,384415.189144,-26.557415642809072,-348333.672862,131162488.68,49653.035239,1892000.68
DUMB,160,0x4c926934f5d1b42e2226c2fe3b516890886c4f17,694190.923475,-26.55463263923853,-59814.076525,22524912.07,115017.344964,7368811.22
DUMB,161,0x40f276e97145db4d8833b1320ea8a4e6ca0454a2,291166.890321,-26.550348673895957,-486159.169679,183108393.66,-75131.521939,8499201.3
DUMB,162,0x35f0851ef6516c5706107b86dbe09a62a311ab07,28787.065964,-26.543180708945435,-62506.594036,23549021.77,-3790.130962,1768761.55
DUMB,163,0xc84b3f4b3fa29d38e60b318e5d8a84802ef7cbeb,495057.102057,-26.395349586112804,-103972.897943,39390612.2,-101778.788135,10102189.79
DUMB,164,0x12005341b59122cebdc4c7b9c2203b5cadbb9789,24018.866143,-26.307305550612266,-36004.483857,13686116.12,-1675.171192,10488272.95
DUMB,165,0xfd75b7645f637590c9e2754b30c6418ab14958bb,90548.371643,-26.279349210889766,-33324.678357,12680937.45,4537.392745,4827879.83
DUMB,166,0x2814e4612802066a76a99e8afbcdf1ec44039b08,124285.949822,-26.10176485760161,-479219.760178,183596688.88,-392743.904908,153693214.97
DUMB,167,0xd4b0554776c461ef9fede5011cb591bf409d07ad,120882.419158,-26.048417222585083,-99125.090842,38054170.43,-146662.46699,34417099.06
DUMB,168,0xe2af8f54b54dd85978147ec505b63a77bdbde205,2156152.86339,-26.0239237757102,-616923.102233,237059986.63,397403.694107,34161625.1
DUMB,169,0x6664201bfaa2c8a9eba60d02ee3932318f3d6293,34852.07907,-25.762976378453697,-71204.14093,27638165.67,29362.427475,16652159.6
DUMB,170,0x0f78de18af9bb92817f361dae2c484ae3370fca0,254864.127816,-25.684595588385157,-64170.062184,24983870.96,-37535.715534,5796519.94
DUMB,171,0xd6ccedf2af0e2885673f3e60cc43524333069c42,226823.738124,-25.625514680797323,-287843.308388,112326839.86,-40240.455489,10478845.29
DUMB,172,0x588f53fe31b0202c18c478676753cc54a96fe3b2,409143.551547,-25.587731376155602,-284670.678453,111252800.91,95845.251792,6955934.62
DUMB,173,0xe008135c18bcb2a2e3099bc9be9f44f1b9499fae,2739873.363774,-25.52059058095534,-30071.056226,11783056.56,-110138.106734,10433997.08
DUMB,174,0x7cf48053593d47d74b9ca5b86f1dfaf767b9d6e1,33549.868101,-25.463823076698205,-38346.341899,15059145.59,-38346.341899,15059145.59
DUMB,175,0xc0b05b4d4dd70e62b6299f1b12a87c944c31237a,2871778.6837910004,-25.433487135299725,-971614.244956,382021639.34,299057.861859,1100296.22
DUMB,176,0x2b1ffdccb6591895227404bb8b211d847fe9306e,47512.494515,-25.334488702795973,-257353.05,101582097.44,-6785.58,6119620.25
DUMB,177,0x5f875116699987a9f6007c2e18c34e26ce5577f6,229424.672718,-25.141190457251096,-723991.092645,287970091.9,74768.718936,19697101.45
DUMB,178,0x534f89335cb490872247e18320b36e63cc42367c,207799.737507,-25.127873555914064,-73928.336579,29420848.69,-13604.712254,1143690.91
DUMB,179,0x6874b22c0692d4b3663fcc753faf67a4b686dae8,622120.791398,-25.03044434886281,-131113.62,52381658.98,-127031.440842,10679456.61
DUMB,180,0xb9298cec50a3a32487daf58c2b3925b242e32ff9,98391.686834,-25.011829893229592,-32455.713166,12976145.01,-6885.248583,4107436.82
DUMB,181,0x737db2a9e79ff2d6380b4e45c7b2a3af9312ea0a,103057.109294,-24.924671720626836,-81955.070706,32881103.36,30799.262936,8032180.12
DUMB,182,0x5224229f0668a10bd470d39b0a4e7fbda3900bd1,75806.436086,-24.740035773707458,-29169.773914,11790514.04,31724.600939,1302695.22
DUMB,183,0x3e836d156d3c7444f14c2c33cb678b585239e79e,107107.866978,-24.71090551475708,-63982.343022,25892350.64,-3160.500062,4009683.16
DUMB,184,0x33e17f809abbe66ff6a8fdaf291dafd9307f1ac3,181652.159214,-24.665584515561203,-848356.673674,343943470.36,54734.171146,12736916.56
DUMB,185,0x633657eb832c9ebbc148f65400de25d859481ca1,33868.165208,-24.58551111359543,-45308.204792,18428823.62,1223.326031,4321153.33
DUMB,186,0xcbcb3ac3f1e550061d5c6ceae52d5668a3a68f99,241419.906968,-24.58243245422631,-34308.01,13956312.12,-3535.31,3400091.56
DUMB,187,0x2215f02ae20d438aafa1b923b5e2979a67e4e36c,72120.662565,-24.57323433706532,-35207.997435,14327783.21,14200.330242,2620290.44
DUMB,188,0x0c3c5d15d13c992ab2714dc1cfa0e6e6e6a63941,20600.514807,-24.406290278428763,-29363.865193,12031269.34,-29363.865193,12031269.34
DUMB,189,0x0d438ba1817d0958ae3bf70b23faaf1d0117c930,1275207.060022,-23.83571665761164,-350632.549978,147103842.11,-811388.83222,39106331.23
DUMB,190,0xa0551c838209a2fbd3485ad722f9265f85c26ecc,76941.610089,-23.808810497595438,-94844.509911,39835887.61,-130998.051103,37925978.2
DUMB,191,0xb65394e333ea64b2bbe119c4c33d9821c8fe6c1f,45126.596382,-23.747168325164584,-41676.275495,17549997.93,-5557.524542,3488846.06
DUMB,192,0xa4b3d1409c4ba11c76c09a8044d1729edcd2e8a0,87794.389267,-23.68869913395057,-223197.510733,94221092.29,44180.886257,1193327.54
DUMB,193,0x85dfe30ed831b469783824128f634da712ab77bb,32737.942711,-23.684476617139428,-59534.185869,25136373.85,5067.511259,3151613.54
DUMB,194,0x85e410e4c535cb1709dbd36468f132037a5b2087,1426437.789201,-23.675021048787276,-178931.580799,75578214.03,66005.933998,1712297.74
DUMB,195,0x2cfe79492330bf35230b1c12154bfdfa85e8ffc7,60139.405014,-23.490544744731633,-55706.784986,23714556.47,-38.330583,1666891.6
DUMB,196,0x8e108f7c619ab460885edd0f84e313daf119c779,33510.440651,-23.34616923930614,-60380.019349,25862923.69,10490.571761,4561576.97
DUMB,197,0x0bafb5dc0c3c83c6e964bc53f2806c0d25d008b5,30254.215007,-23.088110479205323,-56876.584993,24634577.63,6252.21859,5995768.28
DUMB,198,0x429663f2b8ac49ca67cf30e82d59b1bd12c0dbaa,33752.275693,-23.033010679463974,-31991.72932,13889512.65,-35353.581252,13664247.25
DUMB,199,0xe99ade466b7f62a0689f93151c8293320e61eba8,121051.176661,-22.997710224904033,-57652.807219,25068933.67,-97761.35744,7759063.93
DUMB,200,0x817c8cc95d732f0413a158cb038d39537698bc80,741988.357629,-22.962922807014465,-61051.782371,26587113.01,-61051.782371,26587113.01
