book,sym,entry_time,side,ent,lvl,level_px,entry,stop,target,risk_pct,status,exit_time,R_gross,R_F063,R_F080,R_F040,fund_R,fund_settled_n,fund_est_n,fund_unknown_n,data_end,oi_chg_7d,retail_ls_pct90,filter_note,action,first_logged_utc,data_end_at_first_log,live,log_lag_h
X2,BNB,2026-07-01 11:15:00,short,FSB,PW,540.5,540.05,553.36,513.43,2.46459,closed,2026-07-01 15:30:00,-1,-1.02588,-1.03286,-1.01622,-0,0,0,0,2026-09-24,0.00851,0.950721,OI up 7d: ok,TAKE,2026-09-24 18:10:00,2026-09-24,False,2046.9
X2,XRP,2026-07-04 14:45:00,long,FSB,PW,1.1634,1.1687,1.1585,1.1891,0.872765,closed,2026-07-04 23:15:00,-1,-1.06951,-1.08891,-1.0427,-0.00235688,1,0,0,2026-09-24,-0.063266,0.802417,crowded long (info),TAKE,2026-09-24 18:10:00,2026-09-24,False,1971.4
X3,XRP,2026-07-04 14:45:00,long,FSB,PW,1.1634,1.1687,1.1585,1.1993,0.872765,closed,2026-07-04 23:15:00,-1,-1.06951,-1.08891,-1.0427,-0.00235688,1,0,0,2026-09-24,-0.063266,0.802417,crowded long (info),TAKE,2026-09-24 18:10:00,2026-09-24,False,1971.4
X2,ETH,2026-07-04 19:00:00,long,ACC,PW,1779,1793.01,1771.46,1836.11,1.20189,closed,2026-07-04 23:15:00,-1,-1.0521,-1.06616,-1.03267,0,0,0,0,2026-09-24,0.004604,0.229401,crowded long (info),TAKE,2026-09-24 18:10:00,2026-09-24,False,1967.2
X3,ETH,2026-07-04 19:00:00,long,ACC,PW,1779,1793.01,1771.46,1857.66,1.20189,closed,2026-07-04 23:15:00,-1,-1.0521,-1.06616,-1.03267,0,0,0,0,2026-09-24,0.004604,0.229401,crowded long (info),TAKE,2026-09-24 18:10:00,2026-09-24,False,1967.2
X2,BTC,2026-07-07 01:00:00,long,ACC,PW,63990.7,64175.2,63781.7,64962.2,0.613165,closed,2026-07-07 01:45:00,-1,-1.10243,-1.13007,-1.06422,0,0,0,0,2026-09-24,0.008784,0.500233,crowded long (info),TAKE,2026-09-24 18:10:00,2026-09-24,False,1913.2
X3,BTC,2026-07-07 01:00:00,long,ACC,PW,63990.7,64175.2,63781.7,65355.7,0.613165,closed,2026-07-07 01:45:00,-1,-1.10243,-1.13007,-1.06422,0,0,0,0,2026-09-24,0.008784,0.500233,crowded long (info),TAKE,2026-09-24 18:10:00,2026-09-24,False,1913.2
X2,XRP,2026-07-13 13:45:00,short,FSB,PW,1.0678,1.0665,1.0827,1.0341,1.51899,closed,2026-07-14 12:45:00,-1,-1.04669,-1.05797,-1.0311,0.00490195,3,0,0,2026-09-24,0.016843,0.501627,OI up 7d: ok,TAKE,2026-09-24 18:10:00,2026-09-24,False,1756.4
X3,XRP,2026-07-13 13:45:00,short,FSB,PW,1.0678,1.0665,1.0827,1.0179,1.51899,closed,2026-07-14 12:45:00,-1,-1.04669,-1.05797,-1.0311,0.00490195,3,0,0,2026-09-24,0.016843,0.501627,OI up 7d: ok,TAKE,2026-09-24 18:10:00,2026-09-24,False,1756.4
X2,ETH,2026-07-14 16:00:00,long,ACC,SW,1848.78,1874.38,1793.34,2036.46,4.32356,closed,2026-07-15 16:00:00,0.698297,0.679441,0.675449,0.684958,0.00406517,3,0,0,2026-09-24,0.08762,0.075843,,TAKE,2026-09-24 18:10:00,2026-09-24,False,1730.2
X3,ETH,2026-07-14 16:00:00,long,ACC,SW,1848.78,1874.38,1793.34,2117.5,4.32356,closed,2026-07-21 16:00:00,0.69731,0.663225,0.659234,0.668742,0.019294,21,0,0,2026-09-24,0.08762,0.075843,,TAKE,2026-09-24 18:10:00,2026-09-24,False,1730.2
X2,BTC,2026-07-14 22:30:00,long,FSB,PW,64691.9,64950,64200,66450,1.15473,closed,2026-07-15 22:30:00,-0.112,-0.187702,-0.202415,-0.167365,0.0211798,3,0,0,2026-09-24,0.036149,0.368765,crowded long (info),TAKE,2026-09-24 18:10:00,2026-09-24,False,1723.7
X3,BTC,2026-07-14 22:30:00,long,FSB,PW,64691.9,64950,64200,67200,1.15473,closed,2026-07-16 07:45:00,-1,-1.07752,-1.09216,-1.05729,0.0232807,4,0,0,2026-09-24,0.036149,0.368765,crowded long (info),TAKE,2026-09-24 18:10:00,2026-09-24,False,1723.7
X2,BTC,2026-07-20 18:15:00,long,FSB,PW,65589.7,65688,65209,66646,0.729205,closed,2026-07-20 19:00:00,-1,-1.08608,-1.10931,-1.05397,0,0,0,0,2026-09-24,-0.02847,0.303963,crowded long (info),TAKE,2026-09-24 18:10:00,2026-09-24,False,1583.9
X3,BTC,2026-07-20 18:15:00,long,FSB,PW,65589.7,65688,65209,67125,0.729205,closed,2026-07-20 19:00:00,-1,-1.08608,-1.10931,-1.05397,0,0,0,0,2026-09-24,-0.02847,0.303963,crowded long (info),TAKE,2026-09-24 18:10:00,2026-09-24,False,1583.9
X2,BTC,2026-07-21 09:00:00,long,ACC,PW,65589.7,66200,65460.1,67679.8,1.11767,closed,2026-07-22 09:00:00,-0.333153,-0.399499,-0.414681,-0.378512,0.0100834,3,0,0,2026-09-24,-0.00989,0.278322,crowded long (info),TAKE,2026-09-24 18:10:00,2026-09-24,False,1569.2
X2,XRP,2026-07-21 09:00:00,long,ACC,PW,1.1297,1.1325,1.1248,1.1479,0.679912,closed,2026-07-21 14:45:00,2,1.90671,1.88154,1.94151,0,0,0,0,2026-09-24,0.026863,0.298466,crowded long (info),TAKE,2026-09-24 18:10:00,2026-09-24,False,1569.2
X3,BTC,2026-07-21 09:00:00,long,ACC,PW,65589.7,66200,65460.1,68419.7,1.11767,closed,2026-07-23 07:15:00,-1,-1.06712,-1.08224,-1.04621,0.0110676,5,0,0,2026-09-24,-0.00989,0.278322,crowded long (info),TAKE,2026-09-24 18:10:00,2026-09-24,False,1569.2
X3,XRP,2026-07-21 09:00:00,long,ACC,PW,1.1297,1.1325,1.1248,1.1556,0.679912,closed,2026-07-21 16:00:00,3,2.90597,2.88071,2.94089,0.000423584,1,0,0,2026-09-24,0.026863,0.298466,crowded long (info),TAKE,2026-09-24 18:10:00,2026-09-24,False,1569.2
X2,ETH,2026-07-27 06:15:00,long,FSB,PW,1966.97,1969.99,1957.63,1994.71,0.627414,closed,2026-07-27 09:15:00,-1,-1.1131,-1.14011,-1.07577,0.0130058,1,0,0,2026-09-24,0.039115,0.254545,crowded long (info),TAKE,2026-09-24 18:10:00,2026-09-24,False,1427.9
X3,ETH,2026-07-27 06:15:00,long,FSB,PW,1966.97,1969.99,1957.63,2007.07,0.627414,closed,2026-07-27 09:15:00,-1,-1.1131,-1.14011,-1.07577,0.0130058,1,0,0,2026-09-24,0.039115,0.254545,crowded long (info),TAKE,2026-09-24 18:10:00,2026-09-24,False,1427.9
X2,XRP,2026-07-27 22:30:00,short,FSB,PW,1.0823,1.0815,1.0862,1.0721,0.434582,closed,2026-07-27 22:45:00,2,1.85566,1.81671,1.9095,-0,0,0,0,2026-09-24,-0.05909,0.520688,OI down/unknown: skip,TAKE,2026-09-24 18:10:00,2026-09-24,False,1411.7
X3,XRP,2026-07-27 22:30:00,short,FSB,PW,1.0823,1.0815,1.0862,1.0674,0.434582,closed,2026-07-27 23:00:00,3,2.85598,2.81711,2.9097,-0,0,0,0,2026-09-24,-0.05909,0.520688,OI down/unknown: skip,SKIP,2026-09-24 18:10:00,2026-09-24,False,1411.7
X2,BTC,2026-07-28 00:15:00,short,FSB,PW,63666,63567,63903.6,62893.8,0.52952,closed,2026-07-28 13:45:00,2,1.88189,1.84996,1.92604,-0.000236063,1,0,0,2026-09-24,0.042898,0.669921,OI up 7d: ok,TAKE,2026-09-24 18:10:00,2026-09-24,False,1409.9
X3,BTC,2026-07-28 00:15:00,short,FSB,PW,63666,63567,63903.6,62557.2,0.52952,closed,2026-07-28 15:30:00,-1,-1.11905,-1.15124,-1.07456,-0.000236063,1,0,0,2026-09-24,0.042898,0.669921,OI up 7d: ok,TAKE,2026-09-24 18:10:00,2026-09-24,False,1409.9
X2,XRP,2026-07-28 02:00:00,short,ACC,PW,1.0823,1.0571,1.0862,0.9989,2.75281,closed,2026-07-29 02:00:00,-0.494845,-0.523728,-0.529945,-0.515133,0.00584093,3,0,0,2026-09-24,-0.0331,0.527197,OI down/unknown: skip,TAKE,2026-09-24 18:10:00,2026-09-24,False,1408.2
X3,XRP,2026-07-28 02:00:00,short,ACC,PW,1.0823,1.0571,1.0862,0.9698,2.75281,closed,2026-07-29 05:15:00,-1,-1.02904,-1.0353,-1.02039,0.00584093,3,0,0,2026-09-24,-0.0331,0.527197,OI down/unknown: skip,SKIP,2026-09-24 18:10:00,2026-09-24,False,1408.2
X2,BNB,2026-07-30 13:00:00,long,ACC,PW,580.2,587.22,578.59,604.48,1.46964,closed,2026-07-31 13:00:00,0.65701,0.601199,0.589575,0.617266,0.0127372,3,0,0,2026-09-24,-0.018089,0.105434,,TAKE,2026-09-24 18:10:00,2026-09-24,False,1349.2
X3,BNB,2026-07-30 13:00:00,long,ACC,PW,580.2,587.22,578.59,613.11,1.46964,closed,2026-08-01 13:00:00,-1,-1.06369,-1.07517,-1.04782,0.0211379,6,0,0,2026-09-24,-0.018089,0.105434,,TAKE,2026-09-24 18:10:00,2026-09-24,False,1349.2
X2,BNB,2026-08-05 01:45:00,long,FSB,PW,596.6,603.48,592.59,625.26,1.80453,closed,2026-08-05 23:00:00,-1,-1.03661,-1.04594,-1.0237,0.00200938,2,0,0,2026-09-24,0.041976,0.132653,,TAKE,2026-09-24 18:10:00,2026-09-24,False,1216.4
X3,BNB,2026-08-05 01:45:00,long,FSB,PW,596.6,603.48,592.59,636.15,1.80453,closed,2026-08-05 23:00:00,-1,-1.03661,-1.04594,-1.0237,0.00200938,2,0,0,2026-09-24,0.041976,0.132653,,TAKE,2026-09-24 18:10:00,2026-09-24,False,1216.4
X2,XRP,2026-08-06 04:00:00,short,FSB,PW,1.0445,1.0408,1.0492,1.024,0.807071,closed,2026-08-06 05:15:00,-1,-1.07838,-1.09952,-1.04914,-0,0,0,0,2026-09-24,0.083118,0.765552,OI up 7d: ok,TAKE,2026-09-24 18:10:00,2026-09-24,False,1190.2
X3,XRP,2026-08-06 04:00:00,short,FSB,PW,1.0445,1.0408,1.0492,1.0156,0.807071,closed,2026-08-06 05:15:00,-1,-1.07838,-1.09952,-1.04914,-0,0,0,0,2026-09-24,0.083118,0.765552,OI up 7d: ok,TAKE,2026-09-24 18:10:00,2026-09-24,False,1190.2
X2,XRP,2026-08-06 21:00:00,short,ACC,PW,1.0445,1.0328,1.0486,1.0012,1.52982,closed,2026-08-07 21:00:00,0.487342,0.441782,0.430711,0.457086,0.0045319,3,0,0,2026-09-24,0.117909,0.775766,OI up 7d: ok,TAKE,2026-09-24 18:10:00,2026-09-24,False,1173.2
X3,XRP,2026-08-06 21:00:00,short,ACC,PW,1.0445,1.0328,1.0486,0.9854,1.52982,closed,2026-08-13 21:00:00,1.53797,1.56141,1.55043,1.57659,-0.0641349,21,0,0,2026-09-24,0.117909,0.775766,OI up 7d: ok,TAKE,2026-09-24 18:10:00,2026-09-24,False,1173.2
X2,XRP,2026-08-11 06:45:00,short,FSB,PW,1.012,1.0046,1.0161,0.9816,1.14473,closed,2026-08-11 17:45:00,-1,-1.05822,-1.07316,-1.03757,0.00287054,2,0,0,2026-09-24,0.243876,0.943852,OI up 7d: ok,TAKE,2026-09-24 18:10:00,2026-09-24,False,1067.4
X2,BNB,2026-08-11 23:30:00,long,FSB,PW,612.46,615.5,605.82,634.86,1.57271,closed,2026-08-12 23:30:00,-0.51343,-0.559041,-0.569807,-0.544159,0.00571436,3,0,0,2026-09-24,0.049003,0.036642,,TAKE,2026-09-24 18:10:00,2026-09-24,False,1050.7
X3,BNB,2026-08-11 23:30:00,long,FSB,PW,612.46,615.5,605.82,644.54,1.57271,closed,2026-08-13 16:45:00,-1,-1.04546,-1.05618,-1.03063,0.00571436,6,0,0,2026-09-24,0.049003,0.036642,,TAKE,2026-09-24 18:10:00,2026-09-24,False,1050.7
X2,BTC,2026-08-19 15:00:00,long,FSB,SW,65482.7,65499.9,65318,65863.7,0.27771,closed,2026-08-19 15:15:00,2,1.77251,1.71113,1.85737,0,0,0,0,2026-09-24,0.016741,0.192934,crowded long (info),TAKE,2026-09-24 18:10:00,2026-09-24,False,867.2
X3,BTC,2026-08-19 15:00:00,long,FSB,SW,65482.7,65499.9,65318,66045.6,0.27771,closed,2026-08-19 15:15:00,3,2.7722,2.71073,2.85717,0,0,0,0,2026-09-24,0.016741,0.192934,crowded long (info),TAKE,2026-09-24 18:10:00,2026-09-24,False,867.2
X2,ETH,2026-08-19 16:00:00,long,ACC,PW,1931.5,2085.16,1921.6,2412.28,7.844,closed,2026-08-20 16:00:00,1.46711,1.45479,1.4525,1.45796,0.00382458,3,0,0,2026-09-24,0.057515,0.433643,crowded long (info),TAKE,2026-09-24 18:10:00,2026-09-24,False,866.2
X3,ETH,2026-08-19 16:00:00,long,ACC,PW,1931.5,2085.16,1921.6,2575.84,7.844,closed,2026-08-26 16:00:00,2.22432,2.19098,2.18862,2.19423,0.0246127,21,0,0,2026-09-24,0.057515,0.433643,crowded long (info),TAKE,2026-09-24 18:10:00,2026-09-24,False,866.2
X2,BTC,2026-08-19 18:00:00,long,ACC,PW,65373.6,68170.6,64984.1,74543.6,4.6743,closed,2026-08-20 18:00:00,1.41974,1.39959,1.39584,1.40479,0.00622061,3,0,0,2026-09-24,0.002301,0.129707,,TAKE,2026-09-24 18:10:00,2026-09-24,False,864.2
X3,BTC,2026-08-19 18:00:00,long,ACC,PW,65373.6,68170.6,64984.1,77730.1,4.6743,closed,2026-08-21 08:45:00,3,2.97705,2.97316,2.98243,0.00852641,5,0,0,2026-09-24,0.002301,0.129707,,TAKE,2026-09-24 18:10:00,2026-09-24,False,864.2
X2,XRP,2026-08-19 19:00:00,long,ACC,PW,1.0407,1.0688,1.0301,1.1462,3.62088,closed,2026-08-20 08:45:00,2,1.97645,1.97158,1.98317,0.00552351,2,0,0,2026-09-24,0.033888,0.340593,crowded long (info),TAKE,2026-09-24 18:10:00,2026-09-24,False,863.2
X3,XRP,2026-08-19 19:00:00,long,ACC,PW,1.0407,1.0688,1.0301,1.1849,3.62088,closed,2026-08-20 11:45:00,3,2.97613,2.97118,2.98298,0.00552351,2,0,0,2026-09-24,0.033888,0.340593,crowded long (info),TAKE,2026-09-24 18:10:00,2026-09-24,False,863.2
X2,BNB,2026-08-20 00:00:00,long,ACC,PW,620.88,627.97,616.73,650.45,1.78989,closed,2026-08-20 15:45:00,2,1.96036,1.9507,1.97373,0.00380916,1,0,0,2026-09-24,-0.006627,0.206497,crowded long (info),TAKE,2026-09-24 18:10:00,2026-09-24,False,858.2
X3,BNB,2026-08-20 00:00:00,long,ACC,PW,620.88,627.97,616.73,661.69,1.78989,closed,2026-08-21 01:45:00,3,2.95157,2.94182,2.96505,0.012289,3,0,0,2026-09-24,-0.006627,0.206497,crowded long (info),TAKE,2026-09-24 18:10:00,2026-09-24,False,858.2
X2,XRP,2026-08-20 11:30:00,long,FSB,SW,1.1641,1.1666,1.1543,1.1912,1.05435,closed,2026-08-20 11:45:00,2,1.93962,1.92332,1.96214,0,0,0,0,2026-09-24,-0.113731,0.468721,crowded long (info),TAKE,2026-09-24 18:10:00,2026-09-24,False,846.7
X2,XRP,2026-08-20 13:15:00,long,FSB,SW,1.1838,1.1971,1.1774,1.2365,1.64564,closed,2026-08-20 14:15:00,2,1.96109,1.95059,1.9756,0,0,0,0,2026-09-24,-0.13793,0.449954,crowded long (info),TAKE,2026-09-24 18:10:00,2026-09-24,False,844.9
X3,XRP,2026-08-20 13:15:00,long,FSB,SW,1.1838,1.1971,1.1774,1.2562,1.64564,closed,2026-08-20 15:15:00,3,2.96077,2.95019,2.9754,0,0,0,0,2026-09-24,-0.13793,0.449954,crowded long (info),TAKE,2026-09-24 18:10:00,2026-09-24,False,844.9
X2,XRP,2026-08-20 15:00:00,long,ACC,SW,1.1838,1.2272,1.1564,1.3688,5.76923,closed,2026-08-21 09:00:00,2,1.98325,1.98013,1.98756,0.0052,3,0,0,2026-09-24,-0.148565,0.513438,crowded long (info),TAKE,2026-09-24 18:10:00,2026-09-24,False,843.2
X3,XRP,2026-08-21 07:00:00,long,ACC,SW,1.293,1.2984,1.2838,1.3422,1.12446,closed,2026-08-21 08:15:00,3,2.93413,2.91876,2.95539,0.00889315,1,0,0,2026-09-24,-0.119632,0.340593,crowded long (info),TAKE,2026-09-24 18:10:00,2026-09-24,False,827.2
X2,XRP,2026-08-21 10:00:00,long,FSB,SW,1.3654,1.3999,1.3372,1.5253,4.47889,closed,2026-08-22 02:45:00,2,1.98084,1.97687,1.98632,0.00446539,2,0,0,2026-09-24,-0.116162,0.769926,crowded long (info),TAKE,2026-09-24 18:10:00,2026-09-24,False,824.2
X3,XRP,2026-08-21 10:00:00,long,FSB,SW,1.3654,1.3999,1.3372,1.588,4.47889,closed,2026-08-22 03:30:00,3,2.98052,2.97647,2.98612,0.00446539,2,0,0,2026-09-24,-0.116162,0.769926,crowded long (info),TAKE,2026-09-24 18:10:00,2026-09-24,False,824.2
X2,ETH,2026-08-21 21:15:00,long,FSB,SW,2422.52,2449.47,2356,2636.41,3.81593,closed,2026-08-22 21:15:00,-0.406013,-0.430256,-0.434677,-0.424146,0.00786178,3,0,0,2026-09-24,0.029725,0.603336,crowded long (info),TAKE,2026-09-24 18:10:00,2026-09-24,False,812.9
X2,XRP,2026-08-22 03:30:00,long,FSB,SW,1.5488,1.5593,1.5419,1.5941,1.11589,closed,2026-08-22 04:30:00,2,1.94291,1.92751,1.96421,0,0,0,0,2026-09-24,-0.159977,0.238647,crowded long (info),TAKE,2026-09-24 18:10:00,2026-09-24,False,806.7
X2,BTC,2026-08-24 14:45:00,long,FSB,PW,79555.5,79670,78842.6,81324.8,1.03853,closed,2026-08-24 16:00:00,-1,-1.06998,-1.08626,-1.04747,0.00962896,1,0,0,2026-09-24,-0.004123,0.016729,,TAKE,2026-09-24 18:10:00,2026-09-24,False,747.4
X3,BTC,2026-08-24 14:45:00,long,FSB,PW,79555.5,79670,78842.6,82152.2,1.03853,closed,2026-08-24 16:00:00,-1,-1.06998,-1.08626,-1.04747,0.00962896,1,0,0,2026-09-24,-0.004123,0.016729,,TAKE,2026-09-24 18:10:00,2026-09-24,False,747.4
X2,BTC,2026-08-25 04:00:00,long,ACC,PW,79555.5,80457.6,78675.7,84021.4,2.21471,closed,2026-08-25 12:15:00,-1,-1.03265,-1.04024,-1.02215,0.00451527,1,0,0,2026-09-24,0.017462,0.000929,,TAKE,2026-09-24 18:10:00,2026-09-24,False,734.2
X3,BTC,2026-08-25 04:00:00,long,ACC,PW,79555.5,80457.6,78675.7,85803.3,2.21471,closed,2026-08-25 12:15:00,-1,-1.03265,-1.04024,-1.02215,0.00451527,1,0,0,2026-09-24,0.017462,0.000929,,TAKE,2026-09-24 18:10:00,2026-09-24,False,734.2
X2,BNB,2026-09-01 18:45:00,short,FSB,PW,679.3,678.8,682.31,671.78,0.517089,closed,2026-09-01 23:45:00,-1,-1.12215,-1.15511,-1.07659,-0,0,0,0,2026-09-24,-0.01619,0.28962,OI down/unknown: skip,TAKE,2026-09-24 18:10:00,2026-09-24,False,551.4
X3,BNB,2026-09-01 18:45:00,short,FSB,PW,679.3,678.8,682.31,668.27,0.517089,closed,2026-09-01 23:45:00,-1,-1.12215,-1.15511,-1.07659,-0,0,0,0,2026-09-24,-0.01619,0.28962,OI down/unknown: skip,SKIP,2026-09-24 18:10:00,2026-09-24,False,551.4
X2,XRP,2026-09-02 02:00:00,short,FSB,PW,1.3335,1.3312,1.3423,1.309,0.833834,closed,2026-09-02 02:30:00,-1,-1.07587,-1.09634,-1.04757,-0,0,0,0,2026-09-24,-0.021446,0.218794,OI down/unknown: skip,TAKE,2026-09-24 18:10:00,2026-09-24,False,544.2
X3,XRP,2026-09-02 02:00:00,short,FSB,PW,1.3335,1.3312,1.3423,1.2979,0.833834,closed,2026-09-02 02:30:00,-1,-1.07587,-1.09634,-1.04757,-0,0,0,0,2026-09-24,-0.021446,0.218794,OI down/unknown: skip,SKIP,2026-09-24 18:10:00,2026-09-24,False,544.2
X2,ETH,2026-09-02 09:30:00,short,FSB,PW,2384.2,2381.7,2429.33,2286.44,1.99983,closed,2026-09-03 09:30:00,-0.342221,-0.363173,-0.371703,-0.351382,-0.0106587,0,3,0,2026-09-24,-0.028721,0.993976,OI down/unknown: skip,TAKE,2026-09-24 18:10:00,2026-09-24,False,536.7
X3,ETH,2026-09-02 09:30:00,short,FSB,PW,2384.2,2381.7,2429.33,2238.81,1.99983,closed,2026-09-03 13:45:00,-1,-1.02116,-1.02974,-1.00929,-0.0106587,0,3,0,2026-09-24,-0.028721,0.993976,OI down/unknown: skip,SKIP,2026-09-24 18:10:00,2026-09-24,False,536.7
X2,BTC,2026-09-02 11:00:00,short,FSB,PW,76649,76368,77767.8,73568.4,1.83297,closed,2026-09-03 02:45:00,-1,-1.0264,-1.03576,-1.01346,-0.00828916,0,2,0,2026-09-24,0.032946,0.252676,OI up 7d: ok,TAKE,2026-09-24 18:10:00,2026-09-24,False,535.2
X3,BTC,2026-09-02 11:00:00,short,FSB,PW,76649,76368,77767.8,72168.6,1.83297,closed,2026-09-03 02:45:00,-1,-1.0264,-1.03576,-1.01346,-0.00828916,0,2,0,2026-09-24,0.032946,0.252676,OI up 7d: ok,TAKE,2026-09-24 18:10:00,2026-09-24,False,535.2
X2,XRP,2026-09-02 12:00:00,short,ACC,PW,1.3335,1.3244,1.3458,1.2816,1.61583,closed,2026-09-02 13:45:00,-1,-1.0393,-1.04991,-1.02464,-0,0,0,0,2026-09-24,-0.051164,0.148492,OI down/unknown: skip,TAKE,2026-09-24 18:10:00,2026-09-24,False,534.2
X3,XRP,2026-09-02 12:00:00,short,ACC,PW,1.3335,1.3244,1.3458,1.2602,1.61583,closed,2026-09-02 13:45:00,-1,-1.0393,-1.04991,-1.02464,-0,0,0,0,2026-09-24,-0.051164,0.148492,OI down/unknown: skip,SKIP,2026-09-24 18:10:00,2026-09-24,False,534.2
X2,BNB,2026-09-03 15:00:00,long,FSB,PW,719.8,720.2,716.65,727.3,0.492919,closed,2026-09-03 16:00:00,2,1.87156,1.8369,1.91947,0,0,1,0,2026-09-24,,,,TAKE,2026-09-24 18:10:00,2026-09-24,False,507.2
X3,BNB,2026-09-03 15:00:00,long,FSB,PW,719.8,720.2,716.65,730.85,0.492919,closed,2026-09-04 07:45:00,-1,-1.14971,-1.18411,-1.10215,0.0222101,0,2,0,2026-09-24,,,,TAKE,2026-09-24 18:10:00,2026-09-24,False,507.2
X2,BNB,2026-09-03 18:00:00,long,ACC,PW,719.8,722.28,711.4,744.04,1.50634,closed,2026-09-04 13:00:00,-1,-1.05781,-1.06901,-1.04233,0.016304,0,2,0,2026-09-24,,,,TAKE,2026-09-24 18:10:00,2026-09-24,False,504.2
X2,BTC,2026-09-03 20:00:00,long,FSB,PW,81500,81611.5,81132.5,82569.5,0.586927,closed,2026-09-03 22:30:00,-1,-1.10702,-1.1359,-1.0671,0,0,0,0,2026-09-24,0.023986,0.000465,,TAKE,2026-09-24 18:10:00,2026-09-24,False,502.2
X3,BTC,2026-09-03 20:00:00,long,FSB,PW,81500,81611.5,81132.5,83048.5,0.586927,closed,2026-09-03 22:30:00,-1,-1.10702,-1.1359,-1.0671,0,0,0,0,2026-09-24,0.023986,0.000465,,TAKE,2026-09-24 18:10:00,2026-09-24,False,502.2
X2,BNB,2026-09-05 12:00:00,long,ACC,SW,746.59,748.4,738.62,767.96,1.30679,closed,2026-09-05 13:15:00,2,1.95116,1.93798,1.96938,0,0,0,0,2026-09-24,0.04456,0.023456,,TAKE,2026-09-24 18:10:00,2026-09-24,False,462.2
X3,BNB,2026-09-05 12:00:00,long,ACC,SW,746.59,748.4,738.62,777.74,1.30679,closed,2026-09-05 17:00:00,3,2.94659,2.93333,2.96493,0.00425146,0,1,0,2026-09-24,0.04456,0.023456,,TAKE,2026-09-24 18:10:00,2026-09-24,False,462.2
X2,ETH,2026-09-11 17:00:00,long,ACC,PW,2547,2576.38,2488.76,2751.62,3.4009,closed,2026-09-12 17:00:00,-0.521456,-0.541074,-0.546028,-0.534225,0.00125721,0,3,0,2026-09-24,0.066499,0.511596,crowded long (info),TAKE,2026-09-24 18:10:00,2026-09-24,False,313.2
X3,ETH,2026-09-11 17:00:00,long,ACC,PW,2547,2576.38,2488.76,2839.24,3.4009,closed,2026-09-13 08:45:00,-1,-1.02182,-1.02673,-1.01502,0.00360637,0,5,0,2026-09-24,0.066499,0.511596,crowded long (info),TAKE,2026-09-24 18:10:00,2026-09-24,False,313.2
X2,ETH,2026-09-15 18:45:00,short,FSB,PW,2403.33,2388,2448.1,2267.8,2.51675,closed,2026-09-16 18:45:00,-0.339434,-0.362054,-0.368838,-0.352677,-0.00251922,0,3,0,2026-09-24,0.018776,1,OI up 7d: ok,TAKE,2026-09-24 18:10:00,2026-09-24,False,215.4
X3,ETH,2026-09-15 18:45:00,short,FSB,PW,2403.33,2388,2448.1,2207.7,2.51675,closed,2026-09-17 07:15:00,-1,-1.01885,-1.02569,-1.0094,-0.0064926,0,4,0,2026-09-24,0.018776,1,OI up 7d: ok,TAKE,2026-09-24 18:10:00,2026-09-24,False,215.4
X2,BTC,2026-09-15 19:00:00,short,FSB,PW,76000.3,75560,77323.6,72032.8,2.33404,closed,2026-09-16 19:00:00,-0.0229644,-0.0425006,-0.0497861,-0.0324295,-0.00746287,0,3,0,2026-09-24,-0.000625,0.709842,OI down/unknown: skip,TAKE,2026-09-24 18:10:00,2026-09-24,False,215.2
X3,BTC,2026-09-15 19:00:00,short,FSB,PW,76000.3,75560,77323.6,70269.2,2.33404,closed,2026-09-18 03:30:00,-1,-1.00828,-1.01564,-0.99809,-0.019031,0,7,0,2026-09-24,-0.000625,0.709842,OI down/unknown: skip,SKIP,2026-09-24 18:10:00,2026-09-24,False,215.2
X2,XRP,2026-09-15 20:15:00,short,FSB,PW,1.3153,1.2882,1.3418,1.181,4.16084,closed,2026-09-16 20:15:00,-0.343284,-0.359128,-0.363243,-0.35344,0.000594861,0,3,0,2026-09-24,-0.00289,0.034619,OI down/unknown: skip,TAKE,2026-09-24 18:10:00,2026-09-24,False,213.9
X3,XRP,2026-09-15 20:15:00,short,FSB,PW,1.3153,1.2882,1.3418,1.1274,4.16084,closed,2026-09-18 13:45:00,-1,-1.01408,-1.01825,-1.00832,-0.00137538,0,8,0,2026-09-24,-0.00289,0.034619,OI down/unknown: skip,SKIP,2026-09-24 18:10:00,2026-09-24,False,213.9
X2,BTC,2026-09-18 14:15:00,long,FSB,PW,80410.8,80486.5,79196.2,83067.1,1.60313,closed,2026-09-19 14:15:00,0.670232,0.616171,0.60551,0.630909,0.0145515,0,3,0,2026-09-24,0.015394,0.317464,crowded long (info),TAKE,2026-09-24 18:10:00,2026-09-24,False,147.9
X3,BTC,2026-09-18 14:15:00,long,FSB,PW,80410.8,80486.5,79196.2,84357.4,1.60313,closed,2026-09-21 09:30:00,3,2.91045,2.89959,2.92546,0.0493114,0,9,0,2026-09-24,0.015394,0.317464,crowded long (info),TAKE,2026-09-24 18:10:00,2026-09-24,False,147.9
X2,BNB,2026-09-18 18:15:00,long,FSB,PW,761.91,763,753.73,781.54,1.21494,closed,2026-09-19 18:15:00,-0.0226537,-0.0926115,-0.106602,-0.0732717,0.0181105,0,3,0,2026-09-24,0.025488,0.261761,crowded long (info),TAKE,2026-09-24 18:10:00,2026-09-24,False,143.9
X3,BNB,2026-09-18 18:15:00,long,FSB,PW,761.91,763,753.73,790.81,1.21494,closed,2026-09-20 03:00:00,-1,-1.07616,-1.09006,-1.05693,0.0246158,0,4,0,2026-09-24,0.025488,0.261761,crowded long (info),TAKE,2026-09-24 18:10:00,2026-09-24,False,143.9
X2,BNB,2026-09-21 01:15:00,long,FSB,SW,781.44,783.29,780.01,789.85,0.418747,closed,2026-09-21 01:15:00,-1,-1.15013,-1.19065,-1.09413,0,0,0,0,2026-09-24,0.047872,0.200047,crowded long (info),TAKE,2026-09-24 18:10:00,2026-09-24,False,88.9
X3,BNB,2026-09-21 01:15:00,long,FSB,SW,781.44,783.29,780.01,793.13,0.418747,closed,2026-09-21 01:15:00,-1,-1.15013,-1.19065,-1.09413,0,0,0,0,2026-09-24,0.047872,0.200047,crowded long (info),TAKE,2026-09-24 18:10:00,2026-09-24,False,88.9
X2,BTC,2026-09-21 08:30:00,long,FSB,PW,81933.9,82099.9,80819.4,84660.9,1.55969,closed,2026-09-21 09:45:00,2,1.95898,1.94791,1.97428,0,0,0,0,2026-09-24,0.029323,0.009289,,TAKE,2026-09-24 18:10:00,2026-09-24,False,81.7
X2,ETH,2026-09-21 08:45:00,long,FSB,PW,2669,2708,2642.37,2839.26,2.42356,closed,2026-09-22 08:45:00,0.567576,0.534902,0.52784,0.544665,0.00649989,0,3,0,2026-09-24,0.025037,0.427577,crowded long (info),TAKE,2026-09-24 18:10:00,2026-09-24,False,81.4
X3,ETH,2026-09-21 08:45:00,long,FSB,PW,2669,2708,2642.37,2904.89,2.42356,closed,2026-09-23 16:15:00,-1,-1.04487,-1.0518,-1.0353,0.0191952,0,7,0,2026-09-24,0.025037,0.427577,crowded long (info),TAKE,2026-09-24 18:10:00,2026-09-24,False,81.4
X2,BNB,2026-09-21 09:45:00,long,FSB,PW,778.51,785.58,766.53,823.68,2.42496,closed,2026-09-22 09:45:00,0.124409,0.0863908,0.0793698,0.0960963,0.0119996,0,3,0,2026-09-24,0.049225,0.078482,,TAKE,2026-09-24 18:10:00,2026-09-24,False,80.4
X3,BNB,2026-09-21 09:45:00,long,FSB,PW,778.51,785.58,766.53,842.73,2.42496,closed,2026-09-23 14:15:00,-1,-1.04231,-1.04924,-1.03274,0.0166448,0,6,0,2026-09-24,0.049225,0.078482,,TAKE,2026-09-24 18:10:00,2026-09-24,False,80.4
X2,XRP,2026-09-21 11:15:00,long,FSB,PW,1.4916,1.4947,1.4838,1.5165,0.729243,closed,2026-09-21 12:15:00,-1,-1.08608,-1.1093,-1.05397,0,0,0,0,2026-09-24,0.162705,0.017201,,TAKE,2026-09-24 18:10:00,2026-09-24,False,78.9
X3,XRP,2026-09-21 11:15:00,long,FSB,PW,1.4916,1.4947,1.4838,1.5274,0.729243,closed,2026-09-21 12:15:00,-1,-1.08608,-1.1093,-1.05397,0,0,0,0,2026-09-24,0.162705,0.017201,,TAKE,2026-09-24 18:10:00,2026-09-24,False,78.9
X2,BTC,2026-09-21 12:00:00,long,ACC,PW,81933.9,84849.9,81697.2,91155.3,3.71562,closed,2026-09-22 12:00:00,0.348971,0.324796,0.320191,0.331161,0.00710958,0,3,0,2026-09-24,0.039467,0.017418,,TAKE,2026-09-24 18:10:00,2026-09-24,False,78.2
X3,BTC,2026-09-21 12:00:00,long,ACC,PW,81933.9,84849.9,81697.2,94308,3.71562,open,2026-09-24 00:00:00,-0.156945,-0.183876,-0.188438,-0.17757,0.0100255,0,8,0,2026-09-24,0.039467,0.017418,,TAKE,2026-09-24 18:10:00,2026-09-24,False,78.2
X2,XRP,2026-09-21 21:00:00,long,ACC,PW,1.4916,1.5329,1.4874,1.6239,2.96823,closed,2026-09-22 21:00:00,0.852747,0.821147,0.815347,0.829164,0.010107,0,3,0,2026-09-24,0.131629,0.015807,,TAKE,2026-09-24 18:10:00,2026-09-24,False,69.2
X3,XRP,2026-09-21 21:00:00,long,ACC,PW,1.4916,1.5329,1.4874,1.6694,2.96823,closed,2026-09-23 16:15:00,-1,-1.04053,-1.04618,-1.03273,0.0196246,0,6,0,2026-09-24,0.131629,0.015807,,TAKE,2026-09-24 18:10:00,2026-09-24,False,69.2
