open_time,open,high,low,close,volume,taker_buy_base,taker_buy_quote
1748563200000,33.38700,34.34800,31.36900,32.81600,3866226.57,1975236.82,65070834.2252500
1748649600000,32.83000,33.66300,30.72400,32.67100,5212805.58,2613130.50,84223633.5077900
1748736000000,32.67100,34.27900,31.50500,34.15200,3206031.45,1658926.94,54244752.9878000
1748822400000,34.15600,36.66000,32.41700,36.47400,4454011.49,2227502.72,76011016.8847200
1748908800000,36.47700,38.23800,35.65800,36.09200,5754781.17,2860074.68,105717881.3762100
1748995200000,36.09300,37.24000,34.47900,35.63200,5221223.40,2610641.85,94488986.0420600
1749081600000,35.64000,36.42600,32.62600,34.02400,6408548.66,3138339.91,108091839.3624900
1749168000000,34.02500,35.61300,33.08100,33.33300,5013806.94,2509854.75,86446151.6074500
1749254400000,33.33400,35.16200,33.01000,34.92100,2809657.95,1357368.82,46440190.4521500
1749340800000,34.91700,36.32800,34.49100,34.98400,3271157.06,1612495.64,57063247.9316400
1749427200000,34.98700,39.16600,34.70600,38.84800,6898520.09,3510863.46,129918411.6091900
1749513600000,38.84800,42.41100,38.40400,42.24100,9124540.17,4588059.90,185205999.1431400
1749600000000,42.24000,44.08800,40.71000,41.82800,7589698.18,3861522.08,163067930.3479000
1749686400000,41.82300,43.91300,40.30000,40.51600,9401867.95,4501632.85,188344325.0243800
1749772800000,40.52000,43.06500,37.33800,42.29700,16860067.90,8255778.45,328946463.1611500
1749859200000,42.29900,42.72300,38.86700,40.13000,7391611.45,3566827.75,146440134.3679600
1749945600000,40.13000,41.47800,39.68400,41.19300,6187277.84,3009827.95,122306843.7350100
1750032000000,41.19100,45.84600,40.68600,41.91800,12652591.02,6282643.34,275467880.7341300
1750118400000,41.92000,43.54100,38.31400,39.96800,16344283.26,8048321.88,327306888.6572400
1750204800000,39.96800,41.12200,37.56100,39.48000,15304531.32,7368196.47,289187012.5128100
1750291200000,39.47600,40.00000,35.80000,36.87600,12321573.01,5993638.62,223613990.2805000
1750377600000,36.87700,37.90100,33.07400,33.38700,16615184.89,8149597.68,289159515.7646500
1750464000000,33.38800,35.31200,30.91300,34.42100,15063399.40,7374749.11,246331660.4847400
1750550400000,34.41900,36.06500,31.60000,35.75400,21995077.03,10976374.55,369857177.9523400
1750636800000,35.76100,38.48500,33.27200,38.17500,20158301.32,10070549.88,362250246.8605100
1750723200000,38.17800,38.93600,36.25000,37.51200,12649596.36,6094368.14,227637690.7176800
1750809600000,37.51300,39.09600,36.67700,37.01600,10160149.13,4963513.88,187727099.4433700
1750896000000,37.01700,38.10400,35.73500,35.80300,9364452.83,4438225.83,164886207.3906400
1750982400000,35.80200,37.28500,35.34700,36.62200,5586862.23,2776634.29,101360495.0456500
1751068800000,36.62300,37.90700,36.21900,37.79800,3212373.58,1578302.09,58480878.1436700
1751155200000,37.79900,39.90100,37.48900,39.77500,5358852.29,2767342.69,106735349.4686100
1751241600000,39.77800,41.26900,39.15600,39.55000,8197865.10,3944621.79,158557888.6574100
1751328000000,39.55600,39.80900,36.83900,36.90900,8575987.39,4109187.56,158056431.8030600
1751414400000,36.91000,40.38000,36.80900,39.87700,7829646.81,3869614.74,149401061.3387900
1751500800000,39.87700,41.21800,39.55300,40.25400,5930628.57,2840852.29,114652804.9563100
1751587200000,40.25300,40.43700,37.54500,38.96200,6128319.75,2998426.26,115897058.4059100
1751673600000,38.96100,39.62400,38.27400,39.14300,3739084.06,1829867.09,71511208.8314400
1751760000000,39.13700,40.03200,38.58600,39.82900,3982024.06,1982216.56,77908523.4178300
1751846400000,39.82900,40.16100,38.19400,38.54600,4577650.00,2222315.91,87365330.5964100
1751932800000,38.54700,39.07900,36.95200,38.80600,6051103.59,2993846.00,113737339.1175500
1752019200000,38.80300,41.04900,38.73100,40.67300,5172539.44,2655758.14,105509171.7580100
1752105600000,40.67100,44.09600,40.50200,43.81300,5949804.44,3056644.85,129047702.6792800
1752192000000,43.81800,46.93900,43.38300,46.38300,6914263.56,3438102.80,156336347.4831100
1752278400000,46.38200,47.41200,45.08800,47.09000,4831768.26,2348913.51,108797235.1077600
1752364800000,47.09000,49.30700,46.93800,48.95000,3958818.71,2037568.42,98121090.0138900
1752451200000,48.94200,49.92300,46.50400,47.60800,5564265.67,2698443.35,130392797.4208300
1752537600000,47.60700,48.39600,46.64900,47.86700,5544850.61,2726876.13,129638408.8316900
1752624000000,47.86500,48.58600,46.45400,46.98700,5145272.18,2467340.98,117719122.9216300
1752710400000,46.98900,47.38200,44.45000,45.59000,7569714.10,3553822.00,164367668.4057400
1752796800000,45.58900,47.43900,43.04500,44.33100,8317366.71,3975551.22,179882635.4881300
1752883200000,44.33200,45.29800,43.99100,44.48000,3456873.91,1713727.22,76587574.0534200
1752969600000,44.47800,47.40500,44.18700,45.99700,4561511.48,2206644.92,101265875.6844400
1753056000000,45.99100,47.82300,44.06400,44.32900,7075047.83,3441182.22,158236090.8092000
1753142400000,44.32400,46.32700,43.06600,46.27400,8859915.15,4341640.26,192631717.1113900
1753228800000,46.27300,46.33800,42.38800,43.70500,8127544.16,3885679.68,170331753.5448100
1753315200000,43.70500,44.39400,41.46300,42.07500,6568711.22,3132502.66,133952704.7608300
1753401600000,42.07600,44.19200,41.12200,44.12800,6254485.09,3104769.50,131811169.4677000
1753488000000,44.12800,44.90600,43.32700,43.36300,2896862.22,1378894.25,60962537.8459600
1753574400000,43.36500,44.33300,42.40200,43.64900,3693814.44,1803148.49,78123583.7009900
1753660800000,43.65500,46.09500,42.63000,43.74200,9012464.12,4326921.87,192752533.8274000
1753747200000,43.74100,45.29000,42.44800,43.48500,10500434.66,5093161.05,222265535.2601600
1753833600000,43.48500,43.72900,40.69000,42.22100,6860552.23,3348711.26,142431571.3706800
1753920000000,42.22500,44.72100,40.64000,40.82600,7623677.47,3662615.37,157081771.2187600
1754006400000,40.82400,41.63500,36.32300,37.61300,13887673.99,6650280.92,259132526.1790000
1754092800000,37.61500,38.72900,35.49300,36.89600,7651094.83,3828042.17,143102078.6059700
1754179200000,36.89800,39.29900,36.41500,38.18000,5953155.77,3018073.40,114934241.2050800
1754265600000,38.18000,39.46200,37.24800,38.80400,7513609.92,3660735.11,140361011.7179000
1754352000000,38.80300,39.86800,37.37200,38.49700,8261895.48,3909010.35,151318499.6569900
1754438400000,38.49700,39.25800,36.85500,38.07900,5733056.73,2758890.63,104602444.9041700
1754524800000,38.07700,40.98300,37.57700,40.89700,5339771.28,2649714.70,103837303.0859500
1754611200000,40.89700,41.75600,40.11000,40.99200,5286611.46,2502135.64,102465501.3261400
1754697600000,40.99200,44.74100,40.54600,43.66600,6278742.61,3110674.58,134060034.7620900
1754784000000,43.66600,45.44600,42.81300,45.26900,4541058.64,2176139.88,96196391.3620000
1754870400000,45.27000,46.79900,42.57800,43.16700,6260046.24,2938090.71,131830277.1587600
1754956800000,43.16700,45.87000,42.15300,44.72500,7406267.58,3635767.10,159637009.0362200
1755043200000,44.72600,48.02100,43.00200,47.63100,10505672.48,5121688.60,234286263.5168400
1755129600000,47.62800,48.88000,43.62700,45.44200,13352853.53,6342662.66,290715888.3883000
1755216000000,45.44100,49.56400,45.30900,47.79500,13665308.05,6506748.67,309742924.4223000
1755302400000,47.79500,48.27800,46.13900,46.29600,4118055.16,1996159.90,93956472.4691400
1755388800000,46.29600,47.78600,45.78800,46.04000,4180938.24,1983738.28,92850623.0059100
1755475200000,46.04100,46.17200,42.94000,43.32100,8702381.82,4146437.91,182259082.6373900
1755561600000,43.32100,44.17800,40.93900,41.30300,9861723.55,4613049.65,196623533.7887500
1755648000000,41.30400,43.27500,40.59600,42.99900,8083620.37,3842532.68,161469598.2224000
1755734400000,42.99900,43.45100,40.41500,40.45400,6250532.56,3009642.93,125427941.1823000
1755820800000,40.45200,45.53200,40.45100,45.33500,8652690.46,4289639.72,184709509.3693800
1755907200000,45.33500,45.35500,43.29600,44.91000,4615174.35,2171700.82,95796364.6301000
1755993600000,44.91000,47.00000,43.42000,46.06100,7025440.32,3391833.85,153102158.2119400
1756080000000,46.06100,47.40600,42.54200,42.97600,12431671.50,5879713.77,265286645.4156500
1756166400000,42.97900,49.78200,42.35700,48.79400,11739153.94,5963136.51,278020009.2952700
1756252800000,48.79600,51.25400,46.85500,47.04000,15051141.91,7242917.73,358611247.3245600
1756339200000,47.03900,49.05000,45.56200,45.60800,10406687.29,4911661.21,233048851.1127600
1756425600000,45.60900,46.14600,43.31800,44.43200,10647014.38,5148012.01,230170971.5467900
1756512000000,44.43400,44.92100,43.26600,44.06600,3843280.06,1837880.09,80865780.6737900
1756598400000,44.06600,45.36700,44.03400,44.28000,3227527.99,1626325.10,72659050.6231000
1756684800000,44.28400,45.48000,42.50400,43.12600,5882363.58,2762620.15,121837152.0639500
1756771200000,43.12900,45.07900,42.95900,44.90100,4988492.68,2443161.85,108036206.5731100
1756857600000,44.90200,46.51800,44.26600,45.88300,4629644.67,2311285.15,105316165.0981400
1756944000000,45.88300,46.44900,44.43100,45.37300,4327086.91,1986314.17,90298872.2486600
1757030400000,45.37200,47.78000,45.07900,47.27100,7702818.20,3847305.85,179511007.6209300
1757116800000,47.27100,47.89500,45.43900,46.01500,3696494.29,1859854.70,86924463.8991500
1757203200000,46.01500,47.72000,46.00000,47.11300,3386348.31,1685984.28,79309011.9038300
1757289600000,47.11200,51.97300,46.97000,50.90100,9908207.84,4908985.34,247086910.9679200
1757376000000,50.90000,55.35900,50.53800,53.31500,13086414.13,6619718.74,353714024.2916700
1757462400000,53.31500,56.12100,52.57500,55.49400,10033342.74,4922294.30,269513377.8406000
1757548800000,55.48900,57.20000,53.03000,57.05400,9717582.20,4739624.42,260503920.5036800
1757635200000,57.05500,57.49900,54.73800,55.25500,7775251.39,3609207.54,202722847.7058500
1757721600000,55.25500,56.87000,54.16500,54.45600,6670290.38,3117791.62,172710043.9340500
1757808000000,54.45700,55.32400,53.53000,53.68800,6037887.51,2801490.45,152406519.8695400
1757894400000,53.68800,54.64400,52.05400,54.00000,6446938.51,3030924.26,161579711.5524500
1757980800000,54.00000,54.61500,52.28100,54.45600,6333337.25,3031285.32,162350574.3850600
1758067200000,54.45600,58.04100,53.85000,57.76600,8392470.35,4223815.07,234221003.0304400
1758153600000,57.76700,59.63000,57.31200,58.68100,7544559.26,3774763.35,220602567.8900500
1758240000000,58.68100,59.35100,55.24000,56.18100,7215125.72,3623062.21,205318073.5316700
1758326400000,56.18100,56.66600,53.85000,54.25000,5081681.02,2467365.92,136718598.9962000
1758412800000,54.24900,54.38900,50.63500,50.89000,9294341.00,4150478.52,217472919.2546000
1758499200000,50.89000,51.33700,45.99000,47.27800,15061516.27,7004736.75,342195122.7925800
1758585600000,47.27800,48.94600,44.36400,44.67100,13257944.77,6428819.10,300293227.9171100
1758672000000,44.67200,46.81800,43.27400,45.64600,14222801.65,6679418.75,300900196.7736400
1758758400000,45.65600,46.01900,39.72000,40.41400,21471605.70,9961138.40,421448932.9282500
1758844800000,40.41300,45.67800,40.38100,44.82700,15957766.53,7773602.69,335132262.9327100
1758931200000,44.82500,46.60100,43.06700,45.75000,10445768.26,5009836.15,224505507.4399600
1759017600000,45.75100,47.33000,42.91200,47.17100,9090557.33,4419846.46,200075712.7521600
1759104000000,47.17700,48.12400,44.96400,46.19000,10783905.27,5089060.05,237567007.9076000
1759190400000,46.19000,47.05400,43.50600,45.22000,12392814.84,5902548.45,265088082.7730600
1759276800000,45.22100,48.10600,44.57500,47.23300,9087535.83,4433443.21,206623367.8970700
1759363200000,47.22800,51.08900,46.99300,50.81100,10450713.67,5096678.04,251333447.7606000
1759449600000,50.81200,50.87800,48.38700,49.43100,10443415.08,5154712.10,256574373.7467100
1759536000000,49.43100,49.59000,47.66600,49.12100,6571499.58,3144538.92,152745235.7558500
1759622400000,49.12100,51.49600,47.33300,48.19500,10277821.04,4873294.11,240590341.8224700
1759708800000,48.19500,49.73600,47.20000,47.21300,9068653.86,4404202.33,214088381.6208600
1759795200000,47.21200,47.74800,44.52600,45.12300,12036066.25,5635456.83,258590969.5487900
1759881600000,45.12400,47.35200,44.84000,46.64500,8439817.95,4041422.46,186829381.8985000
1759968000000,46.64500,46.80400,42.35900,43.96500,11079909.67,5265123.10,232895002.4222500
1760054400000,43.96600,46.06400,21.02900,37.73500,23086118.61,11151416.03,445233447.1836600
1760140800000,37.73500,40.99000,35.18800,36.82800,19662765.77,9943514.56,379874674.3524000
1760227200000,36.82500,40.92300,35.90500,39.62100,17133791.99,8441535.90,325527653.0411000
1760313600000,39.62000,43.62500,38.17700,42.42400,18733778.47,9062385.47,371143992.3351500
1760400000000,42.42700,43.16900,37.34900,39.39000,17627020.57,8348468.56,330238339.6371400
1760486400000,39.39300,41.18900,36.81500,37.36400,12084959.72,5606045.68,219742279.7346300
1760572800000,37.36200,39.45900,36.27600,36.79400,13276563.59,6343313.03,239144701.1223300
1760659200000,36.79500,37.54100,33.27900,35.46200,19534396.43,9521009.61,333731136.9019600
1760745600000,35.46200,36.91000,34.61400,36.86200,8138637.50,3905892.03,139527552.0165300
1760832000000,36.86200,38.51300,35.68000,37.39800,8683509.65,4312214.51,160732717.3593900
1760918400000,37.39900,39.57400,36.70000,37.93900,11166044.52,5419941.96,207196505.2060500
1761004800000,37.93600,38.36000,35.14900,35.34600,15693881.72,7472923.00,273745116.2521300
1761091200000,35.34500,36.83100,34.45400,36.23300,15476507.20,7523391.67,267494393.1867200
1761177600000,36.22700,40.79800,36.14800,40.19800,17485054.93,8694902.47,339256435.7108600
1761264000000,40.19900,40.88300,38.67300,39.28800,9091132.46,4502238.53,179070037.1819300
1761350400000,39.28900,44.65700,38.86100,44.21300,8434551.47,4296117.19,179207836.8408100
1761436800000,44.21400,48.60400,43.51000,47.29500,14043833.94,7087946.84,328074017.2665500
1761523200000,47.30000,49.50000,45.39000,46.52000,16881575.02,8315744.83,394168997.0055900
1761609600000,46.51500,49.36500,45.93200,47.65700,12487144.34,5963834.82,283711906.4777800
1761696000000,47.65000,49.97100,45.50000,47.95200,16419466.39,7991271.21,382660268.7182300
1761782400000,47.95200,50.23800,42.66900,45.38900,22763206.73,10781458.85,499446443.3844700
1761868800000,45.38900,46.25000,42.35600,43.68500,13460717.30,6612155.22,291965905.3748200
1761955200000,43.68400,44.52300,42.64300,43.26200,7145661.81,3536616.90,154208002.2560000
1762041600000,43.26300,43.46500,41.09200,42.44300,9859660.59,4763282.47,200982762.9646900
1762128000000,42.44300,42.73000,38.25300,40.18700,17532798.91,8462944.39,342444368.9585300
1762214400000,40.18600,40.82900,35.40800,39.01200,26873202.74,13044327.96,494682581.4769200
1762300800000,39.01400,42.24000,37.50000,41.35700,13500964.00,6545132.91,264771788.9784500
1762387200000,41.35700,41.35700,37.58800,38.49800,11698731.22,5635596.96,221684357.1910100
1762473600000,38.49900,43.38800,38.00000,42.24300,13779442.15,6737118.21,271302548.4213000
1762560000000,42.24300,43.32700,39.67200,40.14500,8045886.53,3818277.56,156680433.1467900
1762646400000,40.14600,42.83400,39.20300,41.81300,6487192.51,3141003.77,127971435.9141500
1762732800000,41.81300,43.26400,40.82800,41.44300,7450370.56,3627493.95,152767200.5392300
1762819200000,41.44400,41.99500,38.44800,38.68200,7665114.58,3582802.88,144019131.4189300
1762905600000,38.68300,40.85900,37.45000,38.35600,10988682.77,5174511.71,201836766.6207900
1762992000000,38.35600,39.84600,36.60000,38.52700,11382663.98,5496060.18,210536661.7189100
1763078400000,38.52900,38.59800,36.00000,37.49200,15010437.46,7672671.35,286788793.5362900
1763164800000,37.49300,39.56000,37.31000,38.56700,5195503.04,2527251.69,97821687.1706400
1763251200000,38.56900,40.50200,37.45000,38.69900,9026204.07,4401921.55,170537348.5118300
1763337600000,38.69800,39.34100,37.10100,39.33500,10075734.63,4856644.37,185679592.3688200
1763424000000,39.33500,41.70900,38.23800,38.65300,16091732.80,7773951.69,309460670.4706400
1763510400000,38.65300,39.10700,37.12000,38.84200,9572215.75,4358534.52,166003150.4454400
1763596800000,38.84100,39.80000,37.34600,37.54100,9644665.98,4709789.96,181462241.9241200
1763683200000,37.54200,38.54700,31.66000,33.85000,30651059.80,14665318.82,499274915.6480000
1763769600000,33.85100,34.52400,29.35000,29.97700,16519924.74,7800652.49,247879892.0351800
1763856000000,29.97700,32.64200,29.61400,31.86300,15317052.57,7745154.09,242046528.7198400
1763942400000,31.86300,34.66000,30.40700,33.72800,17776949.85,8814667.19,283810668.1787500
1764028800000,33.72800,34.49600,31.78900,33.71700,15776204.27,7742967.23,254852340.2372100
1764115200000,33.71700,36.35900,33.01000,36.22200,11443357.50,5927064.35,204801497.0325500
1764201600000,36.22000,36.53700,34.45500,34.72300,7368169.92,3631026.08,128272274.6815500
1764288000000,34.72300,36.80900,33.76900,34.92400,11032129.96,5481499.57,192746947.3869600
1764374400000,34.92300,36.44900,34.00100,34.32900,11270791.25,5466640.46,191784554.4977200
1764460800000,34.33000,34.54900,31.82700,31.93400,8846948.99,4126147.84,138037991.8341700
1764547200000,31.93400,32.06700,29.13500,31.01000,17441174.92,8544863.51,260750525.8994200
1764633600000,31.01000,34.40600,30.34900,33.84800,15699363.52,7994663.85,258266203.3340500
1764720000000,33.84500,35.38500,33.34900,34.65000,10433008.97,5227996.91,179220316.7041200
1764806400000,34.65100,36.18900,33.06100,33.51900,9244861.07,4453339.16,154231594.8401500
1764892800000,33.51900,33.89000,30.45400,30.96500,12252270.55,5718525.97,181846044.9324600
1764979200000,30.96500,31.47300,30.56700,30.94600,5202214.63,2459444.92,76183970.2733000
1765065600000,30.94600,31.23700,28.11500,29.71900,15048076.45,7055872.02,207389871.9742300
1765152000000,29.71800,30.95100,28.63800,29.48400,13328629.87,6435085.46,192456428.8696700
1765238400000,29.48300,29.52700,27.43100,27.89600,18545102.90,8952797.50,253673238.6806700
1765324800000,27.89700,29.98500,27.61000,28.81700,15444977.54,7750821.44,225253110.6925800
1765411200000,28.81700,29.22100,26.86200,29.12800,14902714.68,7218878.51,202699636.5359200
1765497600000,29.12800,30.28400,28.30400,28.58800,15097721.10,7419572.30,217417236.3192800
1765584000000,28.58900,29.72400,27.89700,29.57600,8148446.48,3966867.62,113720809.5398100
1765670400000,29.57500,29.89600,28.23400,28.80600,9200978.24,4568078.23,133177108.2432800
1765756800000,28.80600,29.56400,27.09500,27.58300,12990782.74,6177387.55,174172238.4882000
1765843200000,27.58400,27.64800,26.03400,26.79000,13436885.94,6125734.09,164521547.1913100
1765929600000,26.79200,28.36000,24.18700,24.47300,21698969.09,10426810.77,274890364.9486900
1766016000000,24.47200,25.28800,22.40000,22.45800,20794151.80,10003613.60,240215611.0700600
1766102400000,22.45900,25.12600,22.18500,24.86200,15803911.25,7955189.58,189963297.1796800
1766188800000,24.86100,25.55000,23.80000,23.99200,7850159.89,3622983.38,89670945.6859100
1766275200000,23.99200,24.84100,23.55200,24.82500,8103845.34,3868693.86,93379861.8522300
1766361600000,24.82400,25.69800,24.38300,24.87100,9640201.30,4594030.49,114512294.9461100
1766448000000,24.87200,25.00000,23.63500,23.95600,7541871.12,3629158.05,88052365.8909300
1766534400000,23.95600,25.24400,23.61200,25.15600,6191152.93,3143673.49,76150127.1434700
1766620800000,25.15600,25.22900,24.17000,24.38400,5236020.87,2530029.50,62684415.0643000
1766707200000,24.38300,25.89000,24.34700,25.77400,6427478.30,3313341.08,83216499.3685600
1766793600000,25.77300,26.45000,25.38300,25.96100,5429653.96,2717450.88,70382434.2999700
1766880000000,25.96100,26.37000,24.76600,25.34200,6225631.74,2991693.21,76347864.9250100
1766966400000,25.34300,26.43400,25.24600,25.79100,9172466.33,4602531.74,119257066.8645700
1767052800000,25.79000,26.69800,25.35000,25.96500,7817906.58,3864292.45,100116095.8037000
1767139200000,25.96600,26.24200,25.28100,25.45200,5148597.37,2470681.88,63767614.7045800
1767225600000,25.45200,26.10500,23.72000,24.24300,10280342.70,4961524.81,122585730.1870500
1767312000000,24.24400,25.04100,24.06300,24.59800,10650178.55,5082715.15,124685200.0602300
1767398400000,24.59800,25.44400,24.26200,25.37600,8185617.42,3948560.60,97879791.9029300
1767484800000,25.37700,26.90000,24.82700,26.86200,9000632.26,4536158.26,117149519.4472300
1767571200000,26.86500,27.48000,25.76100,26.50000,14640959.77,7476567.89,198354326.6510100
1767657600000,26.50100,28.40000,26.08100,28.23600,15097788.49,7506434.82,202885595.5240000
1767744000000,28.23700,28.38700,26.46100,26.86400,11652251.80,5676226.57,153806795.6369500
1767830400000,26.86400,27.09000,25.58200,25.67200,8044307.77,3808365.37,99827691.9029700
1767916800000,25.67300,26.20200,24.91800,25.07100,8087508.54,3696649.29,94407776.2017200
1768003200000,25.07200,25.08400,23.75100,24.03700,6944164.02,3119068.84,76038573.3019000
1768089600000,24.03800,24.66600,23.98800,24.43200,4141683.02,2064025.25,50396212.1181200
1768176000000,24.43200,25.41000,23.10800,23.75000,12983413.29,6585237.37,158359637.4552300
1768262400000,23.75000,25.84200,23.72900,25.74900,10762186.31,5366503.07,132263015.5481500
1768348800000,25.75000,26.88400,25.60300,25.96500,10337863.02,5041299.84,131734557.6529700
1768435200000,25.96600,26.09500,24.33800,24.72200,10492355.25,5023476.70,125901387.0397100
1768521600000,24.72200,25.23300,24.47500,24.99400,4829224.20,2287718.87,56920837.9541700
1768608000000,24.99500,25.83500,24.74600,25.41900,3385077.58,1649942.24,41789095.7197400
1768694400000,25.41800,26.12800,24.34600,24.45600,6282436.74,3019706.39,77051576.5202100
1768780800000,24.45500,24.57300,22.65100,23.71400,11439264.50,5520589.72,131777696.8847800
1768867200000,23.71300,23.85700,20.81100,20.98200,17828634.89,8510540.76,188934769.9473100
1768953600000,20.98300,22.10800,20.47500,21.52800,16715244.03,8542564.49,181192333.3185500
1769040000000,21.52900,22.22600,21.10100,21.44000,9349415.06,4374114.16,94639280.5261900
1769126400000,21.44000,23.10300,20.82900,22.63400,11841514.22,5752492.45,126610267.9230800
1769212800000,22.63400,23.74600,22.56100,23.20400,8454085.06,4148160.99,96262961.5072600
1769299200000,23.20300,23.41800,21.62200,22.19300,9256502.30,4367479.07,97894752.6044700
1769385600000,22.19300,25.33800,21.81200,24.93100,13576606.60,7003381.84,163464293.8760200
1769472000000,24.93000,30.99000,24.89400,30.80000,37063621.92,18765995.30,524483349.7315700
1769558400000,30.80000,34.84900,30.71000,34.42800,48339713.43,24545085.29,816869439.3984900
1769644800000,34.42800,34.56600,30.37700,30.79000,37802949.60,18546694.25,606711258.0443600
1769731200000,30.79100,32.89800,28.13900,30.62300,38048902.75,18785808.85,562339001.2313700
1769817600000,30.62300,32.15000,27.41700,31.01200,31848519.53,15574688.18,462719707.6519700
1769904000000,31.01100,32.59000,28.45500,30.57300,30312979.53,14774670.47,451332262.2665900
1769990400000,30.57300,33.95800,29.49200,33.28200,35938224.40,17347033.97,550675011.0203300
1770076800000,33.28100,38.48300,32.24500,32.69500,54127616.57,26558308.96,936074109.5735100
1770163200000,32.69500,36.26700,32.37500,35.48000,32056695.35,15740131.99,535000453.3144700
1770249600000,35.48100,35.51300,31.05600,33.08700,38186432.16,18549382.39,613301674.9783700
1770336000000,33.08800,36.82600,31.37300,32.37700,39175419.96,19434870.46,657721750.4178200
1770422400000,32.37600,33.85800,31.00300,31.40100,19670076.65,9607280.81,311292540.6875200
1770508800000,31.40100,33.03100,30.48000,32.44100,14442056.71,7247842.07,230195500.1972400
1770595200000,32.44100,33.52000,30.90200,31.32900,12954938.13,6209964.12,198955105.3374700
1770681600000,31.32800,31.55700,28.75100,28.84200,12836441.96,6006830.60,180373822.8074800
1770768000000,28.84300,30.19900,28.27300,29.38000,12496614.21,6138940.88,178758977.6321400
1770854400000,29.38000,31.82400,29.28100,31.09000,14980100.57,7449269.60,227375701.1219100
1770940800000,31.08900,32.34400,29.95300,31.56300,12039110.46,6052101.18,188326003.2585300
1771027200000,31.56400,32.29500,30.70300,31.83500,8439875.40,4058140.16,128095956.0225800
1771113600000,31.83200,32.00500,30.23500,30.69900,8196083.89,3791760.61,118036831.6731400
1771200000000,30.69800,31.27400,29.52800,31.24600,8963585.43,4293229.21,129604845.6550600
1771286400000,31.24700,31.41500,29.01100,29.50200,8464399.40,4143301.51,124300667.3615300
1771372800000,29.50300,29.77900,28.21000,28.67200,8856003.35,4040587.39,117397690.8851400
1771459200000,28.67500,29.41000,27.69000,29.00000,7593666.68,3697794.11,105577157.4714800
1771545600000,28.99900,30.43000,28.60800,30.36400,9312349.29,4668500.37,137759198.1749500
1771632000000,30.36400,30.58000,29.52400,29.73000,4455111.01,2153904.69,64824162.3583500
1771718400000,29.73100,29.95100,28.68000,29.01500,3837982.18,1860645.60,54582140.3432500
1771804800000,29.01600,29.04800,25.61300,26.36800,15885660.96,7568798.90,205066131.7382700
1771891200000,26.36900,27.42100,25.62100,27.08000,10147693.33,5090415.41,135146035.8200300
1771977600000,27.08000,29.05700,26.73900,27.88400,11402704.70,5529824.79,154168906.3437800
1772064000000,27.88300,29.41400,27.71900,28.10800,10357995.42,5134352.47,146283317.5431900
1772150400000,28.10700,29.94700,26.72900,27.27900,11145312.36,5352160.38,151895456.2765200
1772236800000,27.28000,31.40000,26.07500,31.20400,15657960.50,7885971.77,224094315.8352200
1772323200000,31.20400,32.32700,30.16100,31.53000,16601872.53,8402755.56,262001917.2619300
1772409600000,31.53000,33.69000,29.91600,32.80900,19889105.66,10024897.12,319304326.6825000
1772496000000,32.80800,33.54500,30.80000,31.28800,14710445.60,7359270.28,236290037.2805800
1772582400000,31.28900,33.20700,30.71200,32.14500,13301948.05,6564426.18,211036543.0077100
1772668800000,32.14500,32.29000,30.23100,30.53500,9378866.65,4444833.85,139436932.7242400
1772755200000,30.53600,31.31800,29.43500,31.01900,9500137.74,4771830.12,145253590.4003200
1772841600000,31.01800,31.10000,29.78300,30.28800,6455114.30,3095331.84,94644382.7801300
1772928000000,30.28800,31.27800,29.66700,30.68500,7216909.58,3695152.88,112349459.1671000
1773014400000,30.68500,35.36400,30.23700,34.66100,21050803.75,10716385.92,352186354.6111100
1773100800000,34.66000,35.20000,33.43500,34.15100,14144427.90,6783227.33,233404495.1614000
1773187200000,34.15100,37.00000,34.05400,36.20600,12739798.73,6514702.46,232159484.4914500
1773273600000,36.20500,38.04600,35.77400,37.24800,13052220.26,6632521.27,245838816.1981500
1773360000000,37.24800,38.53400,35.96700,36.43000,11180397.54,5446897.22,202465349.0780000
1773446400000,36.42800,38.84600,36.33600,37.79300,8838430.44,4502062.64,169328850.6765700
1773532800000,37.79300,38.27200,36.77400,37.24200,6392039.19,3012571.93,112857218.9581500
1773619200000,37.24200,41.44400,37.20300,40.78400,13254201.68,6743786.99,264301889.6187400
1773705600000,40.78300,42.14900,39.59900,41.14600,10602431.09,5196597.85,212252595.7865800
1773792000000,41.14700,43.75300,40.13600,42.07900,21121938.81,10368755.79,434879573.7685100
1773878400000,42.07900,42.22100,38.58900,39.32900,14798355.23,7165001.41,286030162.7995900
1773964800000,39.32800,40.75500,38.34300,39.52800,12270292.80,5916099.84,233653735.7419600
1774051200000,39.52800,40.44700,38.91000,39.13500,4567518.06,2278975.06,90657167.7768800
1774137600000,39.13400,39.50900,37.40900,38.34200,8838626.71,4311334.93,165454343.5377100
1774224000000,38.34200,39.58700,36.75200,37.34100,14872372.75,7234595.94,275109313.8084200
1774310400000,37.34200,40.48500,37.21900,40.32100,10943245.11,5614602.46,218051966.5262600
1774396800000,40.32000,41.58000,39.66000,40.30800,8227325.92,3996378.69,162015126.6827300
1774483200000,40.30700,40.36000,38.27100,39.14900,8434008.27,4089480.07,160022379.6858400
1774569600000,39.14900,39.43000,37.88100,38.65800,7797241.55,3785461.88,145995131.1005100
1774656000000,38.65900,40.29000,37.97000,39.46200,5978796.43,3010869.32,118614104.3954300
1774742400000,39.46200,40.05600,37.72600,37.83800,5696522.39,2598858.67,101482052.9612000
1774828800000,37.83900,38.79900,36.49100,36.83900,10464220.28,5074137.36,192071313.4886000
1774915200000,36.84000,37.64900,35.66200,36.59900,10663851.04,5458146.38,199660759.9912000
1775001600000,36.59900,37.81300,35.85100,36.02500,9844140.97,4655699.07,171435712.3153900
1775088000000,36.02500,36.29500,34.44400,35.18800,9567004.85,4766541.22,167324496.1928200
1775174400000,35.18800,36.14400,35.08100,35.60200,5171115.94,2547565.85,90953295.9383000
1775260800000,35.60200,36.56000,35.50000,36.36100,3393469.56,1789902.20,64358433.5152100
1775347200000,36.36100,37.00000,35.11600,36.84400,4894026.40,2553211.95,91659191.2012300
1775433600000,36.84600,37.77000,35.99100,36.28900,7289265.19,3492596.36,129453185.6857100
1775520000000,36.28800,39.17100,35.74300,38.60100,9174434.54,4683979.87,173978554.6476200
1775606400000,38.60000,39.79400,37.74000,38.73800,11202374.61,5502921.12,213817315.0463600
1775692800000,38.73800,40.41500,38.13500,39.45200,8112044.72,4174894.29,164060422.1921900
1775779200000,39.45200,42.24700,39.41200,41.57700,8620940.46,4434065.86,182146892.5651300
1775865600000,41.57600,43.17900,41.45700,42.24200,5642748.65,2843684.52,120208804.4647800
1775952000000,42.24100,42.81000,40.17200,40.82300,7201448.93,3473027.99,142339268.0477200
1776038400000,40.82300,44.56800,40.77200,44.27600,12230914.56,6445421.59,275538773.3476000
1776124800000,44.27800,45.27300,42.91000,43.49900,11047647.21,5253089.74,232098283.1999200
1776211200000,43.49900,45.43800,43.10800,44.61900,8593465.93,4459092.26,197145431.8821700
1776297600000,44.61800,45.75000,43.27700,43.78700,9940523.53,4884126.64,217488142.2059200
1776384000000,43.78700,45.55000,43.13800,44.60800,9316516.41,4561156.14,201606404.4905900
1776470400000,44.60800,45.42800,43.70000,43.77000,5262289.15,2539902.61,113105780.5340500
1776556800000,43.76700,43.92800,40.51200,40.70300,8556025.86,3968038.77,168730575.1697200
1776643200000,40.70300,41.78800,40.54100,40.68800,9330525.76,4493408.17,184835685.7536400
1776729600000,40.68800,41.40000,38.86700,39.75400,9964491.17,4876181.09,196237506.1869600
1776816000000,39.75400,41.72000,39.61500,41.13100,9675959.49,4771273.86,194558346.4881400
1776902400000,41.13100,41.90000,40.50000,41.28900,6077577.80,3049134.09,125434596.7619700
1776988800000,41.28900,41.49600,40.64200,41.14600,4168690.63,1982172.86,81359879.6248000
1777075200000,41.14600,41.88700,40.82500,41.47400,3357982.97,1687651.80,69823210.6815000
1777161600000,41.47600,42.59100,40.93100,42.42800,3616774.64,1909278.28,79557324.6095400
1777248000000,42.42900,43.60000,41.22200,41.63000,7621430.99,3854606.38,163111566.3729500
1777334400000,41.63300,41.82200,39.44300,40.16400,8873805.85,4280488.78,172086141.2003200
1777420800000,40.16300,40.90100,39.14600,39.93300,8272251.24,4209606.95,168581550.9509800
1777507200000,39.93300,40.34800,38.70600,39.69900,6885953.63,3373910.77,132718755.9016500
1777593600000,39.69900,41.17900,39.66800,41.15000,7034434.73,3529236.32,143217029.5180300
1777680000000,41.15000,42.45600,40.99400,41.25400,4764615.62,2516091.42,104672258.6796300
1777766400000,41.25400,41.71600,40.65600,41.54000,3795047.54,1841422.32,75730417.6244500
1777852800000,41.54000,42.60500,40.87700,41.80500,8377357.56,4311871.34,179729144.6739200
1777939200000,41.80500,44.62000,41.77000,43.69000,8529784.66,4449298.21,193530170.0421400
1778025600000,43.69000,44.82000,42.91300,43.10300,8101339.25,3850327.48,168664727.2074400
1778112000000,43.10300,43.54000,41.85200,42.52000,6773175.32,3287910.96,140235301.5034500
1778198400000,42.52100,43.47600,42.00000,43.23500,5613959.80,2747626.44,117425034.1309700
1778284800000,43.23600,44.34700,42.82000,42.91000,5382271.13,2685953.15,116971574.3965000
1778371200000,42.91000,43.69600,42.13100,42.99600,5951280.21,2880074.47,123575708.4438400
1778457600000,42.99700,43.14300,40.82100,41.99500,6963339.40,3037559.78,127118866.0581800
1778544000000,41.99500,42.07700,39.77200,40.24300,6338796.10,2940810.78,119834227.1713400
1778630400000,40.24300,40.69900,38.68800,38.82100,7588518.55,3592021.72,141895454.2066800
1778716800000,38.82200,44.76800,38.15500,44.12500,20469583.82,10180322.60,427136745.9071100
1778803200000,44.12500,46.99300,42.62000,44.16800,34665549.55,17322276.08,776532881.9494900
1778889600000,44.16800,44.50000,40.31700,41.81100,15279372.78,7290244.77,304047811.2801000
1778976000000,41.81100,47.27500,41.33600,45.70000,22337877.91,11394472.47,504777128.8803200
1779062400000,45.70100,47.94800,44.18000,47.74000,25638965.35,13042464.34,598072679.0627100
1779148800000,47.73900,48.92400,46.82300,48.03600,16949726.35,8590328.05,412072349.7283400
1779235200000,48.03600,54.86200,47.06300,54.80200,26552144.39,13840712.70,703130429.6369300
1779321600000,54.80300,62.65100,54.70100,58.60500,50152377.46,25322757.58,1483980764.2871800
1779408000000,58.60600,61.95800,54.35000,54.62900,36205754.96,17334498.63,1008613760.7126900
1779494400000,54.62800,59.96300,54.04000,58.72700,23104094.34,11926561.43,675289362.5779300
1779580800000,58.72700,64.79500,58.64700,62.79200,32089550.03,15891195.97,990053608.8949600
1779667200000,62.79200,64.10000,60.75600,61.14600,17720357.84,8726765.99,544882102.8757100
1779753600000,61.14700,64.78700,58.58100,59.57700,30224137.58,15038931.28,922246552.9486600
1779840000000,59.57800,63.35900,57.41100,57.74500,22506335.23,11222291.90,682229671.4991000
1779926400000,57.74700,62.14300,56.30700,61.55200,24429820.24,12300094.15,718431832.0289300
1780012800000,61.55200,67.62400,60.36700,64.44200,36248360.38,18469134.58,1179626796.1441700
1780099200000,64.44100,68.68000,64.00400,68.30300,19971238.29,10076419.30,672923279.4692200
1780185600000,68.30400,73.21400,67.42700,72.09300,22750268.82,11715640.48,815303298.0818400
1780272000000,72.09300,75.87400,70.25300,73.66500,32325972.56,16604266.43,1208810631.2343700
1780358400000,73.66400,75.71700,67.80200,69.84900,31414481.69,15055407.05,1084428286.6684000
1780444800000,69.84900,75.63400,68.40700,74.57500,25471157.95,12803875.25,928359194.2218800
1780531200000,74.57500,75.53500,63.06600,64.43900,42443077.04,20650828.87,1413122885.6651000
1780617600000,64.43900,65.98300,56.66100,59.77600,41993336.58,20636369.19,1257832678.5587700
1780704000000,59.77200,61.17200,55.45800,56.50200,17219284.13,8369345.94,489669190.0065100
1780790400000,56.50600,60.45100,56.10300,59.71300,17186806.15,8612563.18,504854577.0381000
1780876800000,59.71400,65.79900,59.28000,63.81700,23918067.09,12063929.43,757548676.0541400
1780963200000,63.81700,64.04200,57.30300,57.78600,18967058.96,9011641.32,546619146.5913800
1781049600000,57.78700,58.36200,52.63600,53.30800,22924054.58,10902440.31,608808415.7279000
1781136000000,53.30900,59.61100,52.85300,58.95800,18255594.43,9284215.65,525373875.2640700
1781222400000,58.95800,62.47000,56.76000,59.29800,19065836.15,9297946.85,555998083.7573900
1781308800000,59.29700,60.91700,57.24100,60.68400,11304530.99,5656987.99,334505359.7873500
1781395200000,60.68200,64.07900,59.58900,63.86300,11450059.09,5703663.83,349525641.0606000
1781481600000,63.86400,68.75700,63.11100,66.86800,17796831.33,8921180.65,592986713.6959100
1781568000000,66.87000,76.99100,66.34400,73.65100,25794636.61,13290717.62,972211898.2107700
1781654400000,73.65100,76.72000,69.95400,71.15800,25949992.54,12870505.31,941872206.8433100
1781740800000,71.15900,73.73600,66.52600,68.34900,24396776.21,11920011.73,833375740.4077300
1781827200000,68.34900,71.37400,65.61300,70.28800,17143640.18,8534055.01,585218381.0011900
1781913600000,70.28700,71.42900,68.39900,70.73900,11866831.86,5871777.19,411518602.7373700
1782000000000,70.73900,70.89800,66.58000,66.93600,10146691.08,4985242.51,340966058.8924800
1782086400000,66.93600,69.54500,65.20200,66.29300,15104420.84,7436801.35,502524854.2182100
1782172800000,66.29300,67.37700,61.66800,62.20500,14546668.76,7149508.32,455159007.6959900
1782259200000,62.20400,64.30000,59.10300,63.94300,15698002.89,7716048.63,474669643.5982200
1782345600000,63.94500,65.47400,58.50100,64.11200,17046404.89,8489818.62,531149272.1643900
1782432000000,64.11400,65.49500,60.99300,64.38800,17853716.55,8834901.35,561567411.2255900
1782518400000,64.38800,64.77900,61.50700,61.68200,7816159.07,3858189.67,244339064.9326800
1782604800000,61.68100,63.59100,60.50000,61.46000,7866104.76,3833341.91,238630882.5603000
1782691200000,61.46100,67.84800,60.64000,66.92200,14257006.71,7270309.73,467982019.4499400
1782777600000,66.92200,67.00400,64.14200,65.06100,9986048.76,4786068.59,312932283.7323200
1782864000000,65.06100,66.03000,61.96200,62.37100,13904561.39,6636842.08,423739342.5909800
1782950400000,62.37100,67.19200,61.69300,66.92900,10855299.29,5519797.50,358214484.6496900
1783036800000,66.92600,71.27400,65.92100,70.67700,10695506.11,5559708.41,383791581.8874700
1783123200000,70.67700,72.08600,69.41800,69.87100,7022612.67,3460136.38,244799425.6893100
1783209600000,69.87200,71.71900,68.22200,71.36400,5829471.82,2906408.82,202036995.0230300
1783296000000,71.36400,72.71000,68.56200,70.60800,9559331.72,4680464.07,331439792.3115300
1783382400000,70.60900,72.98500,68.90300,69.18600,9496408.90,4745951.70,337406734.0028900
1783468800000,69.18700,69.75000,66.16200,67.60200,8116485.12,3952072.33,268122639.7768400
1783555200000,67.60200,68.74800,66.61000,67.10600,6213218.25,3135379.38,212079410.3392700
1783641600000,67.10600,69.37300,66.63200,67.51700,6342321.48,3177696.19,216408942.5190500
1783728000000,67.51600,68.26500,66.17900,66.74200,4924159.43,2379626.62,159727857.4295000
1783814400000,66.74300,68.38100,66.47000,67.30600,4486040.06,2238954.68,150666266.6428900
1783900800000,67.30600,68.22300,62.50000,63.44400,9415654.79,4454387.73,288541662.8889500
1783987200000,63.44400,66.20000,62.55500,65.56800,7503306.87,3811445.02,246079448.3600200
1784073600000,65.56800,69.04200,64.86300,66.87900,8985604.04,4450191.67,299855678.1056500
1784160000000,66.87800,67.23000,60.49800,60.72200,11974085.25,5269377.13,337594015.4383600
1784246400000,60.72100,61.74200,58.43800,59.76000,12851338.01,6298599.41,378092172.9044600
1784332800000,59.76000,60.60400,58.16300,60.21500,5541564.52,2720068.44,161468946.8244200
1784419200000,60.21500,61.48200,60.20400,61.12000,3877821.21,1931065.74,117626815.2273600
1784505600000,61.12100,62.97400,59.80500,62.44800,6596446.30,3240654.89,198846440.6220900
1784592000000,62.44800,63.44100,59.80600,60.85200,6736310.58,3216802.33,198747327.3720700
1784678400000,60.85300,61.18800,57.36500,59.35700,12600017.16,5990082.13,353119087.2592900
1784764800000,59.35800,60.03400,57.11300,57.45900,7962371.31,3895296.76,229296030.8266500
1784851200000,57.46000,59.39100,56.45900,57.41600,7278227.19,3742794.62,217940628.5593400
1784937600000,57.41600,58.53000,56.93400,58.10400,3516845.19,1769450.32,102064514.8494500
1785024000000,58.10300,59.88800,58.05200,59.62000,3331852.65,1672926.99,98533944.0962900
1785110400000,59.62100,60.47100,55.70100,56.08500,7674905.71,3554169.12,206969089.7130500
1785196800000,56.08600,56.43000,54.00000,55.17900,8050766.26,3884270.66,214380181.0183800
1785283200000,55.17800,55.58700,53.08500,53.91900,7368456.23,3581524.39,195168685.9667800
1785369600000,53.91800,56.12700,52.80000,55.84000,6598491.31,3275651.68,177675445.6720100
1785456000000,55.84000,56.13900,51.82300,52.55800,9067222.53,4412604.71,239054076.4568000
1785542400000,52.55900,52.71100,51.45000,52.20100,4883420.16,2398746.26,125144475.9157300
1785628800000,52.20100,53.06300,51.10700,52.59500,5784237.80,2964353.38,154737918.9143500
1785715200000,52.59400,54.87000,51.90800,53.99900,6835025.00,3337344.10,178170856.0565100
1785801600000,53.99900,55.87000,53.55400,55.06000,5641577.92,2805970.39,154433223.7490800
1785888000000,55.05900,57.99900,54.67100,56.95300,8220162.29,4136289.69,235108449.5623900
1785974400000,56.95300,57.22700,54.63900,56.20900,7392600.55,3603456.42,201380837.8834300
1786060800000,56.21000,57.08900,53.32800,54.08700,8448272.57,4035185.44,223199218.8601900
1786147200000,54.08700,55.28200,53.86100,55.11400,3303373.49,1695794.23,92639128.5819900
1786233600000,55.11300,55.34000,53.74000,53.85700,3454949.23,1672224.28,91285390.3022300
1786320000000,53.85600,56.12600,53.81500,55.09000,6253940.83,3232168.80,177069342.3626100
1786406400000,55.09000,55.66300,53.71100,54.49200,4610403.61,2354521.70,129002541.7428900
1786492800000,54.49200,56.95200,54.28500,56.06000,5463837.12,2764781.39,154213348.2359800
1786579200000,56.06000,58.48600,56.02300,57.47400,5993555.99,2980113.43,171070543.7724400
1786665600000,57.47400,57.61700,55.33000,56.49700,4745258.08,2288544.52,128787703.3892500
1786752000000,56.49600,57.35900,55.84300,56.89500,2731426.17,1362781.70,77104648.5185800
1786838400000,56.89400,58.03000,56.72600,57.13600,3068750.33,1567730.17,89980568.0934100
1786924800000,57.13600,59.90900,57.05200,59.42100,6293933.95,3189310.18,187935416.3368600
1787011200000,59.42000,60.47100,58.20000,58.50900,6647342.83,3217308.75,190619167.8993900
1787097600000,58.51000,72.68000,58.03700,69.78700,25304310.22,12894792.42,854687815.7845500
1787184000000,69.78700,75.23000,68.46800,73.76900,23540311.79,11862878.56,855772900.1222900
1787270400000,73.77400,77.94700,71.23000,75.58500,24815445.10,12056054.45,904437400.2097100
1787356800000,75.58400,82.68700,70.60000,79.33500,23591405.34,11044314.37,870956215.1658800
1787443200000,79.33300,83.48500,77.00000,82.32200,14307850.96,6852899.81,548613315.7523700
1787529600000,82.32200,82.34300,76.69300,78.95800,14092250.60,6592434.88,522181777.6580300
1787616000000,78.95800,83.36500,78.12000,79.63400,15580157.11,7594069.89,612578035.1720000
1787702400000,79.63600,83.76500,79.42000,82.26600,13968229.41,7025006.55,573497668.6959300
1787788800000,82.26600,86.77300,80.45600,84.61600,15044282.34,7841343.14,656168934.3731500
1787875200000,84.61700,85.32400,78.51100,80.90400,14066001.34,6739487.73,554929790.8730200
1787961600000,80.90600,83.54100,80.05700,83.36800,5665181.17,2776835.08,227840312.5254000
1788048000000,83.36800,84.14300,79.01000,79.98100,6869485.10,3346717.72,276366998.4145800
1788134400000,79.98100,85.35000,79.55200,84.16900,10140015.13,5199412.77,429042695.9541400
1788220800000,84.16900,84.56900,80.60000,82.78800,9728578.05,4717548.76,391792998.6390600
1788307200000,82.78900,83.69400,80.21500,81.88100,7352966.62,3569322.65,292084730.3627200
1788393600000,81.88100,88.16000,81.04100,87.45900,12274817.08,6248620.48,524435558.3469900
1788480000000,87.45900,87.88400,83.50000,84.39900,10031901.73,4801754.07,411492357.2763300
1788566400000,84.40000,86.12800,83.65100,85.38200,4403524.09,2152654.71,182848714.5468000
1788652800000,85.38100,89.66600,84.64100,87.98500,9516561.02,4760772.73,417341499.8028200
1788739200000,87.98600,88.38100,84.50000,85.17600,6557656.72,3097556.37,267795488.1420500
1788825600000,85.17600,85.48600,81.50500,85.12100,7085073.47,3410835.71,286042218.3083400
1788912000000,85.12100,87.05900,82.42100,83.52500,8597683.80,4137895.89,353331097.9128700
1788998400000,83.52600,84.39800,78.15900,78.57100,9288975.52,4275054.91,347505602.1988300
1789084800000,78.57200,83.84200,78.17400,79.42900,9996033.91,4955296.54,400116335.9235400
1789171200000,79.42900,80.77300,78.34600,79.63900,4029785.64,2033446.56,161764994.4346500
1789257600000,79.63900,79.65700,76.54500,77.28400,5333923.35,2565571.20,200410438.5944700
1789344000000,77.28400,82.50000,76.95000,80.31600,8562306.99,4286672.97,343593115.4072800
1789430400000,80.31500,80.54500,75.12900,76.95500,9192296.95,4337968.97,337419836.9711500
1789516800000,76.95600,80.40000,76.68900,78.26900,10080462.23,5012164.98,392927674.6403200
1789603200000,78.26800,85.27300,78.05500,85.13100,9422093.09,4650182.91,378034965.4486100
1789689600000,85.13000,93.16300,85.08900,92.60000,11076627.88,5647604.68,506747666.1681900
1789776000000,92.60000,94.59300,90.82200,92.20800,6208525.46,2944317.43,272739221.4199900
1789862400000,92.20900,93.97500,89.61900,93.65700,5556808.01,2753581.75,252755267.8570100
1789948800000,93.65800,96.07900,92.00000,94.04400,9552901.65,4731141.48,445267095.4839200
1790035200000,94.04400,97.83500,92.12000,97.21000,8218786.34,4220564.38,401765156.0012700
1790121600000,97.21000,98.05700,91.94500,94.02400,8863691.86,4242676.57,401937057.4228100
1790208000000,94.02400,94.90000,89.82800,92.06300,10606380.61,5156977.05,477102680.9434600
1790294400000,92.06200,94.34200,90.30000,92.36800,7253380.01,3591041.50,331471749.7675700
