ts_utc,group,rank,address,coin,szi,entryPx,positionValue,unrealizedPnl,leverage,liquidationPx
2026-09-24 14:01,SMART,3,0xd580b86a5db87c623763b058f3a12853bf30acb8,BTC,29.95652,80584.7,2522428.8535600002,108390.295448,40,69419.1390448134
2026-09-24 14:01,SMART,3,0xd580b86a5db87c623763b058f3a12853bf30acb8,ETH,794.6889,2553.9,2120786.26743,91227.115877,25,2107.1439486109
2026-09-24 14:01,SMART,4,0xff8876f6524ffdbbc985e0cde7005d191050fc6e,BTC,-2.69563,86028.2,226980.13289,4920.17752,3,123209.4935602905
2026-09-24 14:01,SMART,7,0x188f6da1525b63e434d0c6c11c5c9e7bd953f3a8,BTC,-2.31749,86300.0,195139.61047,4859.77653,10,211721.5838152697
2026-09-24 14:01,SMART,7,0x188f6da1525b63e434d0c6c11c5c9e7bd953f3a8,ETH,-36.5125,2738.78,97440.90875,2558.90949,5,10702.9370217559
2026-09-24 14:01,SMART,11,0x7f5653978d3f1b9716140bb7304c7e4650ae50f6,SOL,2000.0,112.4444,229840.0,4951.18,12,63.2915289374
2026-09-24 14:01,SMART,12,0x4bf6a5ead2dd225ae1191e6c1ce3bba3a3e51af4,BTC,-0.4,79953.2,33681.2,-1699.9,10,89031.7078395062
2026-09-24 14:01,SMART,13,0x9e5bc0f8f01c841d8c1dd3443a7de211aca9b8b0,BTC,0.0497,83555.0,4184.8891,32.2056,10,
2026-09-24 14:01,SMART,13,0x9e5bc0f8f01c841d8c1dd3443a7de211aca9b8b0,ETH,0.2072,2666.2,552.95464,0.518,10,
2026-09-24 14:01,SMART,13,0x9e5bc0f8f01c841d8c1dd3443a7de211aca9b8b0,SOL,74.56,113.2023,8568.4352,128.067139,10,
2026-09-24 14:01,SMART,13,0x9e5bc0f8f01c841d8c1dd3443a7de211aca9b8b0,BNB,1.05,770.22,816.711,7.98,10,
2026-09-24 14:01,SMART,13,0x9e5bc0f8f01c841d8c1dd3443a7de211aca9b8b0,XRP,-4024.0,1.4762,6040.8288,-100.6,10,7.2184251724
2026-09-24 14:01,SMART,13,0x9e5bc0f8f01c841d8c1dd3443a7de211aca9b8b0,HYPE,43.7,93.9279,4045.6586,-58.992329,10,
2026-09-24 14:01,SMART,15,0xf08ce2742192a08dd7258880da2c233c56d72b57,ETH,32.0,2736.78,85404.8,-2172.343462,8,2237.3259789541
2026-09-24 14:01,SMART,15,0xf08ce2742192a08dd7258880da2c233c56d72b57,SOL,800.0,117.2299,91960.0,-1823.951217,5,96.3457071244
2026-09-24 14:01,SMART,15,0xf08ce2742192a08dd7258880da2c233c56d72b57,XRP,76000.0,1.603621,114079.04,-7796.156546,6,1.2920679136
2026-09-24 14:01,SMART,15,0xf08ce2742192a08dd7258880da2c233c56d72b57,HYPE,1650.0,94.7674,152753.7,-3612.511658,6,78.0261629014
2026-09-24 14:01,SMART,16,0xfb8c34145bdea190693325d0ab01e81120909b3f,HYPE,-983.6,43.2301,91059.7208,-48538.54798,10,646.9171474409
2026-09-24 14:01,SMART,19,0x4f35a550b55fd299637359bc41c35263b2875d23,BTC,0.46462,80688.1,39124.25634,1634.908574,2,
2026-09-24 14:01,SMART,19,0x4f35a550b55fd299637359bc41c35263b2875d23,ETH,9.3311,2481.03,24903.77279,1752.970946,3,
2026-09-24 14:01,SMART,19,0x4f35a550b55fd299637359bc41c35263b2875d23,SOL,233.59,107.0439,26851.1705,1846.7753,2,
2026-09-24 14:01,SMART,22,0xe0d28485398e3fd59bd29f5dfe93614a4b6745fe,BTC,10.0,76014.8,842070.0,81921.85343,40,67393.4721749873
2026-09-24 14:01,SMART,22,0xe0d28485398e3fd59bd29f5dfe93614a4b6745fe,ETH,400.0,2480.44,1067560.0,75381.85318,25,2311.1861489133
2026-09-24 14:01,SMART,22,0xe0d28485398e3fd59bd29f5dfe93614a4b6745fe,HYPE,2333.0,79.4766,215984.474,30565.42192,10,78.3088243775
2026-09-24 14:01,SMART,26,0x118c6cb819f6a585885241d582f992840fd73de5,ETH,150.0,2694.27,400335.0,-3806.90339,10,469.8027267891
2026-09-24 14:01,SMART,27,0x5c0796ed4f0b1de9f9eda9fd6fe29562b2a60296,HYPE,729.82,82.349,67584.25128,7484.3041,4,
2026-09-24 14:01,SMART,28,0xac142fee46f8dacbfef23e1e41d79f1f7233487e,BTC,1.0,83601.0,84206.0,605.0,5,
2026-09-24 14:01,SMART,28,0xac142fee46f8dacbfef23e1e41d79f1f7233487e,ETH,10.0,2651.0,26689.0,179.0,20,
2026-09-24 14:01,SMART,28,0xac142fee46f8dacbfef23e1e41d79f1f7233487e,SOL,150.0,112.5,17241.87,366.87,20,
2026-09-24 14:01,SMART,28,0xac142fee46f8dacbfef23e1e41d79f1f7233487e,BNB,15.0,766.0,11667.3,177.3,10,
2026-09-24 14:01,SMART,28,0xac142fee46f8dacbfef23e1e41d79f1f7233487e,XRP,45000.0,1.508555,67549.5,-335.5,20,
2026-09-24 14:01,SMART,32,0xb3e475368ed0fa0ad23c04de0423d48a0758806f,HYPE,-15000.0,61.8371,1389060.0,-461502.697563,10,359.5762984563
2026-09-24 14:01,SMART,36,0x48c6aaa647ad5197e85797f8eb95d7b9ce1ec5b6,HYPE,-10000.0,70.0487,926040.0,-225552.781552,5,122.6592045628
2026-09-24 14:01,SMART,39,0x64a2f935ccd0e8f7700155a30b5fed7f6f04529c,HYPE,-150.0,92.5826,13890.6,-3.19532,10,382.0937693397
2026-09-24 14:01,SMART,40,0xdaf359af9d2ec10930368b95d9eecc919478e8ed,HYPE,69.33,93.1504,6420.23532,-37.88848,4,
2026-09-24 14:01,SMART,41,0x1f67d79afc8d0e7609ddba6c9b657cc635f69981,HYPE,0.19,83.8,17.59476,1.672752,10,
2026-09-24 14:01,SMART,42,0x5e4d88da95471279b5d1c438404bde4f59788cb8,XRP,166268.0,1.490088,249584.8948,1830.855442,20,0.7533251632
2026-09-24 14:01,SMART,42,0x5e4d88da95471279b5d1c438404bde4f59788cb8,HYPE,944.32,91.3799,87447.80928,1155.85525,10,
2026-09-24 14:01,SMART,45,0xd134885c1d3d57280266711d31abca113591a770,XRP,358667.0,1.301026,538395.0337,71759.686,17,1.0948395468
2026-09-24 14:01,SMART,46,0x85c82c0ebc16dd3631568e2e5f5ab39dbf855885,ETH,123.9755,2459.14,330878.21195,26004.022626,20,2240.6240449582
2026-09-24 14:01,SMART,46,0x85c82c0ebc16dd3631568e2e5f5ab39dbf855885,XRP,4586.0,1.381199,6882.6688,548.4892,20,
2026-09-24 14:01,SMART,46,0x85c82c0ebc16dd3631568e2e5f5ab39dbf855885,HYPE,136.97,91.8883,12683.83291,97.89121,10,
2026-09-24 14:01,SMART,48,0x93696148243b34770bc8ae07030ad9fb7e750138,BTC,5.0,85678.6,421030.0,-7363.0,10,65679.142057519
2026-09-24 14:01,SMART,48,0x93696148243b34770bc8ae07030ad9fb7e750138,BNB,398.262,794.348,309772.16622,-6586.85511,10,536.0322094712
2026-09-24 14:01,SMART,48,0x93696148243b34770bc8ae07030ad9fb7e750138,HYPE,2081.44,94.9484,192747.58832,-4881.888456,10,46.3413223098
2026-09-24 14:01,SMART,51,0x9bf9d46627c21fe2a35df37b1f0c417fa2088b13,BTC,20.0,83273.5,1684120.0,18650.0,20,54334.0730890633
2026-09-24 14:01,SMART,51,0x9bf9d46627c21fe2a35df37b1f0c417fa2088b13,XRP,-160000.0,1.446206,240128.0,-8735.0,20,5.098181442
2026-09-24 14:01,SMART,55,0x1aa5abfd850012297428b509fb84fcd9f9f995cb,ETH,206.1894,2668.03,550298.88966,178.740363,20,526.728712657
2026-09-24 14:01,SMART,55,0x1aa5abfd850012297428b509fb84fcd9f9f995cb,HYPE,380.0,94.2558,35189.14,-628.07912,7,
2026-09-24 14:01,SMART,56,0xf19adedb642cc10adace471be30c98457015ec03,BTC,0.03,83629.6,2526.18,17.29,40,
2026-09-24 14:01,SMART,56,0xf19adedb642cc10adace471be30c98457015ec03,HYPE,20.0,90.448,1852.06,43.1,10,
2026-09-24 14:01,SMART,57,0x967c1b8d3777d16e3dd576a708ad69722b892acf,ETH,23.5287,2641.77,62795.74743,638.160756,2,1264.9958729517
2026-09-24 14:01,SMART,57,0x967c1b8d3777d16e3dd576a708ad69722b892acf,SOL,743.15,97.0005,85425.0925,13339.15525,2,44.4416995582
2026-09-24 14:01,SMART,57,0x967c1b8d3777d16e3dd576a708ad69722b892acf,HYPE,970.15,66.9048,89838.80045,24931.105076,2,40.4577896657
2026-09-24 14:01,SMART,59,0xb282f8129895eabb03891d430e2ad6167b281dac,BTC,-0.1768,58553.4,14887.6208,-4535.368144,40,418592.8410312273
2026-09-24 14:01,SMART,59,0xb282f8129895eabb03891d430e2ad6167b281dac,XRP,-3470.0,1.152241,5207.776,-1209.4991,20,18.330374306
2026-09-24 14:01,SMART,60,0xacb66d1996501bcc82a0e7819c9e041599f5efbd,ETH,-491.0185,1853.58,1310479.27465,-400336.409991,10,18761.2252001507
2026-09-24 14:01,SMART,60,0xacb66d1996501bcc82a0e7819c9e041599f5efbd,SOL,-10962.14,89.8041,1260097.993,-275652.567937,20,832.2446931642
2026-09-24 14:01,SMART,60,0xacb66d1996501bcc82a0e7819c9e041599f5efbd,XRP,-1095271.0,1.273988,1643782.7168000001,-248420.551655,20,8.6799226534
2026-09-24 14:01,SMART,60,0xacb66d1996501bcc82a0e7819c9e041599f5efbd,HYPE,40856.34,74.0246,3783419.6530200001,759041.51601,5,
2026-09-24 14:01,SMART,68,0x810b41bd2294ea9b87efd8fd03040ff74a1e5130,BTC,15.0,82303.7,1262895.0,28339.23745,10,47381.7426023291
2026-09-24 14:01,SMART,68,0x810b41bd2294ea9b87efd8fd03040ff74a1e5130,HYPE,10000.0,86.7316,925820.0,58503.255488,10,35.1854999786
2026-09-24 14:01,SMART,76,0x60468ba27448f88b19f52ed02f1a8c52f7a0b21d,BTC,1002.67899,81832.7,84418552.2050700039,2366582.2014000001,12,77099.5962329542
2026-09-24 14:01,SMART,82,0xb4daad808516667d25a68643976fbf8b084e3fdb,HYPE,18000.0,94.4556,1666476.0,-33726.144377,10,86.2151374654
2026-09-24 14:01,SMART,83,0x352deb23bebae8b4c57d0ae341d9c1951fd8425a,BTC,9.74144,84093.0,820161.0579200001,974.144,40,56822.5056686964
2026-09-24 14:01,SMART,84,0x252ee867e398cc20ee12a39fd1983bda75c6be00,BTC,2.1,86678.7,176797.74,-5227.66987,9,34002.3526992164
2026-09-24 14:01,SMART,84,0x252ee867e398cc20ee12a39fd1983bda75c6be00,ETH,63.0,2769.04,168102.9,-6347.212665,12,982.5956051182
2026-09-24 14:01,SMART,85,0x56e448a58fe5f2b112e6ba2456ffaec03f72dc82,HYPE,203.44,93.3685,18833.25456,-161.648142,10,86.3792602811
2026-09-24 14:01,SMART,86,0x8463d6ffcbfb56bf20ab2e1111f9a0e8359533f2,BTC,1.5,75200.0,126284.1,13484.1,40,
2026-09-24 14:01,SMART,86,0x8463d6ffcbfb56bf20ab2e1111f9a0e8359533f2,HYPE,10000.0,84.9387,925740.0,76352.987553,10,74.6928880252
2026-09-24 14:01,SMART,89,0xaf6f7a06f7bfb3bdf7bcd2c751564f4990d1efc7,ETH,9.8326,2686.79,26236.32658,-181.817876,20,
2026-09-24 14:01,SMART,91,0xa9d90f0eb0993390bd02a2c50cee658ebd01b48e,HYPE,-666.66,83.7395,61715.38284,-5889.59596,6,1366.5075608856
2026-09-24 14:01,SMART,92,0xb847748c6119d1d91a6613d549d041242cbd1c24,BTC,0.00313,64814.3,263.512822,60.643819,40,
2026-09-24 14:01,SMART,93,0xdc5289909be4f3ce2604806bdd1448fd307f19f5,BTC,2.96659,84281.9,249755.432146,-274.668374,11,7974.1171289834
2026-09-24 14:01,SMART,95,0xf9faba57a81d1575d3e506dd3eafe7db6f2a3275,BTC,20.0,82697.0,1683788.0,29846.735591,40,36065.4797458228
2026-09-24 14:01,SMART,95,0xf9faba57a81d1575d3e506dd3eafe7db6f2a3275,ETH,500.0,2542.83,1334150.0,62731.639518,20,728.6113775102
2026-09-24 14:01,SMART,98,0x97580b4ecc2fbddf4d2f2bb855265758fcd1967d,BTC,4.0,83975.6,336757.6,855.15,20,
2026-09-24 14:01,SMART,98,0x97580b4ecc2fbddf4d2f2bb855265758fcd1967d,HYPE,2000.0,92.5976,185148.0,-47.3802,10,
2026-09-24 14:01,SMART,101,0x7894bb4cd20e08c2ec1895968dd0b3d97edca5f7,BTC,3.67829,69438.9,309675.2351,54258.524919,10,64145.4899342158
2026-09-24 14:01,SMART,101,0x7894bb4cd20e08c2ec1895968dd0b3d97edca5f7,ETH,77.5415,2532.59,206903.98445,10522.693606,6,2162.3322421292
2026-09-24 14:01,SMART,101,0x7894bb4cd20e08c2ec1895968dd0b3d97edca5f7,SOL,1774.09,91.2952,203896.1637,41930.231807,6,78.893379804
2026-09-24 14:01,SMART,103,0x0937aa6d83c851d506433ab342387a337c8b512a,ETH,0.0001,2659.61,0.26683,0.000869,20,
2026-09-24 14:01,SMART,104,0x405eafc7534c349d5803b206a7cf5f0ab7686af4,BTC,3.49431,81212.0,294185.9589,10406.05518,20,74314.2580280875
2026-09-24 14:01,SMART,104,0x405eafc7534c349d5803b206a7cf5f0ab7686af4,ETH,65.9275,2735.16,175914.34825,-4408.40152,20,2140.8569347436
2026-09-24 14:01,SMART,107,0x638e96b7a155eb2b0859824f6b4acfedb25bf9bf,HYPE,-1000.0,96.89,92573.0,4317.0,5,326.3454629629
2026-09-24 14:01,SMART,108,0x8787e15b3bd497ca6008a0bad0a5c9706cb4eeed,BTC,-1.28788,84768.4,108426.6172,744.98506,40,87741.432827305
2026-09-24 14:01,SMART,108,0x8787e15b3bd497ca6008a0bad0a5c9706cb4eeed,ETH,-9.123,2721.66,24342.9009,486.85315,25,2847.0262169737
2026-09-24 14:01,SMART,114,0x36e285138b9b81eb72d2cdd65ca320111fd42da1,HYPE,-12000.0,80.7628,1110876.0,-141721.28517,10,156.1286208608
2026-09-24 14:01,SMART,117,0x6ea486a3426563e23023125f18867117878f0ea7,ETH,-5064.3877,2572.2,13513305.69991,-486644.811693,20,3242.7821272728
2026-09-24 14:01,SMART,118,0x59275149ee03ac34f8a94ea9063359bad5527a78,BTC,40.0,76017.0,3367600.0,326920.0,5,61842.5975013165
2026-09-24 14:01,SMART,118,0x59275149ee03ac34f8a94ea9063359bad5527a78,HYPE,9800.0,77.2261,907132.1,150315.60773,5,65.3501508278
2026-09-24 14:01,SMART,119,0xb3162a3c788399d9ec236c67a5af083dd78c8022,BTC,0.0184,86728.0,1549.096,-46.700027,20,
2026-09-24 14:01,SMART,119,0xb3162a3c788399d9ec236c67a5af083dd78c8022,ETH,0.5747,2781.29,1533.47201,-64.940879,20,
2026-09-24 14:01,SMART,119,0xb3162a3c788399d9ec236c67a5af083dd78c8022,SOL,13.51,118.5647,1552.8394,-48.970597,20,
2026-09-24 14:01,SMART,119,0xb3162a3c788399d9ec236c67a5af083dd78c8022,BNB,1.989,799.639,1547.02431,-43.457863,10,
2026-09-24 14:01,SMART,119,0xb3162a3c788399d9ec236c67a5af083dd78c8022,XRP,969.0,1.636606,1453.82946,-132.041794,20,
2026-09-24 14:01,SMART,120,0x734531e87f8c1643321355f7143fcc6169c4b404,BTC,5.0,76182.8,420950.0,40035.984415,20,
2026-09-24 14:01,SMART,120,0x734531e87f8c1643321355f7143fcc6169c4b404,ETH,50.0,2690.13,133415.0,-1091.780882,20,
2026-09-24 14:01,SMART,120,0x734531e87f8c1643321355f7143fcc6169c4b404,HYPE,65000.0,91.1282,6016692.5,93356.865966,10,72.765099482
2026-09-24 14:01,SMART,123,0xdee7297778b8755343e96e0b99eecf549195b856,BTC,3.0,76449.1,252570.0,23222.601963,40,
2026-09-24 14:01,SMART,123,0xdee7297778b8755343e96e0b99eecf549195b856,HYPE,2000.0,83.6023,185129.0,17924.331887,10,
2026-09-24 14:01,SMART,127,0xe48fe6012f97b6a13c0ce5cef314caf66e972deb,BTC,-0.17892,62875.3,15063.2748,-3813.613618,40,1100491.3390079848
2026-09-24 14:01,SMART,127,0xe48fe6012f97b6a13c0ce5cef314caf66e972deb,ETH,0.1835,2727.0,489.63305,-10.77145,25,
2026-09-24 14:01,SMART,127,0xe48fe6012f97b6a13c0ce5cef314caf66e972deb,HYPE,531.38,86.8804,49186.92401,3020.411386,10,
2026-09-24 14:01,SMART,128,0x7e19c25679a5f4cc1351e80d428ebe6df929adb1,BTC,0.00098,88695.3,82.5062,-4.41524,40,
2026-09-24 14:01,SMART,129,0xafe4b3fb69024f240dce32270dede23c85154a21,HYPE,0.01,92.0439,0.925645,0.005206,3,
2026-09-24 14:01,SMART,130,0x9e2cbb5d800181c1ef21b25010dc4ea80eeb5508,BTC,240.0,83979.1,20205600.0,50598.7749,20,80805.5028151224
2026-09-24 14:01,SMART,132,0x553f458951c0cf43875a378568c8c7ab93ae091e,ETH,35.679,2761.84,95202.2757,-3337.4938,25,1470.5344748326
2026-09-24 14:01,SMART,132,0x553f458951c0cf43875a378568c8c7ab93ae091e,SOL,1253.34,117.4913,144058.8996,-3197.7132,20,80.6681899491
2026-09-24 14:01,SMART,133,0x77ddcc4b6440b3a32b7802f053105c2fad3ae0e9,ETH,41228.487,2693.92,110014094.710800007,-1052153.9270800001,10,2514.8616345107
2026-09-24 14:01,SMART,137,0xf1245033de5669c24b7915256afb598ac3245bf1,ETH,-150.0,1616.27,400260.0,-157818.45072,20,7641.1152848693
2026-09-24 14:01,SMART,138,0x6e4d47dad1e97833f4ecb0ef56347ba8e6fd1c0e,HYPE,-8500.36,73.4678,786784.82124,-162281.367299,6,138.5595623766
2026-09-24 14:01,SMART,140,0x250b6caa76cf8c72b8ecd546d78dc096fa8eb824,HYPE,3479.17,79.4148,322028.49603,45730.5823,10,41.7414532913
2026-09-24 14:01,SMART,142,0x2826611d1fda9e3c947d6a644c94cadee27a74aa,BTC,2.0,83396.8,168384.0,1590.34581,10,31647.3456359494
2026-09-24 14:01,SMART,142,0x2826611d1fda9e3c947d6a644c94cadee27a74aa,XRP,120000.0,1.538266,180040.68,-4551.319996,10,0.6133672704
2026-09-24 14:01,SMART,142,0x2826611d1fda9e3c947d6a644c94cadee27a74aa,HYPE,1000.0,95.6545,92559.0,-3095.5,10,
2026-09-24 14:01,SMART,150,0x68a82030ee49af0dd0d1880da1aa18e0e97f003c,ETH,-370.4116,2744.7,988406.3134400001,28266.05765,25,3107.9666210455
2026-09-24 14:01,SMART,150,0x68a82030ee49af0dd0d1880da1aa18e0e97f003c,HYPE,-2383.3,83.0613,220595.8647,-22635.86,10,158.9243585233
2026-09-24 14:01,SMART,153,0x770493a14c49ea81192b5191a536f0530041311b,HYPE,735.0,91.8807,68037.48,505.09311,3,
2026-09-24 14:01,SMART,154,0x215d41b79d0aa6a8cf5f25377a88b612746af80a,SOL,-5425.0,112.5062,623712.25,-13365.814,20,140.3692980996
2026-09-24 14:01,SMART,155,0xb00b18b3bf6ecc43e6235ee69424d4a220437a4d,ETH,45.2503,2548.38,120759.47561,5444.116332,25,
2026-09-24 14:01,SMART,155,0xb00b18b3bf6ecc43e6235ee69424d4a220437a4d,HYPE,940.36,88.0794,87047.24448,4220.862063,10,
2026-09-24 14:01,SMART,156,0x36c097864a03c7f0215c0d43165a734152a12e0b,BTC,0.35873,82935.6,30205.066,453.56126,40,
2026-09-24 14:01,SMART,156,0x36c097864a03c7f0215c0d43165a734152a12e0b,ETH,-6.0,2700.0,16012.2,187.8,25,70173.3601598039
2026-09-24 14:01,SMART,157,0x541e077ac38c56d7bf590924d249c60b0c80071d,BTC,-87.54047,83648.6,7370907.574,-48267.64209,40,105375.3059907007
2026-09-24 14:01,SMART,157,0x541e077ac38c56d7bf590924d249c60b0c80071d,ETH,-1831.0,2636.62,4886389.7000000002,-58737.326111,25,3673.651457901
2026-09-24 14:01,SMART,157,0x541e077ac38c56d7bf590924d249c60b0c80071d,XRP,-1000.0,1.54466,1500.5,44.16,20,1832.5906871268
2026-09-24 14:01,SMART,157,0x541e077ac38c56d7bf590924d249c60b0c80071d,HYPE,-25070.22,89.6078,2320700.1249600002,-74211.808701,10,163.8674461843
2026-09-24 14:01,SMART,160,0x8c364082b2d8151ef4e06f6b6cef395030c9bc00,BTC,1.2,85321.5,101040.0,-1345.9,40,64976.9650734177
2026-09-24 14:01,SMART,160,0x8c364082b2d8151ef4e06f6b6cef395030c9bc00,ETH,16.0,2676.3,42699.2,-121.6,25,2623.6034232143
2026-09-24 14:01,SMART,162,0x337189f12dccb10013de352f56ba34dc91b580d3,BTC,2.85928,82428.6,240751.376,5064.733787,35,41528.3359270051
2026-09-24 14:01,SMART,162,0x337189f12dccb10013de352f56ba34dc91b580d3,HYPE,638.65,89.6181,59118.5532,1883.933361,10,
2026-09-24 14:01,SMART,166,0x046b6365a06df14ff841e9e3110234b36f956b3e,HYPE,893.79,66.7953,82725.448482,23024.438082,10,51.7411121946
2026-09-24 14:01,SMART,167,0x7f47bf4025bd2178741058a10cd829e406ef4d0c,HYPE,7688.63,95.7194,711627.300554,-24324.213476,2,4.5969024819
2026-09-24 14:01,SMART,172,0x194a3c3dea1c9e90f164109fecc649767dc99870,BTC,1.91898,78491.6,161587.7109,10963.740993,10,
2026-09-24 14:01,SMART,172,0x194a3c3dea1c9e90f164109fecc649767dc99870,ETH,60.2441,2506.07,160773.42967,9797.249429,10,
2026-09-24 14:01,SMART,172,0x194a3c3dea1c9e90f164109fecc649767dc99870,SOL,344.67,113.74,39630.1566,427.3908,10,
2026-09-24 14:01,SMART,172,0x194a3c3dea1c9e90f164109fecc649767dc99870,BNB,26.154,764.728,20347.28892,346.58797,10,
2026-09-24 14:01,SMART,172,0x194a3c3dea1c9e90f164109fecc649767dc99870,XRP,17793.0,1.405142,26701.9551,1700.2615,10,
2026-09-24 14:01,SMART,174,0x346fcc8d0e0771f7cb5605fd08e96e57d05daede,BTC,21.76677,85750.0,1832870.86785,-33629.65965,15,81103.691163286
2026-09-24 14:01,SMART,175,0x76c2164fc79492401db1890db0d17d16b9155aa0,BTC,1.0,78539.2,84205.0,5665.796237,40,
2026-09-24 14:01,SMART,179,0x3ab38dee6ba252823b3ceba95390726cf1962a73,ETH,76.2797,2642.7,203567.63539,1982.57437,25,2590.1469564093
2026-09-24 14:01,SMART,179,0x3ab38dee6ba252823b3ceba95390726cf1962a73,HYPE,2750.66,93.149,254589.536828,-1631.697432,10,74.3298795152
2026-09-24 14:01,SMART,180,0xf47fe5f0f6c3ebfde365e34e6d15fb2ed4c39cdb,ETH,50.3379,2658.91,134336.75373,492.78309,25,1541.0442564253
2026-09-24 14:01,SMART,181,0xdf57c6827cac4ebe4ad60434388da1fd0c4c93f5,BTC,-1.41424,84340.0,119086.0792,190.9224,2,124918.9268351959
2026-09-24 14:01,SMART,182,0x4bc9a771cd2c96cb2a4501f2c049402b4e7e11b3,ETH,29.6871,2615.07,79225.96377,1591.83363,5,2139.778779232
2026-09-24 14:01,SMART,186,0xd123de25c88ac1293ca793420919ee3b3314452c,HYPE,1014.22,87.179,93871.943476,5453.17378,10,50.6087826175
2026-09-24 14:01,SMART,192,0x855b77fc563bb5a2c062b9ad3bdf7984883ee8b8,HYPE,5289.62,78.5089,489585.010796,74302.509276,5,
2026-09-24 14:01,SMART,194,0x97be9c7904f9c772a3efbf9e10286b91ba8a773e,BTC,0.06053,76230.2,5096.92865,482.712629,40,78963.7055796163
2026-09-24 14:01,SMART,195,0x760ec8576c2dc5dba2655f7b948c0689b02b6cb0,BTC,0.3,84729.0,25261.5,-157.2,40,47147.7693265823
2026-09-24 14:01,SMART,195,0x760ec8576c2dc5dba2655f7b948c0689b02b6cb0,HYPE,100.0,93.5,9255.58,-94.42,10,
2026-09-24 14:01,SMART,200,0x07aa5fbcf73fe9ce5ee42508be7185eeca77e134,BTC,8.0,84593.6,673640.0,-3108.805182,40,54055.6436934177
2026-09-24 14:01,SMART,200,0x07aa5fbcf73fe9ce5ee42508be7185eeca77e134,ETH,100.0,2692.44,266870.0,-2374.917992,25,238.292705898
2026-09-24 14:01,SMART,200,0x07aa5fbcf73fe9ce5ee42508be7185eeca77e134,HYPE,160.41,93.5479,14846.875878,-159.156922,10,
2026-09-24 14:01,DUMB,1,0x4ba80c235b537573696166bdc01d78176bc2beec,BNB,-0.941,798.595,732.07918,19.39959,10,92000.8532058094
2026-09-24 14:01,DUMB,1,0x4ba80c235b537573696166bdc01d78176bc2beec,HYPE,-17.16,94.3817,1588.257528,31.332482,10,5094.9289751915
2026-09-24 14:01,DUMB,3,0x6fd96f1a38989407577e2eb2633af6d2e64d72ca,BTC,-0.58791,78244.5,49504.96155,-3504.235581,20,240586.8316453073
2026-09-24 14:01,DUMB,6,0x43b43f2a3b11c00c0f2d8fa6b2a610ca5cfd3f45,SOL,-120.0,141.8779,13797.6,3227.75,20,594.0498158374
2026-09-24 14:01,DUMB,6,0x43b43f2a3b11c00c0f2d8fa6b2a610ca5cfd3f45,BNB,-17.403,859.271,13539.18594,1414.71485,10,4002.6887857321
2026-09-24 14:01,DUMB,6,0x43b43f2a3b11c00c0f2d8fa6b2a610ca5cfd3f45,HYPE,-1147.44,69.4367,106202.227152,-26527.686498,10,141.4643329059
2026-09-24 14:01,DUMB,8,0x8a9683697f7e534d86d9e5e433ed725047991954,BTC,-7.47512,85602.1,629285.50208,10600.799717,10,188373.7889454254
2026-09-24 14:01,DUMB,8,0x8a9683697f7e534d86d9e5e433ed725047991954,ETH,-27.4199,2305.63,73172.74514,-9952.479045,10,30863.6143991672
2026-09-24 14:01,DUMB,8,0x8a9683697f7e534d86d9e5e433ed725047991954,SOL,-6772.65,89.719,778625.157165,-170989.121667,8,228.5602225342
2026-09-24 14:01,DUMB,8,0x8a9683697f7e534d86d9e5e433ed725047991954,HYPE,444.3,91.253,41122.98624,579.25667,3,
2026-09-24 14:01,DUMB,9,0xdfe5195e7cc1a2eca9b0df09d4646472a8c4a402,BTC,-85.0,66045.1,7155640.0,-1541805.8442530001,20,97018.9570996078
2026-09-24 14:01,DUMB,10,0x2a3bff139d7326093e47c0aa2f04f37e550803df,HYPE,1149.71,96.15,106413.478528,-4131.137972,3,67.5220046273
2026-09-24 14:01,DUMB,13,0xfe7ce058edc7cfcde9ef8262ba51f8d4796ab7ae,BTC,0.00004,83953.0,3.36736,0.00924,20,
2026-09-24 14:01,DUMB,13,0xfe7ce058edc7cfcde9ef8262ba51f8d4796ab7ae,ETH,-134.7964,2629.66,359717.67304,-5248.56058,20,95468.9547388491
2026-09-24 14:01,DUMB,13,0xfe7ce058edc7cfcde9ef8262ba51f8d4796ab7ae,XRP,17347.0,1.491582,26023.813277,149.338577,20,
2026-09-24 14:01,DUMB,13,0xfe7ce058edc7cfcde9ef8262ba51f8d4796ab7ae,HYPE,-69833.06,81.2354,6463524.5678080004,-790603.40014,10,266.5682115724
2026-09-24 14:01,DUMB,14,0x554b7ea027b5adfa28fc8dcfefa09afb2e1718bf,SOL,-300.0,110.7283,34489.83,-1271.33,20,464.3572655642
2026-09-24 14:01,DUMB,14,0x554b7ea027b5adfa28fc8dcfefa09afb2e1718bf,HYPE,-1000.0,80.3302,92556.8,-12226.56359,10,194.8784984867
2026-09-24 14:01,DUMB,15,0x1aae1bc09e1785c8cb00650db0c6015bd73b0c7e,HYPE,2012.16,94.4848,186239.090688,-3879.621252,10,87.0073791819
2026-09-24 14:01,DUMB,25,0x80502eebab4868079947433f51e16cdb58c38e9c,BTC,2.0,75759.1,168338.0,16819.68249,10,
2026-09-24 14:01,DUMB,25,0x80502eebab4868079947433f51e16cdb58c38e9c,SOL,254.05,98.48,29192.8855,4174.03804,20,
2026-09-24 14:01,DUMB,25,0x80502eebab4868079947433f51e16cdb58c38e9c,HYPE,314.42,79.5083,29099.571,4100.5699,10,
2026-09-24 14:01,DUMB,29,0x0e65e5b5f34792d0be85d5a6793150d92c52ce53,BTC,2.75,82401.0,231464.75,4862.0,40,75584.8814099885
2026-09-24 14:01,DUMB,29,0x0e65e5b5f34792d0be85d5a6793150d92c52ce53,HYPE,-200.0,93.7918,18510.0,248.36634,10,203.5559383143
2026-09-24 14:01,DUMB,30,0xf8d1735065e7e91ffe6b48c151da4246f5a06f1a,HYPE,29.16,83.1313,2698.758,274.647046,10,
2026-09-24 14:01,DUMB,34,0xb89a98d9bb5a2b744a38e793436f169bb735df15,SOL,182.26,116.9614,20943.4966,-373.9034,20,3.6964479259
2026-09-24 14:01,DUMB,36,0x6f5c0b5e696ecc523f6287eff09144e080dc18be,HYPE,28000.0,94.5533,2589776.0,-57718.04707,10,82.1835286123
2026-09-24 14:01,DUMB,37,0xb0088e7991b62ef58483e5f524ed9d482e5bac8b,HYPE,5000.0,93.6056,462460.0,-5568.228642,10,
2026-09-24 14:01,DUMB,38,0x4eea4d63de3150fab4a6dff2f361e3e0ef6a9f1e,BTC,0.27854,80712.0,23442.48348,960.963,4,61498.6346128502
2026-09-24 14:01,DUMB,38,0x4eea4d63de3150fab4a6dff2f361e3e0ef6a9f1e,ETH,12.8137,2493.9,34180.54475,2224.45832,5,2042.0598112225
2026-09-24 14:01,DUMB,38,0x4eea4d63de3150fab4a6dff2f361e3e0ef6a9f1e,SOL,342.24,101.39,39319.9536,4620.24,5,83.4658358357
2026-09-24 14:01,DUMB,38,0x4eea4d63de3150fab4a6dff2f361e3e0ef6a9f1e,BNB,96.864,725.359,75339.947424,5078.771744,10,689.7282505586
2026-09-24 14:01,DUMB,38,0x4eea4d63de3150fab4a6dff2f361e3e0ef6a9f1e,XRP,19313.0,1.39818,28955.9809,1952.9266,4,1.0805066079
2026-09-24 14:01,DUMB,39,0x43690e4576a3fde753af68db7ce5f445928c46fb,HYPE,96827.91,92.0808,8955807.0517200008,39813.079697,10,88.3026070764
2026-09-24 14:01,DUMB,43,0x51f63885534cb494f4592a0311551f369bff2b39,BTC,3.38815,83232.7,285153.4803,3148.355715,25,
2026-09-24 14:01,DUMB,43,0x51f63885534cb494f4592a0311551f369bff2b39,ETH,-349.9208,2564.74,933413.7340000001,-35956.625284,25,9456.8019293643
2026-09-24 14:01,DUMB,43,0x51f63885534cb494f4592a0311551f369bff2b39,SOL,-1.13,116.816,129.8257,2.176398,20,2092264.5311098644
2026-09-24 14:01,DUMB,43,0x51f63885534cb494f4592a0311551f369bff2b39,BNB,0.013,713.566,10.111283,0.834918,10,
2026-09-24 14:01,DUMB,43,0x51f63885534cb494f4592a0311551f369bff2b39,XRP,39174.0,1.488895,58733.5782,407.575916,20,
2026-09-24 14:01,DUMB,43,0x51f63885534cb494f4592a0311551f369bff2b39,HYPE,17216.38,83.4943,1592377.4189599999,154906.748131,10,
2026-09-24 14:01,DUMB,47,0x0525732803ba9aefa4f6986db7b858672be2d793,HYPE,1116.96,93.5368,103309.86432,-1167.00849,10,88.740250933
2026-09-24 14:01,DUMB,50,0xf8ae5f0d229618b4deead1b3901ed3134207b7d8,BTC,14.20523,75600.0,1195540.5672599999,121625.17926,20,51832.9310331655
2026-09-24 14:01,DUMB,51,0x646be0d5f96edd60d9933c4646b5d3ac165001dc,ETH,113.4329,2680.0,302582.26075,-1417.91125,10,
2026-09-24 14:01,DUMB,52,0xfb94d93d73b1a5398816c7d46e1590173371f82b,BTC,0.5,84527.1,42081.0,-182.58689,10,26165.6879412658
2026-09-24 14:01,DUMB,52,0xfb94d93d73b1a5398816c7d46e1590173371f82b,ETH,2.0,2665.1,5335.0,4.8,10,
2026-09-24 14:01,DUMB,52,0xfb94d93d73b1a5398816c7d46e1590173371f82b,HYPE,250.0,92.2496,23123.0,60.57752,10,
2026-09-24 14:01,DUMB,53,0xca5d54391006e79770110be2075c24c6699106c5,BTC,2.79045,83188.0,234849.8529,2717.8983,40,45862.9854151286
2026-09-24 14:01,DUMB,54,0x69d05f8f264252721f75125051939e0c2bda1e61,BTC,-12.12229,84174.6,1019908.86915,480.91424,10,104998.0849777304
2026-09-24 14:01,DUMB,55,0xf1e2783541c3edbe783c6b89e7cfd493c7894af5,ETH,-863.2065,2328.11,2301826.4528999999,-292182.222397,21,3956.5497000746
2026-09-24 14:01,DUMB,55,0xf1e2783541c3edbe783c6b89e7cfd493c7894af5,SOL,-13576.68,112.7007,1559145.9312,-29044.533724,20,196.4550408475
2026-09-24 14:01,DUMB,58,0x9673391104590b1014cc97e3eb1232b9ddfcbd6f,BTC,-7.99001,85592.1,672239.49135,11642.57582,3,112734.3725882634
2026-09-24 14:01,DUMB,60,0x58a1af958aa93b29fda0d7e29182cbf0bee84394,BTC,-5.6,82298.3,471156.0,-10285.306057,40,102287.0371239859
2026-09-24 14:01,DUMB,63,0x4a20b9496610941053858bd0b7e92493f44c3c26,BTC,140.0,79158.0,11778900.0,696766.46957,20,5442.7742852658
2026-09-24 14:01,DUMB,63,0x4a20b9496610941053858bd0b7e92493f44c3c26,ETH,3000.0,2428.72,7999800.0,713639.72055,20,
2026-09-24 14:01,DUMB,63,0x4a20b9496610941053858bd0b7e92493f44c3c26,SOL,120000.0,101.2648,13780800.0,1629019.9468,20,21.8553828627
2026-09-24 14:01,DUMB,64,0x35253444b02b147e258ffc8ce81e2b4df3336f34,BTC,5.87384,83504.7,494195.5284,3701.8584,20,45934.204160494
2026-09-24 14:01,DUMB,64,0x35253444b02b147e258ffc8ce81e2b4df3336f34,ETH,-119.7911,2740.89,319434.94726,8900.066831,20,4480.055498951
2026-09-24 14:01,DUMB,64,0x35253444b02b147e258ffc8ce81e2b4df3336f34,SOL,-1024.78,116.5061,117685.7352,1707.390075,20,325.7888300413
2026-09-24 14:01,DUMB,65,0xd4eeed940e2c0b4b13910128fad5e0bc987e759e,HYPE,-3300.39,83.3947,305045.14653,-29809.921611,10,184.0616881425
2026-09-24 14:01,DUMB,68,0x5647249079e257329ecb6f46ed41821d3c69e7de,BNB,-25.245,794.451,19627.4826,428.44759,10,94835.6731262579
2026-09-24 14:01,DUMB,68,0x5647249079e257329ecb6f46ed41821d3c69e7de,HYPE,-6.36,92.2884,587.83572,-0.8811,10,373441.3398101227
2026-09-24 14:01,DUMB,70,0x3a1720a300d42e0e5cf88d0e954166ec0638c120,HYPE,1161.92,90.4828,107393.94176,2260.10465,10,27.214360668
2026-09-24 14:01,DUMB,71,0xe3dff0777ae861aa9c5f9f8ef005df2f2be5223c,HYPE,-4184.56,91.3738,386770.51168,-4411.03013,10,149.4457221982
2026-09-24 14:01,DUMB,72,0xb0f094c9e85a0ee7b89214a3a67efbc131022cc0,BTC,-1.7855,83375.4,150199.831,-1332.92308,40,428886.1378028079
2026-09-24 14:01,DUMB,72,0xb0f094c9e85a0ee7b89214a3a67efbc131022cc0,ETH,-45.0,2643.29,119983.5,-1035.33034,25,16245.190471634
2026-09-24 14:01,DUMB,72,0xb0f094c9e85a0ee7b89214a3a67efbc131022cc0,HYPE,-25000.0,90.6376,2310700.0,-44759.57057,10,116.1716599104
2026-09-24 14:01,DUMB,75,0x0bdd18bfd439c7f0e04f2bd77ca82fe110f62071,BTC,-1.04534,75589.0,87936.09148,-8919.88622,4,93485.0219190307
2026-09-24 14:01,DUMB,78,0xef55c183135b0581120a66293b80166080f7f1a8,BTC,0.56459,80703.0,47494.43998,1930.33321,4,61491.7951913576
2026-09-24 14:01,DUMB,78,0xef55c183135b0581120a66293b80166080f7f1a8,ETH,25.9764,2492.51,69260.87532,4514.31741,5,2041.6471068009
2026-09-24 14:01,DUMB,78,0xef55c183135b0581120a66293b80166080f7f1a8,SOL,694.32,101.44,79721.8224,9290.0016,5,83.4997954582
2026-09-24 14:01,DUMB,78,0xef55c183135b0581120a66293b80166080f7f1a8,BNB,196.363,725.02,152664.770706,10297.544206,10,689.4628276042
2026-09-24 14:01,DUMB,78,0xef55c183135b0581120a66293b80166080f7f1a8,XRP,39147.0,1.397988,58667.65155,3940.58065,4,1.0804295984
2026-09-24 14:01,DUMB,82,0x5799df76eaf3b7c5714f1be1d8e61c5f568dde63,ETH,-20.0,2516.85,53326.0,-2988.9,25,9531.3780819608
2026-09-24 14:01,DUMB,90,0x75ed8c3d0ab4a1246d8ea316c76f1ec5c5fe69bd,BTC,3.36,80972.2,282649.92,10583.2,40,20367.4776549126
2026-09-24 14:01,DUMB,90,0x75ed8c3d0ab4a1246d8ea316c76f1ec5c5fe69bd,ETH,200.0,2435.11,533260.0,46237.4,25,1587.0270145867
2026-09-24 14:01,DUMB,90,0x75ed8c3d0ab4a1246d8ea316c76f1ec5c5fe69bd,SOL,200.0,96.5834,22964.0,3647.32,20,
2026-09-24 14:01,DUMB,90,0x75ed8c3d0ab4a1246d8ea316c76f1ec5c5fe69bd,HYPE,1000.0,91.0569,92428.0,1371.04,10,
2026-09-24 14:01,DUMB,91,0xf92ddf919186b80d8619a12e7f4379f678939b74,BTC,-31.70788,69421.7,2667330.2813599999,-466113.578359,20,100183.3794496572
2026-09-24 14:01,DUMB,91,0xf92ddf919186b80d8619a12e7f4379f678939b74,HYPE,-1010.0,34.5461,93352.28,-58460.632488,10,578.6497782904
2026-09-24 14:01,DUMB,92,0x50805e660ffc16694363e3273fe921dea3a89247,BTC,1.61066,74477.8,135491.94052,15533.41312,10,68591.1181223453
2026-09-24 14:01,DUMB,92,0x50805e660ffc16694363e3273fe921dea3a89247,ETH,54.7467,2192.16,145971.12621,25957.10008,10,2037.2731290523
2026-09-24 14:01,DUMB,93,0x30729cac1a6075e04a29c18078b486b2b118d04a,BTC,-0.00002,78500.0,1.68244,-0.11244,9,67450637981.1851806641
2026-09-24 14:01,DUMB,93,0x30729cac1a6075e04a29c18078b486b2b118d04a,HYPE,-22312.63,87.7574,2061827.5815689999,-103728.196569,9,150.7065590973
2026-09-24 14:01,DUMB,95,0xa70c463472ad96ade93b7d3aa3fe9f7041d1adc7,SOL,-175.3,82.15,20126.193,-5725.298,20,200.5010412978
2026-09-24 14:01,DUMB,95,0xa70c463472ad96ade93b7d3aa3fe9f7041d1adc7,HYPE,-215.35,56.152,19899.696705,-7807.355372,2,160.5000146738
2026-09-24 14:01,DUMB,99,0x1dc67adaf9f163c5b1a95043addbdfa1af58e512,BTC,-0.00285,84018.7,239.7477,-0.294153,40,8339176.5562053276
2026-09-24 14:01,DUMB,99,0x1dc67adaf9f163c5b1a95043addbdfa1af58e512,ETH,-0.0546,2664.7,145.5636,-0.070458,25,430393.3540903541
2026-09-24 14:01,DUMB,101,0x0bb50c5e0e8fb97f522ad9a9fffb6e1aff466bd3,ETH,-14.6763,2682.41,39127.0158,240.954873,7,4343.9601010059
2026-09-24 14:01,DUMB,103,0x98204f3c0b51900c7f0161dd9360ce195afe878b,BTC,0.09974,84128.0,8390.32828,-0.59844,1,39.5322014453
2026-09-24 14:01,DUMB,103,0x98204f3c0b51900c7f0161dd9360ce195afe878b,ETH,1.7565,2690.2,4682.829,-42.5073,1,1.915934982
2026-09-24 14:01,DUMB,103,0x98204f3c0b51900c7f0161dd9360ce195afe878b,SOL,24.97,115.7131,2866.8057,-22.552406,1,0.1248806054
2026-09-24 14:01,DUMB,105,0xdd6ee5e3f29077b534e5947373274f50f8ed0993,HYPE,-1000.0,82.1,92406.3,-10306.3,10,519.5791283705
2026-09-24 14:01,DUMB,113,0x767b51df44c57167cb48ba5ae5041b553b31bcbf,ETH,9.0,2617.3,23995.8,440.1,25,2510.7752375283
2026-09-24 14:01,DUMB,113,0x767b51df44c57167cb48ba5ae5041b553b31bcbf,HYPE,132.0,75.1201,12199.44,2283.575811,10,73.8216016029
2026-09-24 14:01,DUMB,114,0x6d73be36a571355736d7dd50d3fd69a503f23ac9,BTC,20.0,84297.9,1682440.0,-3519.69435,40,79060.8737426329
2026-09-24 14:01,DUMB,115,0x553378a8e56105ee837d12dcf4d4312336d38c06,HYPE,113.61,92.51,10499.8362,-10.232827,10,
2026-09-24 14:01,DUMB,117,0x6f82345d9d659b28648d2e57dd0a1a2d680141c6,BTC,23.02736,85677.7,1937107.5779200001,-35825.617345,20,77715.4727905402
2026-09-24 14:01,DUMB,118,0x6664201bfaa2c8a9eba60d02ee3932318f3d6293,BTC,4.0,84292.0,336488.0,-680.0,40,79564.1900341772
2026-09-24 14:01,DUMB,119,0xe036367b3a242644ecf315b223510b904cb49e5c,ETH,-40.0,2685.68,106648.0,779.226648,25,3672.4174468137
2026-09-24 14:01,DUMB,120,0x5e575b43153a6b23b028102f80d28d03b616146a,BTC,2.0,83959.2,168244.0,325.45138,40,68960.4221686076
2026-09-24 14:01,DUMB,122,0xdb284f152634dc2a5c4fb6cb37d1b85f938976c5,HYPE,1000.0,93.165,92420.0,-745.0,10,88.2988017137
2026-09-24 14:01,DUMB,123,0x766337d18e12df977b5f54516b2333e39e7dcb5a,BTC,5.49959,81741.3,462636.50998,13092.59778,3,
2026-09-24 14:01,DUMB,125,0xebe837cd345469cbc5d6e1fd3d15ee5079ac885f,BTC,139.12385,86270.4,11705185.1197500005,-297085.37947,3,58313.6218654462
2026-09-24 14:01,DUMB,126,0x899e32394e7c797baf48b6f77f7657799875393e,HYPE,-1200.48,84.7994,110948.3616,-9148.332172,10,215.4554841008
2026-09-24 14:01,DUMB,127,0xe2af8f54b54dd85978147ec505b63a77bdbde205,HYPE,29690.66,94.343,2744010.7971999999,-57097.03753,2,49.8136826397
2026-09-24 14:01,DUMB,128,0xa6672e789b5b36c93c2e9a779b8564cac99bbe12,BTC,3.0,84967.5,252405.0,-2497.727831,10,58731.5906855696
2026-09-24 14:01,DUMB,129,0x5c3f8fdc2c99cd27576f36d13446f33c58e67a24,HYPE,189.34,92.4099,17498.8028,1.908208,5,77.9114646723
2026-09-24 14:01,DUMB,130,0xf6bff435d5d49722cf49d621f6973a8789ecbb2b,BTC,-5.14,84076.3,432453.9,-301.319108,20,92638.1730247394
2026-09-24 14:01,DUMB,130,0xf6bff435d5d49722cf49d621f6973a8789ecbb2b,ETH,-15.77,2570.15,42050.705,-1519.28428,20,5417.6058608428
2026-09-24 14:01,DUMB,130,0xf6bff435d5d49722cf49d621f6973a8789ecbb2b,SOL,-1334.0,112.1532,153183.22,-3570.72,20,147.1937972823
2026-09-24 14:01,DUMB,132,0x75d0051e8bb42fa53ef1be9951963a69ad1adf0a,BTC,-5.94572,83955.0,500243.1522,-1070.2296,20,92077.1492233069
2026-09-24 14:01,DUMB,133,0x065612c177776f3c635dff181edf170f9c196a05,XRP,-400000.0,1.537545,599680.0,15338.3955,5,1.9891734807
2026-09-24 14:01,DUMB,134,0x36fbd89b5aa130b53708a98e729ad726daaf1f86,BTC,-6.0,67093.7,504810.0,-102247.482673,40,121876.0878808231
2026-09-24 14:01,DUMB,134,0x36fbd89b5aa130b53708a98e729ad726daaf1f86,ETH,-200.0,2194.84,533300.0,-94331.010001,25,3790.407396451
2026-09-24 14:01,DUMB,134,0x36fbd89b5aa130b53708a98e729ad726daaf1f86,HYPE,-1500.0,67.5122,138630.0,-37361.587807,10,237.9927675403
2026-09-24 14:01,DUMB,135,0x1432796dcc0eb353663123924e2d3c8aca05f320,BTC,0.47971,84122.4,40360.40085,6.03329,40,
2026-09-24 14:01,DUMB,135,0x1432796dcc0eb353663123924e2d3c8aca05f320,ETH,26.3619,2657.47,70294.00635,238.02478,25,
2026-09-24 14:01,DUMB,138,0x5fd21469ccb70dd5b6993995df727a56e2b3008d,HYPE,-800.0,92.5763,73936.0,125.1,10,176.1940294655
2026-09-24 14:01,DUMB,141,0x0079890e27b364b94ca5b967a9fc71400fb7d835,ETH,275.2962,2621.04,734077.3173,12513.40368,25,2543.8907914828
2026-09-24 14:01,DUMB,142,0xcf99e9871890745dd028862ed2e8de9526aee61b,BTC,-0.00043,79170.9,36.18493,-2.141401,20,178693193.7525122464
2026-09-24 14:01,DUMB,142,0xcf99e9871890745dd028862ed2e8de9526aee61b,BNB,-0.013,696.463,10.1075,-1.053475,10,5697620.8691575089
2026-09-24 14:01,DUMB,147,0x5ad96a3986b9d2cfab1d39c68002edd17263f5ef,BTC,-9.54159,85529.0,802934.34009,13148.415904,2,249515.9625941682
2026-09-24 14:01,DUMB,147,0x5ad96a3986b9d2cfab1d39c68002edd17263f5ef,ETH,-31.3137,2680.09,83516.76927,407.060561,2,52684.9156643647
2026-09-24 14:01,DUMB,147,0x5ad96a3986b9d2cfab1d39c68002edd17263f5ef,SOL,-1360.95,114.8883,156318.717,38.555152,2,1260.0913936782
2026-09-24 14:01,DUMB,147,0x5ad96a3986b9d2cfab1d39c68002edd17263f5ef,BNB,-59.07,777.012,45926.925,-28.783964,2,26534.9585738793
2026-09-24 14:01,DUMB,153,0xd6ccedf2af0e2885673f3e60cc43524333069c42,XRP,61823.0,1.620277,92715.9531,-7454.4503,3,1.109080174
2026-09-24 14:01,DUMB,154,0x588f53fe31b0202c18c478676753cc54a96fe3b2,ETH,2.8784,2651.96,7676.98064,43.5718,2,
2026-09-24 14:01,DUMB,154,0x588f53fe31b0202c18c478676753cc54a96fe3b2,SOL,67.93,113.51,7802.4398,91.7055,2,
2026-09-24 14:01,DUMB,154,0x588f53fe31b0202c18c478676753cc54a96fe3b2,BNB,9.636,760.78,7491.99,161.11392,2,
2026-09-24 14:01,DUMB,155,0x35f0851ef6516c5706107b86dbe09a62a311ab07,BTC,0.18,85094.7,15147.18,-169.87211,10,
2026-09-24 14:01,DUMB,155,0x35f0851ef6516c5706107b86dbe09a62a311ab07,SOL,-1.0,117.21,114.86,2.35,10,25717.7665609756
2026-09-24 14:01,DUMB,155,0x35f0851ef6516c5706107b86dbe09a62a311ab07,HYPE,220.0,93.9118,20340.54,-320.068483,10,
2026-09-24 14:01,DUMB,156,0xc3ed57a7a8fa374af47eba5dd713bc2946f800dd,BTC,-500.87798,83135.2,42149382.8949799985,-508790.09762,40,85579.2211447192
2026-09-24 14:01,DUMB,157,0x0e21ecedde58a8e077ef669a163044e70a62a3fb,BTC,-4.16898,76110.5,350823.83598,-33520.674447,40,110533.7341788728
2026-09-24 14:01,DUMB,157,0x0e21ecedde58a8e077ef669a163044e70a62a3fb,ETH,-152.53,2283.55,406812.763,-58501.673715,25,3382.8958947131
2026-09-24 14:01,DUMB,157,0x0e21ecedde58a8e077ef669a163044e70a62a3fb,HYPE,-1143.29,54.5851,105705.16353,-43298.509292,10,185.2251597066
2026-09-24 14:01,DUMB,158,0x7cf48053593d47d74b9ca5b86f1dfaf767b9d6e1,BTC,5.0,82670.7,420920.0,7566.39873,25,78907.9988028354
2026-09-24 14:01,DUMB,158,0x7cf48053593d47d74b9ca5b86f1dfaf767b9d6e1,ETH,40.0,2710.32,106728.0,-1685.0,20,2003.6526553316
2026-09-24 14:01,DUMB,160,0x07fb3d1557c56801ea69e63a89d41d23d2b875d3,HYPE,-5958.87,82.0862,551153.76291,-62012.263159,10,158.525801051
2026-09-24 14:01,DUMB,161,0x9824ea5b68c7a21881beea702e82f2d4cf13be68,ETH,4.0769,2452.82,10877.98458,878.0429,5,
2026-09-24 14:01,DUMB,164,0x1c4e4fce5570740188b54f0295ce71904877c8b0,HYPE,1400.0,92.8769,129490.2,-537.462118,5,
2026-09-24 14:01,DUMB,166,0x7ea90af38397575a372e36bdc0f5970fb512fc7f,BNB,-499.301,792.306,388331.35275,7268.04145,10,4102.8067123133
2026-09-24 14:01,DUMB,166,0x7ea90af38397575a372e36bdc0f5970fb512fc7f,HYPE,-1000.0,92.3951,92493.0,-97.82604,10,1752.6971415152
2026-09-24 14:01,DUMB,169,0x6752fd3edb8a9adf4db1eed002f7134cf7ae7a2f,BTC,-59.01668,83134.5,4968260.1891200002,-61937.763893,40,86368.5817629445
2026-09-24 14:01,DUMB,170,0x8e108f7c619ab460885edd0f84e313daf119c779,SOL,525.0,105.9435,60333.0,4712.6301,9,61.4515406027
2026-09-24 14:01,DUMB,173,0x775f5934f130b9787176ab7040281f859d1ee749,BTC,0.30992,83387.6,26090.30528,246.80568,20,
2026-09-24 14:01,DUMB,173,0x775f5934f130b9787176ab7040281f859d1ee749,ETH,0.612,2670.04,1632.9384,-1.130385,20,
2026-09-24 14:01,DUMB,173,0x775f5934f130b9787176ab7040281f859d1ee749,SOL,235.85,113.3845,27103.882,362.125,20,
2026-09-24 14:01,DUMB,173,0x775f5934f130b9787176ab7040281f859d1ee749,BNB,10.397,767.169,8086.26675,110.00972,10,
2026-09-24 14:01,DUMB,173,0x775f5934f130b9787176ab7040281f859d1ee749,XRP,-23691.0,1.46638,35548.3455,-808.3307,20,7.2624828524
2026-09-24 14:01,DUMB,173,0x775f5934f130b9787176ab7040281f859d1ee749,HYPE,121.4,95.1376,11228.6502,-321.06084,10,
2026-09-24 14:01,DUMB,180,0x33e17f809abbe66ff6a8fdaf291dafd9307f1ac3,ETH,333.9776,2684.4,891119.03232,-5412.988143,5,2192.8887676287
2026-09-24 14:01,DUMB,181,0x4680ca304e9c67f06f8683b2cc431523c046670e,BTC,-2.49092,86424.0,209695.60928,5579.87574,3,160834.1350033197
2026-09-24 14:01,DUMB,183,0xb65394e333ea64b2bbe119c4c33d9821c8fe6c1f,BTC,1.24074,84165.0,104450.45616,23.57406,20,48320.727761689
2026-09-24 14:01,DUMB,183,0xb65394e333ea64b2bbe119c4c33d9821c8fe6c1f,HYPE,617.61,92.4057,57124.60173,53.88811,10,17.6019574642
2026-09-24 14:01,DUMB,184,0x5f875116699987a9f6007c2e18c34e26ce5577f6,BTC,20.0,85945.2,1683680.0,-35225.10992,15,74258.1980035949
2026-09-24 14:01,DUMB,186,0x85e410e4c535cb1709dbd36468f132037a5b2087,BTC,-1.0,71909.5,84184.0,-12274.5,40,993038.0078439506
2026-09-24 14:01,DUMB,186,0x85e410e4c535cb1709dbd36468f132037a5b2087,HYPE,-10000.0,71.7518,924930.0,-207412.0,10,180.1324936135
2026-09-24 14:01,DUMB,187,0x75832054440dbfb1dce2cf0cc0e1deaa1e3505fa,HYPE,750.0,95.1215,69369.75,-1971.39207,10,
2026-09-24 14:01,DUMB,188,0x77eeda199553e33b246e4b4666849b9ad0972902,BTC,-59.68604,78648.3,5024609.59136,-330402.075671,40,184875.5047722928
2026-09-24 14:01,DUMB,188,0x77eeda199553e33b246e4b4666849b9ad0972902,ETH,4.6877,1885.75,12507.72114,3667.848837,25,
2026-09-24 14:01,DUMB,188,0x77eeda199553e33b246e4b4666849b9ad0972902,SOL,-23326.03,105.2991,2680627.3676,-224416.214014,20,369.424774124
2026-09-24 14:01,DUMB,192,0x83f61fc18d16df1fcc70af418d9817dc13111b9c,SOL,3243.16,132.9853,372703.9472,-58588.80873,3,34.8221022747
2026-09-24 14:01,DUMB,194,0xc95a65ae949552209d1d23eb43c7a2892c05a287,HYPE,1609.8,92.9225,148895.2314,-691.56888,8,85.6678270514
2026-09-24 14:01,DUMB,197,0x3e836d156d3c7444f14c2c33cb678b585239e79e,BTC,-2.84897,78962.7,239837.69048,-14875.316269,20,90939.3666127637
